random seed= 13679
np.random seed= 13679
Namespace(equation_name='/home/jiangnan/PycharmProjects/scibench/data/unencrypted/equations_trigometric/sincos_nv4_nt46_prog_8.in', optimizer='L-BFGS-B', metric_name='neg_mse', num_episodes=5000, noise_type='normal', noise_scale=0.0, cv_mcts=True)
--------------------
eq_name 	 sincos_nv4_nt46_prog_8
num_vars 	 4
dim 	 [1, 1, 1, 1]
vars_range_and_types 	 [{"name": "LogUniform", "range": [0.1, 10], "dim": [1], "only_positive": true}, {"name": "LogUniform", "range": [0.1, 10], "dim": [1], "only_positive": true}, {"name": "LogUniform", "range": [0.1, 10], "dim": [1], "only_positive": true}, {"name": "LogUniform", "range": [0.1, 10], "dim": [1], "only_positive": true}]
function_set 	 ['add', 'sub', 'mul', 'sin', 'cos', 'const']
eq_expression 	 add,0.8487,add,mul,0.7605,sin,X0,add,mul,0.7617,sin,X2,add,mul,0.5757,X3,add,mul,-0.8632,X1,add,mul,0.3964,mul,sin,X1,sin,X3,add,mul,0.5416,mul,cos,X3,sin,X2,add,mul,0.7149,mul,X0,X3,add,mul,0.3957,mul,cos,X1,sin,X2,add,mul,-0.937,mul,X0,sin,X2,mul,-0.7331,mul,X0,X1
simulated_exec 	 False
expr 	 -0.7331*X0*X1 + 0.7149*X0*X3 - 0.937*X0*sin(X2) - 0.8632*X1 + 0.5757*X3 + 0.7605*sin(X0) + 0.3964*sin(X1)*sin(X3) + 0.3957*sin(X2)*cos(X1) + 0.5416*sin(X2)*cos(X3) + 0.7617*sin(X2) + 0.8487
expr_obj_thres 	 0.01
--------------------
generation #: [30, 30, 30, 30] sum= 120
The production rules are: ['A->(A+A)', 'A->(A-A)', 'A->A*A', 'A->C']
++++++++++++ ROUND 0  ++++++++++++
xi is: 0 , new vf is: [1 0 0 0]
grammars: ['A->(A+A)', 'A->(A-A)', 'A->A*A', 'A->C', 'A->C*X0', 'A->C*sin(X0)', 'A->C*cos(X0)']
aug grammars: []
aug ntn nodes: []
num_rollouts: 50
	ITER 1/30...
uniform_random_policy...  [0, 1, 2, 3, 4, 5, 6]
simplified: 1.1691204280337324*cos(X0) 	 loss: 1.2108596107163196 	 reward -0.08292768867067768
state: f->A 	 action: A->C*cos(X0)
uniform_random_policy...  [0, 1, 2, 3, 4, 5]
simplified: -0.05638015035011068*X0 	 loss: 2.009413597804178 	 reward -0.302463501222021
state: f->A 	 action: A->C*X0
uniform_random_policy...  [0, 1, 2, 3, 5]
state: f->A 	 action: A->A*A
simplified: -0.11385768502909638*X0 + 1.7513871158540909*sin(X0) 	 loss: 0.7288176341639905 	 reward 0.1362859178665078
simplified: 0.98381436213790396*cos(X0) 	 loss: 1.3576182990710293 	 reward -0.13224736852193625
simplified: -0.00053139770717652092*X0**2*sin(X0) + 0.076066236008554223*X0*cos(X0) 	 loss: 2.044777053827368 	 reward -0.3081694759291337
simplified: 0.97571927412508565*sin(2*X0) 	 loss: 1.5983650881982372 	 reward -0.20286250234203568
simplified: 1.6080325549489614*sin(X0) 	 loss: 0.9691937566369091 	 reward 0.013535116081865722
simplified: 0.19464366726228525*X0*sin(X0) 	 loss: 1.764040202253995 	 reward -0.24552392257650182
simplified: 0.14496905963914127*X0*sin(X0) + 1.9280385321438524*sin(X0)*cos(X0) 	 loss: 1.4362891178466528 	 reward -0.155988329040239
simplified: -0.05017372739337067*X0 	 loss: 1.8725930803495747 	 reward -0.2713552741506948
simplified: -0.0114794853778347*X0**2*cos(X0) - 0.093657275369999512*X0*cos(X0)**2 + 0.10744955625908353*X0*cos(X0) 	 loss: 1.9124329369798208 	 reward -0.2765605166586753
simplified: 0.069194507097959308*X0*cos(X0) 	 loss: 1.9473144812543368 	 reward -0.2877038127008957
simplified: 0.15456387037495053*X0*sin(X0) + 0.098226277255459362*X0*cos(X0) 	 loss: 1.810275648274502 	 reward -0.2562021021132854
simplified: -0.050678879879973217*sin(X0)*sin(2*X0) + 1.5461101517329808*sin(X0)*cos(X0)**2 + 1.2459491173660812*sin(X0)*cos(X0) + 1.0398405653619845*sin(X0) 	 loss: 0.5169485471129069 	 reward 0.2808757470281581
simplified: 0.17257708301028447*X0*sin(X0) 	 loss: 1.7699994166932977 	 reward -0.24698271759338875
simplified: 3.4342026727444969*sin(X0)*cos(X0)**3 	 loss: 1.5273233239139472 	 reward -0.18246467587258777
simplified: 0.82835153331554973 	 loss: 1.1907789030677356 	 reward -0.07552826183990169
simplified: 0.08725447740148314*X0*cos(X0) 	 loss: 1.9765313139943386 	 reward -0.2929579424468403
simplified: 0.094900513215738826*X0*sin(X0) + 2.163391354056661*sin(X0)*cos(X0) 	 loss: 1.4762636285910533 	 reward -0.16815147052416507
simplified: -0.02154179871508823*X0**2 	 loss: 1.8133128227648636 	 reward -0.257440391528733
simplified: 1.478947045827622*sin(X0) 	 loss: 1.0810050466201278 	 reward -0.033692613386255565
simplified: -0.19512868020747065*X0*cos(X0) + 0.66497770283638592*sin(X0)*cos(X0) + 1.3466891732742306*cos(X0) 	 loss: 1.040876063278589 	 reward -0.017260315337280768
simplified: 0.1268604390339733*X0*sin(X0) 	 loss: 1.9835263916128465 	 reward -0.2962500148157888
simplified: 0.76103077828356641*sin(2*X0) 	 loss: 1.6449467942255547 	 reward -0.21528854389164503
simplified: 0.042786207396656287*X0*cos(X0) 	 loss: 1.9371523292029944 	 reward -0.28601683982610715
simplified: 0.040013731444893489*X0**2 + 0.0064513524929711347*X0*sin(2*X0) + 0.028513544726413865*X0*cos(2*X0) - 0.78874484436663442*X0 - 0.10515702596998832*sin(2*X0) - 0.46477069212366504*cos(2*X0) + 2.2252942275815492 	 loss: 0.09296821671842964 	 reward 1.017315689508264
simplified: 1.0038722791972987*sin(2*X0) 	 loss: 1.4526739593916482 	 reward -0.16152045119916475
simplified: -0.02167386195528391*X0**2 	 loss: 1.8149710482430967 	 reward -0.2578357750961487
simplified: 1.190268130123486*cos(X0) 	 loss: 1.128855813011964 	 reward -0.05232343139502251
simplified: 0.99325072110669475*cos(X0) 	 loss: 1.3195660124521926 	 reward -0.11995011868441684
simplified: -0.14558469783088473*X0*sin(X0) - 0.23325769136400315*X0 + 1.0690307013300671*sin(X0)**2 + 1.7128148569512145*sin(X0) 	 loss: 0.6104721575471411 	 reward 0.2122004165728054
simplified: 0.57450665305478816*sin(2*X0) + 0.47979299629462532*cos(2*X0) + 0.47979299629462532 	 loss: 1.1262777284469185 	 reward -0.051336396924732096
simplified: -0.02002970930820296*X0**2 	 loss: 1.714192888337236 	 reward -0.2331248536810256
simplified: 0.88992850787903145*sin(2*X0) 	 loss: 1.617170713707261 	 reward -0.20792209606844897
simplified: 0.076880293977343485*X0*cos(X0) 	 loss: 2.033754560102646 	 reward -0.3058407665231325
simplified: -0.02157616717419925*X0**2 	 loss: 1.675445184561771 	 reward -0.2232350466081365
simplified: 1.5545626810200996*sin(X0) 	 loss: 1.0677152793110372 	 reward -0.02834180643459856
simplified: 1.6756073202008035*sin(X0)*cos(X0) + 1.2699035657186292*sin(X0) 	 loss: 0.8806535552499836 	 reward 0.05475489040287852
simplified: 0.10125052776991714*X0*cos(X0) 	 loss: 2.0380224445894033 	 reward -0.3079739807165806
simplified: 1.1188085902632329*sin(X0)**2 	 loss: 1.6781658869965628 	 reward -0.22393689725687607
simplified: 0.13920247734424218*X0*sin(X0) + 1.9884935123899439*sin(X0)*cos(X0) 	 loss: 1.4013082289934342 	 reward -0.14536549771904386
simplified: 0.084650320417814183*X0*sin(X0) + 0.019295712659604243*X0*cos(X0) 	 loss: 1.8425263846754731 	 reward -0.2638252092091624
simplified: 0.42821373632296827*sin(X0)*cos(X0) + 1.5027284374280516*sin(2*X0)*cos(X0) + 0.22713665025511403*cos(X0)**2 + 0.32436119390105889*cos(X0) 	 loss: 0.7466093956265751 	 reward 0.12439238624548286
simplified: 0.083670789617575173*X0*cos(X0) 	 loss: 1.9880734827191449 	 reward -0.29724049232221944
simplified: 1.7430779426793611*sin(X0) 	 loss: 0.9917265423074726 	 reward 0.003593652649015348
simplified: 0.090020430553847358*X0*cos(X0) + 1.032074065450431*cos(X0)**2 	 loss: 1.447592513123603 	 reward -0.1596848568071862
simplified: 0.024467525672999466*X0*cos(X0) + 2.692845365969365*sin(X0)*cos(X0) 	 loss: 1.2168059460324936 	 reward -0.08471127194654221
simplified: 0.80278965068649561 	 loss: 1.3074109655181816 	 reward -0.11525322652906571
simplified: -0.18115284522101362*X0*cos(X0) + 1.4872130580455816*cos(X0) 	 loss: 1.0659008368273981 	 reward -0.027440879073346722
simplified: 0.54822491831846026*sin(X0)**2*cos(X0) + 1.6473993201572288*sin(X0)*cos(X0) 	 loss: 1.6555013323069203 	 reward -0.21718421610323402
simplified: 1.0529260248099475*cos(X0)**2 	 loss: 1.3977723651814031 	 reward -0.14485557619118314
simplified: 0.0060623015665771333*X0**3*cos(X0) - 0.0045505094749853003*X0**2*sin(X0)*cos(X0) - 0.2011724758458275*X0**2*sin(X0) - 0.0036945408647438817*X0**2*cos(X0)**2 - 0.041086245302692499*X0**2*cos(X0) + 0.15100490257523747*X0*sin(X0)**2 + 0.12260029045268291*X0*sin(X0)*cos(X0) + 1.3634131525757191*X0*sin(X0) 	 loss: 0.9127887539574822 	 reward 0.03845790682847856
uniform_random_policy...  [0, 1, 3, 5]
simplified: 1.4655892618054158*sin(X0) 	 loss: 1.0970167392583914 	 reward -0.04013286818155072
state: f->A 	 action: A->C*sin(X0)
uniform_random_policy...  [0, 1, 3]
state: f->A 	 action: A->(A+A)
simplified: 1.324725599430665*sin(X0) + 0.40934673547985617 	 loss: 0.8374295688004119 	 reward 0.0767439638377592
simplified: -0.15316774333234585*X0 + 1.825218022851162*sin(X0) 	 loss: 0.7193401739101841 	 reward 0.14220943344239564
simplified: -0.017144865429351212*X0**3*cos(X0)*cos(2*X0) + 0.019330479356270126*X0**3*cos(X0) + 0.0049623744317323648*X0**2*sin(2*X0)*cos(X0) + 0.14215414100819835*X0**2*cos(X0)*cos(2*X0) - 0.14215414100819835*X0**2*cos(X0) - 0.007409100243351329*X0 	 loss: 1.8267601628829992 	 reward -0.2539438623598679
simplified: 1.739400669310622 - 0.42300732402184096*X0 	 loss: 0.15507955567831688 	 reward 0.8046009047624532
simplified: 0.7037212558469604*cos(X0) + 0.5985876544334915 	 loss: 1.0233085667320856 	 reward -0.009966643442960688
simplified: -0.3889452671630002*X0 + 0.7604999283017324*sin(X0) - 2.705875012075365e-8*cos(X0) + 1.4230734459252812 	 loss: 3.490717271891928e-14 	 reward 13.21690578341173
simplified: 0.54662046635681557*sin(2*X0) + 0.5551643452387905 	 loss: 1.2184033286076144 	 reward -0.08510714553455456
simplified: 1.7945160832638282 - 0.4320689416821906*X0 	 loss: 0.14110371178614525 	 reward 0.8386321832342031
simplified: -0.014504695157603463*X0**2*sin(X0)*cos(X0) - 0.2122590852635103*sin(X0)**2 + 1.8362375601891856*sin(X0) 	 loss: 0.9755180445656886 	 reward 0.010636224660704508
simplified: 0.14778981584476523*X0*sin(X0)*cos(X0) + 0.05141882836079511*X0*cos(X0) + 1.3440758419529766*sin(X0) + 0.3969136909538507 	 loss: 0.7458068881849144 	 reward 0.12585350524395533
simplified: -0.07105881695382592*X0 + 1.229955478896553*cos(X0) 	 loss: 1.1158325193576606 	 reward -0.04740890350318683
simplified: -0.1673419664680033*X0*cos(X0) + 1.497255904889541*cos(X0) 	 loss: 1.1241682547018947 	 reward -0.050527090673834374
simplified: 0.9979694743289301*sin(X0) + 0.71883795143633062*cos(X0) + 0.14297777142964782 	 loss: 0.7902957910413206 	 reward 0.10139550454538444
simplified: 1.5049609493349307*sin(X0) + 0.6719343675793039*cos(X0) 	 loss: 0.4846038367746377 	 reward 0.31335658554053114
simplified: -0.4169212774036749*X0 - 0.01621252930256729*cos(X0) + 1.7670087928247503 	 loss: 0.12713216311202796 	 reward 0.8886036378088131
simplified: 0.1526393062274496*X0*sin(X0) + 1.089574137611803*cos(X0) 	 loss: 1.1671575877592488 	 reward -0.06672772636817365
simplified: 1.0773751377492252*sin(X0) + 0.43899897554926154 	 loss: 1.0015827469168983 	 reward -0.0006827241323345025
simplified: 0.0062053064278142119*X0**2*cos(X0) - 0.16528400660120286*X0 + 1.766783002629108*sin(X0) 	 loss: 0.7483507624876894 	 reward 0.12389551489700494
simplified: 1.0947941285870693*sin(X0) + 0.3844811902886307 	 loss: 1.0470228388975138 	 reward -0.019876450162439226
simplified: 1.1747620346904615*sin(X0) + 0.4113492394820074 	 loss: 0.9230086282395132 	 reward 0.034585994974612295
simplified: 1.3384279999366364*sin(X0) + 0.6697340027131808*cos(X0) 	 loss: 0.7330481875671022 	 reward 0.13432881445365097
simplified: -0.030001762367551026*X0 + 0.9753720600298345*cos(X0) 	 loss: 1.3722132897993982 	 reward -0.1368727586211756
simplified: 1.4097797696002845*sin(X0) + 0.7087778175883502*cos(X0) 	 loss: 0.5827770543573805 	 reward 0.23356097183701813
simplified: 0.6060485195324444*cos(X0) + 0.6740589468369039 	 loss: 1.029400654206712 	 reward -0.012509121793506016
simplified: -0.12196099789388744*X0 + 1.751210689634133*sin(X0) 	 loss: 0.7781682213156558 	 reward 0.10849145589300915
simplified: 1.4116098203103822*sin(X0) + 0.7441127399048358*cos(X0) 	 loss: 0.6126551735201646 	 reward 0.21193403504346356
simplified: -0.0001726995373628833*X0**3*sin(X0)*cos(X0) - 0.0011643559816117655*X0**3*sin(X0) - 0.00079357814752376231*X0**3*cos(X0) - 0.0053503760175345151*X0**3 - 0.0013378001503166933*X0**2*sin(X0)*cos(X0)**2 - 0.0045142533278394926*X0**2*sin(X0)*cos(X0) - 0.0061473758485788659*X0**2*cos(X0)**2 - 0.020743615461067115*X0**2*cos(X0) + 0.03489999875481819*X0*sin(X0)*cos(X0)**2 + 0.1603702985158236*X0*cos(X0)**2 + 0.29613554227774321*sin(X0)**2 + 1.3607835819670473*sin(X0) + 0.918832476873876*cos(X0) 	 loss: 0.08124379306153882 	 reward 1.0622158535562602
simplified: -0.38894553082485895*X0 + 0.76050148772541624*sin(X0) + 1.4230741969922551 	 loss: 1.8578548345206895e-12 	 reward 11.590988034607555
simplified: 1.035531334308617*sin(X0) + 0.3452731345830983 	 loss: 1.117903531138627 	 reward -0.04811462709714526
simplified: 1.775928451029665 - 0.4367786130588811*X0 	 loss: 0.14428542863335886 	 reward 0.8357454557388665
simplified: 1.7666545954920527 - 0.41680547818721849*X0 	 loss: 0.12920480723872818 	 reward 0.8834023126233189
simplified: 1.7584738012380223 - 0.4347069889446956*X0 	 loss: 0.16016979546764903 	 reward 0.7922424708233625
simplified: -0.42503232616127457*X0 - 0.024088183031896361*cos(X0) + 1.7756880084659004 	 loss: 0.13445831650268697 	 reward 0.8644653828317079
simplified: -0.38894026558958657*X0 + 0.76050347923982773*sin(X0) + 1.8495439215098527e-5*cos(X0) + 1.423051121675238 	 loss: 1.368410082298363e-10 	 reward 9.70714134312424
simplified: 0.008448898696519483*X0**3 - 0.0087640707432818971*X0**2*cos(X0) + 0.43038220746818148*X0*cos(X0) - 1.0984148080418474*X0 - 1.5170496292040726*cos(X0) + 3.2078856193090894 	 loss: 0.0331985058070028 	 reward 1.438026984074254
simplified: 1.684675738206387*sin(X0) 	 loss: 0.8791259582276609 	 reward 0.05572543609180287
simplified: -0.13540890011574251*X0 + 1.669359096391253*sin(X0) 	 loss: 0.8098116945887381 	 reward 0.09088558829921232
simplified: 1.161452153379274*cos(X0) 	 loss: 1.2630664607649993 	 reward -0.10102110645513894
simplified: 0.9060579145853458*sin(X0)**2 + 1.1036401018574689*cos(X0) 	 loss: 1.0396736996867184 	 reward -0.016728845658538303
simplified: 0.24167140819864095*X0*sin(X0) + 0.0780682347055064*X0*cos(X0) - 0.07302701119739408*X0 	 loss: 1.8572100383879353 	 reward -0.26671764729336955
simplified: 0.19751422447570031*X0*sin(X0) + 1.0602636306048872*cos(X0) 	 loss: 1.1817148059265747 	 reward -0.07207868709942754
simplified: 1.02344362144517*cos(X0) 	 loss: 1.340830918731843 	 reward -0.1268652836347332
simplified: 0.04077200258511264*X0*cos(X0) + 0.91205817013116184 	 loss: 1.163453211744069 	 reward -0.06522476873680426
simplified: 1.2476913710418132*sin(X0) + 0.3974836271381058 	 loss: 0.9508182135094906 	 reward 0.02181502898215262
simplified: 1.2237897864625218*sin(X0) + 0.7607333953472128*cos(X0) 	 loss: 0.717438283660604 	 reward 0.14363945529616076
simplified: -0.07833189197698819*X0 + 1.0773567216528308*cos(X0) 	 loss: 1.1126898920114776 	 reward -0.04618892430089524
simplified: 0.005141904209306838*X0**2*cos(X0) - 0.4507423934555317*X0*sin(X0) - 0.12329694073916592*X0 + 2.9389878262998493*sin(X0) 	 loss: 0.3876622700038549 	 reward 0.4042012611683076
simplified: 0.0031752916956496252*X0**3*sin(X0)**2*cos(X0) - 0.051465184707826539*X0**2*sin(X0)**3 - 0.030284650913496165*X0**2*sin(X0)**2*sin(2*X0) + 1.2199115624846155*sin(X0)*cos(X0) + 1.9912230720494822*sin(X0) 	 loss: 0.5200514991298664 	 reward 0.2766624034152124
simplified: -0.3889428607668231*X0 + 0.76050719890755919*sin(X0) + 1.2447820821911238e-5*sin(2*X0) + 1.4230592266085051 	 loss: 7.185701683200678e-11 	 reward 10.022475693307719
simplified: 0.064546619057604567*X0*sin(X0) - 0.07054227908734426*X0*cos(X0) + 1.0582169163506576*cos(X0) + 0.4612107975755888 	 loss: 0.8974840603169372 	 reward 0.04613488604293584
uniform_random_policy...  [1, 3]
state: f->A 	 action: A->(A-A)
simplified: 1.1656050179850349*cos(X0) 	 loss: 1.1753647796696751 	 reward -0.06989240280976691
simplified: -0.1559741101837514*X0 + 1.6847477100230943*sin(X0) 	 loss: 0.8341498048737448 	 reward 0.07844139588948348
simplified: 0.23592592429181678*X0*sin(X0) - 0.0898495657940819*X0 	 loss: 1.7561288098533552 	 reward -0.24309269294773836
simplified: 1.7816264325858999 - 0.41705770338349246*X0 	 loss: 0.13405807138699047 	 reward 0.8674838637988408
simplified: 1.7934129066976385 - 0.44404845623093353*X0 	 loss: 0.13023258320193648 	 reward 0.8817445317581185
simplified: -0.07133534560080283*X0 + 1.105929036359641*cos(X0) 	 loss: 1.2051368746082023 	 reward -0.08039034862101976
simplified: -1.0791322741902845e-6*X0*sin(X0) - 0.38894627636412219*X0 + 0.76050441570394459*sin(X0) + 1.4230744303658975 	 loss: 1.2110963307673138e-11 	 reward 10.743456095612974
simplified: -0.10110745425517646*X0 + 1.8133038516375026*sin(X0) 	 loss: 0.8704328659091753 	 reward 0.060024021663402455
simplified: -0.3889418802963862*X0 + 0.76050811074858619*sin(X0) + 1.4230676622058668 	 loss: 7.907527630988892e-11 	 reward 9.803254117157438
simplified: -0.15376894764077734*X0 + 1.669317466595917*sin(X0) 	 loss: 0.8487873254135313 	 reward 0.07091673666149331
simplified: -0.095190142059721714*X0*cos(X0) + 0.13528870763556738*sin(2*X0) - 0.73439200156351457*cos(X0)**2 + 1.0380603309270915*cos(X0) + 0.88631011429237303 	 loss: 0.963453530110364 	 reward 0.015754040945208672
simplified: 1.1600068777275077*sin(X0) + 0.3783377453115411 	 loss: 1.0444508200446978 	 reward -0.018812556486846703
simplified: 1.1440578128800938*sin(X0) + 0.46665834043695675 	 loss: 0.8670861511106045 	 reward 0.06169037054534182
simplified: -0.3894955928398424*X0 + 1.2353742007234574*sin(X0)*cos(X0)**2 - 0.032451851975025371*sin(X0)*cos(X0) + 1.486347516820172 	 loss: 0.09315399069437588 	 reward 1.014428879182733
simplified: 0.88525216878576083 	 loss: 1.3871417205921226 	 reward -0.14155320287634998
simplified: 0.8527795945546006*cos(X0) + 0.5234046349559173 	 loss: 0.9232315091795722 	 reward 0.03455083226995887
simplified: -0.058399733950101478*X0*cos(X0) + 1.234212497735997*sin(X0) + 0.87206224747535345*cos(X0) + 0.10889027111627661 	 loss: 0.586059941660589 	 reward 0.22837275250303915
simplified: -0.3889456119640463*X0 + 0.760495361838642*sin(X0) + 1.4230758104977155 	 loss: 5.2783060768284736e-12 	 reward 11.142917204372539
simplified: -0.38894524762181636*X0 + 0.7604998870426507*sin(X0) + 2.9884847005370886e-7*cos(X0) + 1.4230731501785172 	 loss: 4.451577769490205e-14 	 reward 13.034708498259151
simplified: 0.739136217417526*cos(X0) + 0.6513352522323883 	 loss: 0.9426690996830785 	 reward 0.02553831951216556
simplified: 1.8315588861412242 - 0.43663123907861223*X0 	 loss: 0.13147246684367886 	 reward 0.877645810952125
simplified: 0.7886293967207599*cos(X0) + 0.48671101154042124 	 loss: 1.127965239197837 	 reward -0.051982725180089895
simplified: -0.14813670833543494*X0 + 1.709149226116673*sin(X0) 	 loss: 0.8242061146324116 	 reward 0.08362881462704454
simplified: 1.0966658912076332*sin(X0) + 0.5795419333329881 	 loss: 0.7099312647190192 	 reward 0.14818945479300077
simplified: -0.0536885823943778*X0 	 loss: 1.9124767894753292 	 reward -0.28047147685794216
simplified: -0.24145240509378903*X0*cos(X0) - 0.10265884957011634*X0 + 1.5903843740897534*cos(X0) 	 loss: 0.7886300200578735 	 reward 0.10128610909381591
simplified: 1.7572011737147508 - 0.4092237266065401*X0 	 loss: 0.1394985850594822 	 reward 0.8520136058073754
simplified: 1.065869594163594*cos(X0) 	 loss: 1.241016928015299 	 reward -0.09340315697556992
simplified: 1.760948030728279 - 0.4247417197047401*X0 	 loss: 0.12807353181411085 	 reward 0.8889758032269779
simplified: -0.14572254731381534*X0 + 1.9196467008732583*sin(X0) 	 loss: 0.8313485632703121 	 reward 0.07989646300458297
simplified: -0.1447852072787189*X0 + 1.426764822424334*sin(X0) + 0.7785362894944963*cos(X0) 	 loss: 0.4709749532315729 	 reward 0.32504507370068675
simplified: 1.044757940759256*cos(X0) 	 loss: 1.2584216875923602 	 reward -0.09942748807538798
simplified: -0.040275741283504651*X0**2*sin(X0) + 0.088617592385140432*X0*sin(X0)**2 + 0.058507737578473934*X0*sin(X0)*cos(X0) - 0.10776490533274797*X0 - 0.12873294630655156*sin(X0)**2*cos(X0) + 1.9659551950563139*sin(X0) + 0.5271238778540619*cos(X0) 	 loss: 0.3293378713632199 	 reward 0.47091388572690496
simplified: 1.3311738729267568*sin(X0) + 0.44536595340986196 	 loss: 0.7602980423294228 	 reward 0.11854077687451944
simplified: -0.014922555407117249*X0*sin(X0) + 0.7785251919802234 	 loss: 1.2987882881676975 	 reward -0.11285883434223193
simplified: -0.043949443230195225*X0**2 - 0.0026864190003259621*X0*cos(X0) - 0.023367339359509999*X0 + 1.3550061124739892 	 loss: 0.3346790891840462 	 reward 0.4659537741105424
simplified: -0.07735268514340458*X0 + 0.5131221176957756*sin(X0)*cos(X0) + 1.550944949816314*sin(X0) + 0.6579792074309677*cos(X0) 	 loss: 0.4084472831874903 	 reward 0.38499280074555137
simplified: 3.3578919835237782e-6*X0*sin(X0) - 0.38894814525308447*X0 + 0.76048197069303174*sin(X0) + 1.4230804152781182 	 loss: 4.63627137351845e-11 	 reward 10.149394866097916
simplified: 1.2707040314504017*sin(X0) + 0.91338510156518888*cos(X0) 	 loss: 0.635779649971133 	 reward 0.1955161632995274
simplified: -0.3889452742090707*X0 + 0.7605005054943841*sin(X0) + 1.423073164623781 	 loss: 6.702773676901458e-14 	 reward 13.042599230580565
simplified: 0.8287596425478557*cos(X0) + 0.4773873645297715 	 loss: 1.066119174610555 	 reward -0.02769469809880299
simplified: 1.2013221847050286*sin(X0) + 0.8741695280642915*cos(X0) 	 loss: 0.7250707345144274 	 reward 0.1390619822859026
simplified: -0.38894466251195995*X0 + 0.7605001894980884*sin(X0) + 1.4230722089561107 	 loss: 2.7797953236926665e-12 	 reward 11.41807549239168
simplified: 0.037303771623980672*X0**2*cos(X0) + 0.089805960878917063*X0*sin(X0) - 0.17176472302002968*X0*cos(X0) + 1.0219854243915263*sin(X0)*cos(X0) + 0.96655404558417274*cos(X0)**2 	 loss: 1.0648586484052953 	 reward -0.02659117074205935
simplified: 0.020067092806990225*X0*cos(X0) - 0.44134366905045301*X0 + 1.7934920113568955 	 loss: 0.12564912960520863 	 reward 0.8936589645256732
simplified: -0.4322726673269586*X0 - 0.06421984252240136*cos(X0) + 1.8094106241132755 	 loss: 0.12018605667564919 	 reward 0.9146388221810815
simplified: 1.757571094131968 - 0.41496981665251675*X0 	 loss: 0.14250785832452909 	 reward 0.8427816154895051
simplified: -0.4004985381989433*X0*sin(X0)**2 + 0.084656271103409099*X0*sin(X0) + 1.5195604141882278*sin(X0)*cos(X0)**2 + 0.97322607958706166 	 loss: 0.6963032643037961 	 reward 0.15347180229481538
simplified: -0.060921202211425704*X0 + 1.1716976664961458*cos(X0) 	 loss: 1.140947755906557 	 reward -0.05703703882432053
simplified: -2.9859385002798156e-6*X0*cos(X0) - 0.38894195899848504*X0 + 1.5765880253227743e-5*sin(X0)**2 + 0.76050000159843051*sin(X0) + 1.4508845611000957e-5*cos(X0) + 1.4230568223842089 	 loss: 7.89417729183324e-11 	 reward 9.86299649159714
uniform_random_policy...  [3]
simplified: 0.8195797255020421 	 loss: 1.3313168920658598 	 reward -0.12403300386963265
state: f->A 	 action: A->C
	ITER 2/30...
	Iteration 2/30...
#QN: 8
PRINT HOF (free variables=[1 0 0 0])
====================
        {'reward': 0.8817445317581185, 'pretty-eq': '1.7934129066976385 - 0.44404845623093353*X0', 'rules': 'f->A,A->(A-A),A->C*X0,A->C'}
------------------------------
neg_nmse -0.11458118190467921
neg_nrmse -0.3384984223075186
inv_nrmse 0.7471058488631158
inv_nmse 0.8971979935020307
neg_mse -0.150937532024898
neg_rmse -0.3885067979133673
neglog_mse -0.14057685548230092
inv_mse 0.8688568859516237
------------------------------
        {'reward': 1.017315689508264, 'pretty-eq': '0.040013731444893489*X0**2 + 0.0064513524929711347*X0*sin(2*X0) + 0.028513544726413865*X0*cos(2*X0) - 0.78874484436663442*X0 - 0.10515702596998832*sin(2*X0) - 0.46477069212366504*cos(2*X0) + 2.2252942275815492', 'rules': 'f->A,A->A*A'}
------------------------------
neg_nmse -0.06795020465646537
neg_nrmse -0.2606726005096534
inv_nrmse 0.7932273610100902
inv_nmse 0.9363732462804075
neg_mse -0.0895106510593148
neg_rmse -0.2991833067858479
neglog_mse -0.08572865145325098
inv_mse 0.9178432528656008
------------------------------
        {'reward': 11.142917204372539, 'pretty-eq': '-0.3889456119640463*X0 + 0.760495361838642*sin(X0) + 1.4230758104977155', 'rules': 'f->A,A->(A-A),A->(A-A),A->(A+A),A->A*A,A->C,A->C,A->C*X0,A->(A-A),A->C*sin(X0),A->C*sin(X0),A->C*X0'}
------------------------------
neg_nmse -4.155055660894464e-12
neg_nrmse -2.038395364225121e-06
inv_nrmse 0.9999979616087907
inv_nmse 0.9999999999958449
neg_mse -5.473445433677103e-12
neg_rmse -2.339539577283766e-06
neglog_mse -5.473399511387043e-12
inv_mse 0.9999999999945266
------------------------------
        {'reward': 13.042599230580565, 'pretty-eq': '-0.3889452742090707*X0 + 0.7605005054943841*sin(X0) + 1.423073164623781', 'rules': 'f->A,A->(A-A),A->A*A,A->C*sin(X0),A->C*X0,A->(A+A),A->(A+A),A->C*X0,A->C,A->C*sin(X0)'}
------------------------------
neg_nmse -5.723369089981413e-14
neg_nrmse -2.3923563885803916e-07
inv_nrmse 0.9999997607644184
inv_nmse 0.9999999999999427
neg_mse -7.539381170182385e-14
neg_rmse -2.745793358973392e-07
neglog_mse -7.549516567450779e-14
inv_mse 0.9999999999999245
------------------------------
        {'reward': 13.21690578341173, 'pretty-eq': '-0.3889452671630002*X0 + 0.7604999283017324*sin(X0) - 2.705875012075365e-8*cos(X0) + 1.4230734459252812', 'rules': 'f->A,A->(A+A)'}
------------------------------
neg_nmse -3.6536228447153705e-14
neg_nrmse -1.911445224094944e-07
inv_nrmse 0.9999998088555141
inv_nmse 0.9999999999999634
neg_mse -4.812909117920389e-14
neg_rmse -2.1938343414944505e-07
neglog_mse -4.818367926873063e-14
inv_mse 0.9999999999999518
------------------------------
====================
[0.8817445317581185, 1.017315689508264, 11.142917204372539, 13.042599230580565, 13.21690578341173] 10.0
Time usage of round 0 is 2.65 mins
MCTS:   11.77 KB, 
[('f->A,A->(A-A),A->C*X0,A->C', 0.8817445317581185, '1.7934129066976385 - 0.44404845623093353*X0'), ('f->A,A->A*A', 1.017315689508264, '0.040013731444893489*X0**2 + 0.0064513524929711347*X0*sin(2*X0) + 0.028513544726413865*X0*cos(2*X0) - 0.78874484436663442*X0 - 0.10515702596998832*sin(2*X0) - 0.46477069212366504*cos(2*X0) + 2.2252942275815492'), ('f->A,A->(A-A),A->(A-A),A->(A+A),A->A*A,A->C,A->C,A->C*X0,A->(A-A),A->C*sin(X0),A->C*sin(X0),A->C*X0', 11.142917204372539, '-0.3889456119640463*X0 + 0.760495361838642*sin(X0) + 1.4230758104977155'), ('f->A,A->(A-A),A->A*A,A->C*sin(X0),A->C*X0,A->(A+A),A->(A+A),A->C*X0,A->C,A->C*sin(X0)', 13.042599230580565, '-0.3889452742090707*X0 + 0.7605005054943841*sin(X0) + 1.423073164623781'), ('f->A,A->(A+A)', 13.21690578341173, '-0.3889452671630002*X0 + 0.7604999283017324*sin(X0) - 2.705875012075365e-8*cos(X0) + 1.4230734459252812')]
---------Freeze Equation----------
expr template is" C*X0 + C*sin(X0) + C*cos(X0) + C
simplified: 2.2308607173662622*X0 + 0.7605017181109799*sin(X0) + 2.752208781005659 	 loss: 5.3759898368409665e-11 	 reward 10.249012747394685
simplified: 0.5268649094661368*X0 + 0.7605175547126989*sin(X0) - 0.9606736369738862 	 loss: 1.081806804661985e-10 	 reward 9.94592855640208
simplified: 1.2208844610304115*X0 + 0.7604972588989435*sin(X0) + 1.6054807086136011 	 loss: 2.6146322470737345e-12 	 reward 11.559435790649912
simplified: 0.3498567734866352*X0 + 0.7604994368115358*sin(X0) + 2.8492510283594887 	 loss: 2.416546656201359e-13 	 reward 12.591583822706015
simplified: -1.936030463275858*X0 + 0.7604950190511691*sin(X0) - 3.171662164155642 	 loss: 7.558131058750978e-12 	 reward 11.099353532066111
[2.9526e-11 9.3889e-11 2.7247e-12 1.9586e-13 2.0898e-11]
std 1.3762811030615325	c0  is a summary constant
std 7.9951873588995e-06	c1 0.7605021975170654 is a stand-alone constant
std 2.295870273161429e-06	c2 is a noisy minial constant
std 2.3393224997815705	c3  is a summary constant
AUG grammars
['B->(A)*X0 + 0.7605021975170654*sin(X0) + 0.0*cos(X0) + (A)']
++++++++++++ ROUND 1  ++++++++++++
xi is: 1 , new vf is: [1 1 0 0]
grammars: ['A->(A+A)', 'A->(A-A)', 'A->A*A', 'A->C', 'A->C*X1', 'A->C*sin(X1)', 'A->C*cos(X1)']
aug grammars: ['B->(A)*X0 + 0.7605021975170654*sin(X0) + 0.0*cos(X0) + (A)']
aug ntn nodes: [['A', 'A']]
num_rollouts: 40
	ITER 1/30...
uniform_random_policy...  [7]
state: f->B 	 action: B->(A)*X0 + 0.7605021975170654*sin(X0) + 0.0*cos(X0) + (A)
simplified: 1.2704866169114544*X0*cos(X1) - 1.0305287931822038*X0 - 0.043680326421392963*X1*cos(X1)**2 - 0.53697125671966336*X1*cos(X1) - 1.6502745772718559*X1 + 0.7605021975170654*sin(X0) + 1.660623107946794*sin(X1)*cos(X1) + 1.5431396279139631*sin(X1) - 0.4556999589009532*cos(X1) 	 loss: 16.94867344537589 	 reward -1.2023767728756998
simplified: -1.3163681275680035*X0 + 0.5014322715223783*X1**2*cos(X1) - 3.9043962560366326*X1*cos(X1) + 0.7605021975170654*sin(X0) + 5.2726761226309991*cos(X1) 	 loss: 37.87033345233856 	 reward -1.5563459936355821
simplified: 0.09707853914613564*X0*cos(X1) - 2.4147806311277086*X1 + 0.7605021975170654*sin(X0) 	 loss: 43.167757003303905 	 reward -1.625373021114579
simplified: -0.7213580130057196*X0*X1 + 0.7605021975170654*sin(X0) + 0.8602738938921994*cos(X1) 	 loss: 7.0901022182671 	 reward -0.8472549869952302
simplified: -0.31645308451439267*X0*X1*sin(X1) - 2.720926188132375*X0*sin(X1)**2 - 0.28968568857926413*X0 + 0.7605021975170654*sin(X0) + 4.679675389795692*sin(X1) 	 loss: 50.749792358496904 	 reward -1.6850812427567947
simplified: -0.55032772690479026*X0*X1 - 0.9109742924547024*X1 + 0.7605021975170654*sin(X0) 	 loss: 3.570628075375936 	 reward -0.5494364278917458
simplified: -0.5514477271544215*X0*X1 - 0.8863115730561473*X1 + 0.7605021975170654*sin(X0) 	 loss: 4.232397721365945 	 reward -0.6240838830256599
simplified: 0.20843015503692078*X0*sin(X1) + 0.7605021975170654*sin(X0) - 3.314616074349851 	 loss: 49.12132866008422 	 reward -1.6845151657583746
simplified: -0.9005196335535184*X0*X1 + 1.1469905058466228*X0 + 0.7605021975170654*sin(X0) + 1.0130729940527945*sin(X1) - 2.3920154733471177 	 loss: 1.9405552041614742 	 reward -0.2856306397018676
simplified: -0.5819448481736494*X0*X1 + 0.3929154021376343*X0*cos(X1) - 0.8729326887934092*X1 + 0.7605021975170654*sin(X0) 	 loss: 2.2382257634447402 	 reward -0.34780970866950994
simplified: -0.11336772660913002*X0*X1**2 + 0.14250820822781614*X0*X1*sin(X1) + 0.7605021975170654*sin(X0) - 0.8448741981798238*sin(X1) 	 loss: 8.201371832217756 	 reward -0.9011749232000069
simplified: -0.9021684022777193*X0*X1 + 0.010754547909288587*X0*sin(X1) + 1.247378204526924*X0 + 0.7605021975170654*sin(X0) - 2.103435902007195 	 loss: 2.3010097625088184 	 reward -0.359033227041268
simplified: -0.08267446127676833*X0*X1**2 - 0.8820132777389266*X1 + 0.7605021975170654*sin(X0) - 0.012575153516994059*sin(2*X1) + 0.6445526717505189*cos(X1) - 0.1926876472355689 	 loss: 1.9156686999081758 	 reward -0.2783935063903095
simplified: 0.8589065571271407*X0*sin(X1) + 0.7605021975170654*sin(X0) - 4.230964753837575 	 loss: 56.13950115251253 	 reward -1.7422819636566342
simplified: -0.86826481003820672*X0*X1 + 0.07051327704239099*X0*sin(X1) + 0.11745790809498356*X0*cos(X1)**3 + 0.069788494920689892*X0*cos(X1)**2 - 0.09740259374230827*X0*cos(X1) + 1.0747787356854093*X0 + 0.7605021975170654*sin(X0) - 2.0586033626721787 	 loss: 2.2136959073035474 	 reward -0.3369296887387522
simplified: -0.70704327575422919*X0*X1 + 0.7605021975170654*sin(X0) + 1.411944225305357*sin(X1) - 0.79087974562450318 	 loss: 9.10387954841913 	 reward -0.9496772882833266
simplified: 0.06594745165416112*X0*sin(X1) - 2.866900094789384*X1 + 0.7605021975170654*sin(X0) - 0.44706943418846923*cos(X1) + 2.252420813366089 	 loss: 34.59942531649051 	 reward -1.526799342149336
simplified: -0.1604139291758652*X0*sin(X1) - 2.2917537321971503*X1 + 0.7605021975170654*sin(X0) + 1.8613003512705513*sin(X1) 	 loss: 29.986364709807077 	 reward -1.4651496995170532
simplified: -0.094575493562922503*X0*X1**2 + 0.7605021975170654*sin(X0) + 1.9814677553804763*cos(X1) - 2.112196856626479 	 loss: 5.979694352796043 	 reward -0.7704872576315198
simplified: -0.06040105337858499*X0*X1**2 + 0.063887751101335899*X0*X1*sin(X1) - 0.1486646586933236*X0*X1*cos(X1) - 0.20291501665434669*X0*X1 + 0.6589476311122832*X0*cos(X1) - 0.8771011305236565*X1 + 0.7605021975170654*sin(X0) 	 loss: 0.08151284283445534 	 reward 1.067204112088386
simplified: -0.5476121325384598*X0*X1 - 0.9397284183145125*X1 + 0.7605021975170654*sin(X0) 	 loss: 4.109580465365198 	 reward -0.6113459787064511
simplified: -0.21187441324323097*X0*sin(X1) + 0.13837611342797254*X0*cos(X1) + 0.7605021975170654*sin(X0) - 0.22128342414124355*cos(X1) 	 loss: 50.23124413978669 	 reward -1.6907935720101317
simplified: -0.2715960973102155*X0*X1*sin(X1) + 0.2130914900277334*X0*X1*cos(X1) - 1.9898198020806077*X1 + 0.7605021975170654*sin(X0) 	 loss: 23.067033497776464 	 reward -1.352125899869546
simplified: -0.7878368788916662*X0*X1 + 0.8801968092297592*X0*sin(X1) + 0.7605021975170654*sin(X0) - 1.4661634104027632*sin(X1) + 0.82952906222809654*cos(X1) 	 loss: 6.5040474898717555 	 reward -0.8050883624555583
simplified: -0.7499337136491787*X0*X1 + 0.7605021975170654*sin(X0) + 0.8568520686555786*sin(X1) 	 loss: 8.260240492591153 	 reward -0.9133302192836961
simplified: -1.6857542547708995*X0*sin(X1)**2 + 1.3221074077793457*X0*sin(X1) - 1.703299515223627*X1 + 0.7605021975170654*sin(X0) 	 loss: 10.574449118694982 	 reward -1.0160923117599696
simplified: -2.637739742155819*X0*sin(X1)**2 + 0.7605021975170654*sin(X0) - 2.351614603780055 	 loss: 71.85540832218047 	 reward -1.845348514650172
simplified: -0.7091587365865873*X0*X1 + 0.7605021975170654*sin(X0) + 0.39883274245664448*cos(X1)**2 	 loss: 8.669357646209896 	 reward -0.9323730492718393
simplified: 0.76596865509492819*X0*sin(2*X1) + 0.7605021975170654*sin(X0) + 0.4094468687897662*cos(X1) 	 loss: 49.09994344357415 	 reward -1.6809598383427173
simplified: 1.1614348572646696*X0*cos(X1) + 0.7605021975170654*sin(X0) - 4.7804178034368325 	 loss: 51.95968100448379 	 reward -1.7088140973829953
simplified: -0.1917990244158573*X0*X1*sin(2*X1) - 0.6507981096357264*X0*sin(X1) + 1.3594917296372562*X0*cos(X1) + 0.7605021975170654*sin(X0) - 0.580102468685633*cos(X1) 	 loss: 65.69585756063611 	 reward -1.7958470887841784
simplified: -0.7295305065029761*X0*X1 + 0.7605021975170654*sin(X0) + 0.8233893093114663*sin(X1) 	 loss: 8.076224178734709 	 reward -0.9035849716863681
simplified: 0.13663223080885153*X0*sin(X1) - 2.410460286095141*X1 + 0.7605021975170654*sin(X0) 	 loss: 21.57063120684767 	 reward -1.3285354001832876
simplified: -0.382925767602326*X0 - 2.08575864967957*X1 + 0.7605021975170654*sin(X0) 	 loss: 24.04654249033264 	 reward -1.3755367108026997
simplified: 0.5501682954121968*X0*cos(X1) + 0.7605021975170654*sin(X0) - 7.4188119056840767*sin(X1)**2 	 loss: 56.82749673061901 	 reward -1.7405710869563593
simplified: -0.5020858275897007*X0 - 1.9794956688207432*X1 + 0.7605021975170654*sin(X0) + 1.5548492613611857*cos(X1) 	 loss: 22.871046880115532 	 reward -1.3511506899538148
simplified: -0.17995003598450274*X0*sin(X1) + 0.7605021975170654*sin(X0) + 0.896083875138339*cos(X1) 	 loss: 66.71974716096449 	 reward -1.8169683125080018
simplified: -1.5138181378816682*X0 + 0.7605021975170654*sin(X0) + 1.8520817547526633*sin(X1) 	 loss: 75.60599791825969 	 reward -1.871053288816828
simplified: -0.4152220858347581*X0 + 0.7605021975170654*sin(X0) - 2.1577270263501824 	 loss: 43.071062091624206 	 reward -1.6276586374391415
simplified: 0.38737501996256039*X0*X1*sin(X1) + 2.5973123091779457*X0*sin(X1)*cos(X1) - 0.99431649939545043*X0*sin(X1) + 0.13232540735212876*X1*cos(X1) + 0.7605021975170654*sin(X0) - 1.016183874231615*sin(X1) + 0.011607632120325442*cos(X1) 	 loss: 30.72004551888132 	 reward -1.4579543394457835
	ITER 2/30...
	Iteration 2/30...
#QN: 2
PRINT HOF (free variables=[1 1 0 0])
====================
        {'reward': -0.8472549869952302, 'pretty-eq': '-0.7213580130057196*X0*X1 + 0.7605021975170654*sin(X0) + 0.8602738938921994*cos(X1)', 'rules': 'f->B,B->(A)*X0 + 0.7605021975170654*sin(X0) + 0.0*cos(X0) + (A),A->C*X1,A->C*cos(X1)'}
------------------------------
neg_nmse -0.1340842491958306
neg_nrmse -0.3661751619045598
inv_nrmse 0.7319705612316347
inv_nmse 0.881768705199011
neg_mse -7.903192987108706
neg_rmse -2.8112618140451993
neglog_mse -2.1864099749946657
inv_mse 0.11231925461437717
------------------------------
        {'reward': -0.5494364278917458, 'pretty-eq': '-0.55032772690479026*X0*X1 - 0.9109742924547024*X1 + 0.7605021975170654*sin(X0)', 'rules': 'f->B,B->(A)*X0 + 0.7605021975170654*sin(X0) + 0.0*cos(X0) + (A),A->A*A,A->C,A->C*X1,A->C*X1'}
------------------------------
neg_nmse -0.06597288471612607
neg_nrmse -0.2568518731022339
inv_nrmse 0.7956387076320639
inv_nmse 0.9381101661570923
neg_mse -3.888573363052636
neg_rmse -1.9719465923428647
neglog_mse -1.5869005151236895
inv_mse 0.20455865663342668
------------------------------
        {'reward': -0.2856306397018676, 'pretty-eq': '-0.9005196335535184*X0*X1 + 1.1469905058466228*X0 + 0.7605021975170654*sin(X0) + 1.0130729940527945*sin(X1) - 2.3920154733471177', 'rules': 'f->B,B->(A)*X0 + 0.7605021975170654*sin(X0) + 0.0*cos(X0) + (A),A->(A+A),A->C*X1,A->C,A->(A-A),A->C*sin(X1),A->C'}
------------------------------
neg_nmse -0.04087892602408489
neg_nrmse -0.2021853753961569
inv_nrmse 0.8318184703174162
inv_nmse 0.9607265312016328
neg_mse -2.4094854049727523
neg_rmse -1.5522517208793014
neglog_mse -1.226561372275099
inv_mse 0.2932993930818694
------------------------------
        {'reward': 1.067204112088386, 'pretty-eq': '-0.06040105337858499*X0*X1**2 + 0.063887751101335899*X0*X1*sin(X1) - 0.1486646586933236*X0*X1*cos(X1) - 0.20291501665434669*X0*X1 + 0.6589476311122832*X0*cos(X1) - 0.8771011305236565*X1 + 0.7605021975170654*sin(X0)', 'rules': 'f->B,B->(A)*X0 + 0.7605021975170654*sin(X0) + 0.0*cos(X0) + (A)'}
------------------------------
neg_nmse -0.0024707733128163734
neg_nrmse -0.04970687389905317
inv_nrmse 0.9526469006395843
inv_nmse 0.9975353163617415
neg_mse -0.14563230532817056
neg_rmse -0.3816180097010236
neglog_mse -0.13595671631003522
inv_mse 0.8728804131562494
------------------------------
====================
[-0.8472549869952302, -0.5494364278917458, -0.2856306397018676, 1.067204112088386] 9.5
UCB_policy... prob= [0. 0. 0. 0. 0. 0. 0. 1.]
state: f->B 	 action: B->(A)*X0 + 0.7605021975170654*sin(X0) + 0.0*cos(X0) + (A)
uniform_random_policy...  [0, 1, 2, 3, 4, 5, 6]
state: f->B,B->(A)*X0 + 0.7605021975170654*sin(X0) + 0.0*cos(X0) + (A) 	 action: A->C*X1
simplified: -0.7535818968607471*X0*X1 + 0.7605021975170654*sin(X0) + 0.07693219355839423*sin(X1) + 0.761486494829213*cos(X1) 	 loss: 7.690633179081523 	 reward -0.8806595964025208
simplified: -0.6577834889224675*X0*X1 + 0.021673841888542178*X1**2*sin(2*X1) + 0.069426386098268584*X1**2*cos(2*X1) - 0.069426386098268584*X1**2 + 0.7605021975170654*sin(X0) 	 loss: 5.607417784624165 	 reward -0.7398270137391222
simplified: -0.7067090188970448*X0*X1 + 0.7605021975170654*sin(X0) + 1.283013398510918*sin(X1) - 0.7433573162069699 	 loss: 7.996893377067227 	 reward -0.893932615830044
simplified: -0.5663651152118893*X0*X1 - 0.8872488196422198*X1 + 0.7605021975170654*sin(X0) 	 loss: 2.7652274513740926 	 reward -0.439966584804257
simplified: -0.7286343012951157*X0*X1 + 0.7605021975170654*sin(X0) - 0.4872046195700601 	 loss: 7.791164292320563 	 reward -0.8880412990144395
simplified: -0.7271188356903656*X0*X1 + 0.7605021975170654*sin(X0) + 1.6406786953202066*cos(X1) - 0.8446823007676023 	 loss: 7.155040482419425 	 reward -0.8494972248226369
simplified: -0.7387082278556223*X0*X1 + 0.7605021975170654*sin(X0) - 0.5662169485137468 	 loss: 8.658870713099946 	 reward -0.9337170311735246
simplified: -0.7390036425158697*X0*X1 + 0.7605021975170654*sin(X0) + 1.1289735470003117*cos(X1) 	 loss: 8.873069225653477 	 reward -0.9442872589708976
simplified: -0.7164941951442823*X0*X1 + 0.7605021975170654*sin(X0) + 0.6334612559956756*sin(X1) 	 loss: 7.6678507064163455 	 reward -0.8811402584546397
simplified: -0.5411928903984552*X0*X1 - 0.9106491234518407*X1 + 0.7605021975170654*sin(X0) 	 loss: 3.4276974860276606 	 reward -0.5328656838938838
simplified: -0.7504975772170852*X0*X1 + 0.7605021975170654*sin(X0) - 0.7972775340411021 	 loss: 9.75850581297495 	 reward -0.9854317242035848
simplified: -0.6762206289615393*X0*X1 + 0.7605021975170654*sin(X0) + 1.359686396863588*sin(X1)*cos(X1) + 1.571343493617598*cos(X1) - 1.3186188036013495 	 loss: 6.077044841133198 	 reward -0.7743396833044891
simplified: -0.7389539981314085*X0*X1 + 0.7605021975170654*sin(X0) + 0.34716153943723689*sin(X1) + 0.55404277337990939*cos(X1) 	 loss: 8.677573772331963 	 reward -0.9253457917145522
simplified: -0.7416204549287054*X0*X1 + 0.7605021975170654*sin(X0) + 0.7013231575661808*sin(X1) 	 loss: 7.572221122888732 	 reward -0.8757116663535792
simplified: -0.7574311073722144*X0*X1 + 0.7605021975170654*sin(X0) + 0.5800355411456889*sin(X1) 	 loss: 7.987791011967728 	 reward -0.8988223978893782
simplified: -0.7372809243226018*X0*X1 + 0.7605021975170654*sin(X0) + 0.8602830117208496*cos(X1) 	 loss: 7.884192849229436 	 reward -0.8931755866860575
simplified: -0.5625740486198011*X0*X1 - 0.8800613475612366*X1 + 0.7605021975170654*sin(X0) 	 loss: 3.5310127305768964 	 reward -0.545710971425701
simplified: -0.7694085480775779*X0*X1 - 0.0080069092271305289*X1**3*sin(X1)*cos(X1)**4 + 0.00083436840034043583*X1**2*sin(X1)*cos(X1)**4 + 0.00021655394873097054*X1*sin(X1)**2*cos(X1)**3 + 0.7605021975170654*sin(X0) + 0.2991488844221617*sin(X1) + 0.8433549339019873*cos(X1) 	 loss: 6.768835695718621 	 reward -0.8059564774813491
simplified: -0.5383123914611329*X0*X1 - 0.9241228459577986*X1 + 0.7605021975170654*sin(X0) + 0.8680470084483396*cos(X1) 	 loss: 3.7071895228727296 	 reward -0.5656390446251178
simplified: -0.7169581152269418*X0*X1 + 0.7605021975170654*sin(X0) - 0.045301342011840676 	 loss: 9.276637746825102 	 reward -0.9635268357911934
simplified: -0.7678976846253194*X0*X1 + 0.7605021975170654*sin(X0) + 1.1056667059572267*cos(X1) 	 loss: 7.658014420700855 	 reward -0.8805850162685536
simplified: -0.5620563927546838*X0*X1 - 0.9164161169813345*X1 + 0.7605021975170654*sin(X0) + 1.0352189050783054*sin(X1) + 0.6302802686408582*cos(X1) 	 loss: 3.8987744693603226 	 reward -0.5850453533214163
simplified: -0.534514093879108*X0*X1 - 1.2662866564318203*X1 + 0.7605021975170654*sin(X0) - 0.3096541506448807*cos(X1) + 1.6955458520255318 	 loss: 2.5074406229991095 	 reward -0.39525626856096474
simplified: -0.5795819504451829*X0*X1 - 1.2215322055378046*X1 + 0.7605021975170654*sin(X0) - 0.11423994818962534*sin(X1) - 0.33656331424783601*cos(X1) + 1.6619902032720851 	 loss: 2.6106269818688554 	 reward -0.4093068386700792
simplified: -0.5334842711651079*X0*X1 - 0.92294490881405282*X1 + 0.7605021975170654*sin(X0) 	 loss: 3.749478547888298 	 reward -0.5705356460418111
simplified: -0.6235737486028619*X0*X1 - 1.1550051466586905*X1*cos(X1)**2 - 0.04616997105832951*X1*cos(X1) + 0.7605021975170654*sin(X0) + 0.24036952978062406 	 loss: 4.5516650580345805 	 reward -0.6490155667021328
simplified: -0.5919397485133268*X0*X1 - 0.8752979770581291*X1 + 0.7605021975170654*sin(X0) 	 loss: 4.131905580403253 	 reward -0.6136894816316226
simplified: -0.7534652679584947*X0*X1 + 0.7605021975170654*sin(X0) + 0.9142364473404057*sin(X1) - 0.6300230729974344 	 loss: 7.766949609854218 	 reward -0.8831533608844141
simplified: -0.7277602963010306*X0*X1 + 0.7605021975170654*sin(X0) + 0.59242945072594034*sin(X1) 	 loss: 7.43027602196133 	 reward -0.8657919653355682
simplified: -0.7321127021293566*X0*X1 + 0.7605021975170654*sin(X0) + 0.09111285689928643*cos(X1)**2 	 loss: 9.058010759977918 	 reward -0.951304971616787
simplified: -0.6901637458537079*X0*X1 + 0.7605021975170654*sin(X0) + 1.5553143571644699*cos(X1) - 0.9580596287998167 	 loss: 6.413482836880969 	 reward -0.8022634635189826
simplified: -0.7618719454137054*X0*X1 + 0.7605021975170654*sin(X0) + 0.340000960944027*sin(X1)*cos(X1) + 0.8711667883259383*cos(X1) 	 loss: 7.8589634282158976 	 reward -0.8882273657906906
simplified: -0.7248189970979669*X0*X1 + 0.7605021975170654*sin(X0) + 1.29653341035741*cos(X1) 	 loss: 8.344937848488025 	 reward -0.9177429389124334
simplified: -0.7461661782081203*X0*X1 + 0.7605021975170654*sin(X0) + 0.75461298512610192*sin(2*X1) 	 loss: 8.187951284405344 	 reward -0.9077098779684171
simplified: -0.7010988580273375*X0*X1 + 0.7605021975170654*sin(X0) - 0.4191284505294441 	 loss: 8.729135216582058 	 reward -0.9372129780606047
simplified: -0.7506155115118209*X0*X1 + 0.7605021975170654*sin(X0) + 0.5276189623532204*sin(X1) 	 loss: 7.8537535415775634 	 reward -0.891502326375059
simplified: -0.5526979939175827*X0*X1 - 1.140390786695109*X1 + 0.7605021975170654*sin(X0) + 0.23569102478038612*sin(X1) + 1.1133211622086242 	 loss: 2.161604259739831 	 reward -0.33144345046642903
simplified: -0.7454206868551913*X0*X1 + 0.7605021975170654*sin(X0) + 0.5901455085639734*cos(X1) 	 loss: 6.913058931532202 	 reward -0.836316612741738
simplified: -0.5667069477930835*X0*X1 - 0.8991845039697662*X1 + 0.7605021975170654*sin(X0) 	 loss: 3.6117496582981365 	 reward -0.5554901138854249
simplified: -0.7405210033753924*X0*X1 + 0.7605021975170654*sin(X0) + 0.12826462528315824 	 loss: 8.405343071900699 	 reward -0.9208627661290351
uniform_random_policy...  [0, 1, 2, 3, 5, 6]
state: f->B,B->(A)*X0 + 0.7605021975170654*sin(X0) + 0.0*cos(X0) + (A) 	 action: A->C*sin(X1)
simplified: -0.8141106919734256*X0*sin(X1) + 0.7605021975170654*sin(X0) + 0.5002342983979938*sin(X1) 	 loss: 74.43052898361634 	 reward -1.8642753241670678
simplified: 0.2578327202451742*X0*sin(X1) + 0.7605021975170654*sin(X0) - 2.43296293088036*sin(X1) 	 loss: 47.69672638434946 	 reward -1.6717846826371874
simplified: 0.09865096315459773*X0*sin(X1) - 2.610048212040421*X1 + 0.7605021975170654*sin(X0) + 1.9295394773022418 	 loss: 25.050519752952944 	 reward -1.3904447949703642
simplified: -0.6238713542101857*X0*sin(X1) + 0.7605021975170654*sin(X0) + 0.7984298830223467*cos(X1) 	 loss: 85.75703754131234 	 reward -1.9255482828044672
simplified: -0.2562164008700608*X0*sin(X1) - 1.9120738119577119*X1 + 0.7605021975170654*sin(X0) 	 loss: 22.923623773615365 	 reward -1.3548502953011636
simplified: 0.6973444804393371*X0*sin(X1) - 2.0062857388097535*X1 + 0.7605021975170654*sin(X0) 	 loss: 20.459301959453832 	 reward -1.3056551090097632
simplified: 0.4541344599245816*X0*sin(X1) - 2.314860952039171*X1 + 0.7605021975170654*sin(X0) - 0.4861756717985698*sin(X1) - 0.5838902014840626*cos(X1) + 1.6961185962128669 	 loss: 23.896505237708027 	 reward -1.3537341374638139
simplified: 0.6393872758773012*X0*sin(X1) - 0.86154807651218355*X1*sin(X1) + 0.5424717281786563*X1*cos(X1) + 0.7605021975170654*sin(X0) - 8.3516981865360529*sin(X1)**2 + 5.258627199097105*sin(X1)*cos(X1) 	 loss: 41.53371424077734 	 reward -1.6022893970152436
simplified: 0.4380402086256959*X0*sin(X1) + 0.7605021975170654*sin(X0) + 0.3254535780875766*cos(X1) 	 loss: 70.91074798215347 	 reward -1.8433203150380082
simplified: -0.2164977749276571*X0*sin(X1) - 0.24487255840827405*X1**2 + 0.3614386037886452*X1*sin(X1)**2 + 0.1106714780342136*X1*cos(X1) - 0.91946660035346895*X1 + 0.7605021975170654*sin(X0) - 0.1633541331046929*sin(X1)**2*cos(X1) + 0.41555790622545174*cos(X1) 	 loss: 30.158924445381356 	 reward -1.4501069419111892
simplified: 0.27524160853060353*X0*sin(X1) - 1.883114172023883*X1 + 0.7605021975170654*sin(X0) - 0.3906575541941172*sin(X1) + 0.6410705312785593*cos(X1) 	 loss: 16.47139716182923 	 reward -1.195014461831209
simplified: 0.051248464403256866*X0*sin(X1) + 0.7605021975170654*sin(X0) - 3.766938104405931 	 loss: 66.66671145776711 	 reward -1.8129929007204024
simplified: -1.098367010290572*X0*sin(X1) + 0.7605021975170654*sin(X0) - 3.5491680879061837 	 loss: 82.78082263967758 	 reward -1.906450890103897
simplified: -0.521215013944338*X0*sin(X1) + 0.7605021975170654*sin(X0) - 3.4830084921910602 	 loss: 82.38244358338423 	 reward -1.908182818287071
simplified: -0.6576437259906592*X0*sin(X1) + 0.7605021975170654*sin(X0) + 1.9693233466076034*cos(X1) 	 loss: 102.83552648694301 	 reward -2.004106667972777
simplified: 0.07831050353994372*X0*sin(X1) + 0.7605021975170654*sin(X0) + 3.6397139607247833*cos(X1) - 5.3793119169492485 	 loss: 57.570583903576704 	 reward -1.7496657982897732
simplified: -0.11874806672339011*X0*sin(X1) - 2.0625894620962484*X1 + 0.7605021975170654*sin(X0) + 1.3549212818084566 	 loss: 21.506745505784664 	 reward -1.324599209843381
simplified: -0.5248963891672447*X0*sin(X1) + 0.7605021975170654*sin(X0) + 1.213544593661369*cos(X1) 	 loss: 60.73259647093883 	 reward -1.7727480332925005
simplified: -0.18570999276880665*X0*sin(X1) - 2.028082643116657*X1 + 0.7605021975170654*sin(X0) + 1.1377777807257552*cos(X1) 	 loss: 29.184071483553108 	 reward -1.4563769530366306
simplified: 0.03310602624909825*X0*sin(X1) - 0.08648134792609755*X1**2*cos(X1) - 0.041313421302602077*X1*sin(X1)*cos(X1) - 1.143412089808128*X1*sin(X1) + 0.082466271362035692*X1*cos(X1)**3 + 0.36476815808857401*X1*cos(X1) - 1.8563232505897985*X1 + 0.7605021975170654*sin(X0) - 0.5462248972934516*sin(X1)**2 + 1.090326803848239*sin(X1)*cos(X1)**2 + 3.935984643775036*sin(X1) + 1.7701395802666276*cos(X1)**2 - 1.6632281677744136 	 loss: 17.83367441140833 	 reward -1.214242852316364
simplified: -0.4602920025053493*X0*sin(X1) - 0.30533892023574425*X1**2 - 0.1846123304906492*X1*sin(X1) + 0.7605021975170654*sin(X0) 	 loss: 26.07589724128304 	 reward -1.4049489223250387
simplified: -0.24784104911617116*X0*sin(X1) + 0.7605021975170654*sin(X0) - 1.9031495013951722*sin(X1) + 1.4546999779949306*cos(X1) 	 loss: 57.44937313275675 	 reward -1.7487559365373468
simplified: -1.061200780989025*X0*sin(X1) + 0.7605021975170654*sin(X0) + 1.8327905112887346*cos(X1) 	 loss: 82.74055600738454 	 reward -1.910059059881914
simplified: -0.15422468784653218*X0*sin(X1) + 0.7605021975170654*sin(X0) + 0.4299212871805335*cos(X1) 	 loss: 26.61107261995415 	 reward -1.4193706752883823
simplified: -0.5113510179833163*X0*sin(X1) + 0.7605021975170654*sin(X0) + 2.5452543760425703*cos(X1) 	 loss: 58.275284695154426 	 reward -1.7584330521090252
simplified: 1.4753695722827755*X0*sin(X1) + 0.7605021975170654*sin(X0) - 4.822654970258576 	 loss: 68.83579610113468 	 reward -1.830474101669324
simplified: 0.5541924856616394*X0*sin(X1) + 0.7605021975170654*sin(X0) + 1.5938588576389312*cos(X1) 	 loss: 71.607097525269 	 reward -1.8475473687136208
simplified: 0.7148514927005556*X0*sin(X1) - 1.8477821537541043*X1 + 0.7605021975170654*sin(X0) + 0.3448808399074778*cos(X1) - 0.16024822176737877 	 loss: 19.21114564204784 	 reward -1.270775337950002
simplified: 1.0165680273641517*X0*sin(X1) + 0.7605021975170654*sin(X0) - 4.237090427319276 	 loss: 37.32399688712081 	 reward -1.5657096175995928
simplified: -0.948541327540324*X0*sin(X1) + 1.0212109143646217*X1*cos(X1) + 0.7605021975170654*sin(X0) - 3.680500721947153 	 loss: 87.91599385456638 	 reward -1.9208669570543244
simplified: 0.25682866872143495*X0*sin(X1) - 2.6104996302539174*X1 + 0.7605021975170654*sin(X0) + 0.82893277232074004*sin(X1) + 0.9719240274375679 	 loss: 35.93624592487341 	 reward -1.5400471921953711
simplified: 0.7771330884809673*X0*sin(X1) + 0.7605021975170654*sin(X0) + 1.3568579029872803*cos(X1) 	 loss: 74.29382308703029 	 reward -1.8634801146955593
simplified: 0.19413766981983907*X0*sin(X1) - 1.7933368971840706*X1 + 0.7605021975170654*sin(X0) 	 loss: 15.796351942662161 	 reward -1.193769760594503
simplified: -0.05104991527349045*X0*sin(X1) + 0.7605021975170654*sin(X0) - 1.1417875270667077*sin(X1) 	 loss: 71.6240439373025 	 reward -1.8476497254830997
simplified: 1.3139618975628333*X0*sin(X1) + 0.7605021975170654*sin(X0) + 1.0434082080536181*cos(X1)**2 + 3.2746493546600885*cos(X1) - 6.208127552653105 	 loss: 36.14755141467294 	 reward -1.5364069993337004
simplified: 0.19356565469393366*X0*sin(X1) + 0.7605021975170654*sin(X0) - 1.6898285962902657*sin(X1) 	 loss: 81.8530364387566 	 reward -1.9053941261127474
simplified: -0.19206036568525736*X0*sin(X1) + 0.7605021975170654*sin(X0) + 0.93738748901137952*cos(X1) 	 loss: 64.66616375306504 	 reward -1.79984015906694
simplified: 0.075211778726834*X0*sin(X1) + 0.7605021975170654*sin(X0) + 2.5588221099977377*cos(X1) 	 loss: 72.2275791144557 	 reward -1.851279391203785
simplified: -0.03192039214677207*X0*sin(X1) - 2.911863915096983*X1 + 0.7605021975170654*sin(X0) - 0.63585547889849693*cos(X1) + 2.2276812439095037 	 loss: 16.037670289643643 	 reward -1.1931439549767877
simplified: 0.6464842985542829*X0*sin(X1) - 0.3551197161637015*X1*sin(X1)*cos(X1) + 1.8245491890949313*X1*sin(X1) + 0.7605021975170654*sin(X0) - 4.8524683058547922*sin(X1) 	 loss: 48.37905081047165 	 reward -1.6612248327980614
uniform_random_policy...  [0, 1, 2, 3, 6]
state: f->B,B->(A)*X0 + 0.7605021975170654*sin(X0) + 0.0*cos(X0) + (A) 	 action: A->C
simplified: -1.4001608271565078*X0 - 2.2994391565141026*X1*sin(X1) + 0.7605021975170654*sin(X0) - 9.0024126977134123*sin(X1)**2 - 1.1523580871836127*sin(X1)*sin(2*X1) + 0.087157657754691733*sin(X1)*cos(X1) + 2.1727374045036679*sin(X1)*cos(2*X1) + 13.90784637980134*sin(X1) 	 loss: 50.734771986190935 	 reward -1.6681802990897474
simplified: -1.0152407463537498*X0 + 0.7605021975170654*sin(X0) + 0.4726364560306405*sin(X1) 	 loss: 41.515081192636124 	 reward -1.6085208970252318
simplified: -0.30642612230475774*X0 - 1.9047387724422886*X1 + 0.7605021975170654*sin(X0) 	 loss: 19.32838649039662 	 reward -1.2810585308052733
simplified: -0.6339749512190651*X0 + 0.7605021975170654*sin(X0) - 2.3650954392642487 	 loss: 59.86595096697203 	 reward -1.770081822065627
simplified: -1.5700910730235826*X0 + 0.7605021975170654*sin(X0) + 1.705160347581671*sin(X1) 	 loss: 91.1438172978347 	 reward -1.951900055479393
simplified: -0.23414768214621792*X0 + 0.7605021975170654*sin(X0) - 2.6458329492265564 	 loss: 54.10556852976735 	 reward -1.7263193895328204
simplified: -0.2823771993903967*X0 - 2.0953967156080724*X1 + 0.7605021975170654*sin(X0) 	 loss: 19.147004668404175 	 reward -1.276980127280359
simplified: -0.261874909851991*X0 - 0.29154030337908445*X1**2 + 0.71496536452169788*X1*sin(X1) - 0.25564194145553306*X1*cos(X1) + 0.7605021975170654*sin(X0) 	 loss: 14.829081365449479 	 reward -1.1594556654824166
simplified: -0.18292254032579802*X0 - 1.6865829426709902*X1 + 0.7605021975170654*sin(X0) 	 loss: 13.086742944032228 	 reward -1.1123709421154138
simplified: -0.9860846544793171*X0 + 0.7605021975170654*sin(X0) - 1.702729911999371 	 loss: 43.17965561733901 	 reward -1.625491995723988
simplified: -0.23731619283638833*X0 + 0.7605021975170654*sin(X0) + 2.61818335059363*sin(X1) + 3.6658941331903584*cos(X1) - 4.908270651358588 	 loss: 28.03103457756009 	 reward -1.4303626840146302
simplified: -1.230563292611387*X0 + 0.7605021975170654*sin(X0) - 1.537394063891357 	 loss: 56.533270602267805 	 reward -1.7453054016667358
simplified: -0.21378442645559045*X0 + 0.7605021975170654*sin(X0) - 3.016880019461969 	 loss: 56.70140335308212 	 reward -1.746589947082581
simplified: -0.9666864742191461*X0 + 0.7605021975170654*sin(X0) + 5.287277397027455*cos(X1) - 4.335555364192089 	 loss: 47.83161054674267 	 reward -1.6696618764555964
simplified: -0.6962113130037841*X0 + 0.7605021975170654*sin(X0) + 2.49294232543431*sin(X1) - 3.445568371485477 	 loss: 69.7887403938328 	 reward -1.832750267655845
simplified: -0.02967302010005531*X0 - 2.004762086130709*X1 + 0.7605021975170654*sin(X0) 	 loss: 22.54289754618076 	 reward -1.3476058109386162
simplified: -0.5018419579177438*X0 - 1.9246611908181108*X1 + 0.7605021975170654*sin(X0) + 0.6107264632522694*sin(X1) + 1.784592592254587 	 loss: 13.678660357454437 	 reward -1.1269869632602194
simplified: -0.07324574718276286*X0 + 0.7605021975170654*sin(X0) - 2.9583874394271588 	 loss: 52.645671550544506 	 reward -1.7144875405501954
simplified: -0.4063972895685465*X0 + 0.7605021975170654*sin(X0) - 2.3741190839744517 	 loss: 46.23863820650633 	 reward -1.6583549982440025
simplified: -1.4773825800197782*X0 - 4.5831198150210468*X1*sin(X1)*cos(X1)**2 + 0.7605021975170654*sin(X0) + 13.607502062498536*sin(X1)*cos(X1)**2 	 loss: 43.76325351092174 	 reward -1.618282812301141
simplified: -1.6556513832089013*X0 + 0.7605021975170654*sin(X0) + 3.587755410203199*cos(X1) 	 loss: 77.6164309998162 	 reward -1.8824051863907805
simplified: -0.8544417462420744*X0 + 0.7605021975170654*sin(X0) - 1.9431927261675694 	 loss: 39.78680017595646 	 reward -1.5933496487233845
simplified: -0.25498133010808677*X0 - 2.0627900157660113*X1 + 0.7605021975170654*sin(X0) 	 loss: 25.030881286209752 	 reward -1.392890621201498
simplified: -1.132500298961706*X0 + 0.16286106784355497*X1*cos(X1) + 0.7605021975170654*sin(X0) + 1.1371948982985006*sin(2*X1) 	 loss: 53.48352660875187 	 reward -1.7144425693533345
simplified: -0.6555010713561875*X0 + 0.7605021975170654*sin(X0) + 5.127557095364879*cos(X1) - 4.0300042886095815 	 loss: 47.20537542386042 	 reward -1.6639725836037162
simplified: -0.5501358016435982*X0 + 0.7605021975170654*sin(X0) - 2.248948594475455 	 loss: 51.420847466488155 	 reward -1.7043049330416251
simplified: -0.4119061409114711*X0 + 0.00069459489658793016*X1**2*sin(X1)*cos(X1) - 0.011714536707617081*X1**2*sin(X1) + 0.10398237106834084*X1*sin(X1)**2*cos(X1) - 1.753691696856481*X1*sin(X1)**2 + 0.02917044151983988*X1*sin(X1) - 1.396001040969637*X1 + 0.7605021975170654*sin(X0) + 4.3668787220341266*sin(X1)**2 	 loss: 18.028979311041436 	 reward -1.2310889263272564
simplified: -0.5132794653768942*X0 + 0.7605021975170654*sin(X0) - 2.089829810668571 	 loss: 54.5961159328143 	 reward -1.7302235163371456
simplified: -1.3265296046355433*X0 + 0.7605021975170654*sin(X0) + 3.416837270617951*cos(X1) 	 loss: 57.823465728324855 	 reward -1.755066267252624
simplified: -0.5663065258033135*X0 - 1.7218912284637788*X1 + 0.7605021975170654*sin(X0) 	 loss: 22.89017804563096 	 reward -1.3542187265155243
simplified: -0.06873802395820233*X0 - 1.8330949691415184*X1 + 0.7605021975170654*sin(X0) 	 loss: 16.697275036505513 	 reward -1.2177623494784717
simplified: -0.3623943504246115*X0 + 0.7605021975170654*sin(X0) + 2.2087840789645616*sin(X1) + 3.6919174805624957*cos(X1) - 4.465377912995243 	 loss: 21.41830734426989 	 reward -1.3201760526135655
simplified: -1.7768490694757806*X0 + 0.7605021975170654*sin(X0) + 2.570066339574716*sin(X1) 	 loss: 62.3159207225355 	 reward -1.7874313804924529
simplified: -0.7480875264636773*X0 + 0.7605021975170654*sin(X0) + 1.495979451283347*cos(X1)**2 - 3.239780848272139 	 loss: 56.079359952567685 	 reward -1.7313935044427275
simplified: -1.485025006564599*X0 + 0.7605021975170654*sin(X0) + 2.5789173545351307*sin(X1) 	 loss: 49.93683582316554 	 reward -1.6916375200851421
simplified: -1.6822376342436405*X0 + 0.7605021975170654*sin(X0) + 2.093379869003301*cos(X1) 	 loss: 50.29244371770293 	 reward -1.6947069298282424
simplified: -1.5698014892659256*X0 + 0.7605021975170654*sin(X0) + 1.6287271950778006*cos(X1) 	 loss: 48.01768464027549 	 reward -1.674685691848838
simplified: -1.3671702962923917*X0 + 0.7605021975170654*sin(X0) + 1.78916087745497*sin(X1) - 0.5996172717523359*cos(X1)**2 	 loss: 61.70805710720017 	 reward -1.7760691672213713
simplified: -0.5289040520420073*X0 - 1.8135865336559325*X1 + 0.7605021975170654*sin(X0) + 2.0102803689900033*sin(X1) + 0.7135689657445006*cos(X1) 	 loss: 17.59736360162212 	 reward -1.2355188296558004
simplified: -1.3957952835111533*X0 + 0.7605021975170654*sin(X0) + 4.109537324634762*cos(X1) 	 loss: 59.41583358302039 	 reward -1.76681722204122
uniform_random_policy...  [0, 1, 2, 6]
state: f->B,B->(A)*X0 + 0.7605021975170654*sin(X0) + 0.0*cos(X0) + (A) 	 action: A->(A+A)
simplified: -1.026370337984576*X0 - 2.2529614328257032*X1 + 0.7605021975170654*sin(X0) + 0.9934960253454458*sin(X1) - 0.37070088771198781*cos(X1) + 3.2107057807906867 	 loss: 23.470017588984014 	 reward -1.3379965953959818
simplified: 0.6104741890447236*X0*sin(X1) - 0.6278334829838742*X0 - 1.994792194382756*X1 + 0.7605021975170654*sin(X0) 	 loss: 28.226904780583013 	 reward -1.4419810096324568
simplified: -0.1304939510190818*X0*sin(X1) + 1.0843441302085222*X0*cos(X1) + 0.7605021975170654*sin(X0) - 4.544022368254453 	 loss: 51.56326981451143 	 reward -1.702092057934678
simplified: 0.8366955095859592*X0*sin(X1) + 0.4927863608296226*X0*cos(X1) + 0.7605021975170654*sin(X0) - 1.7257773155089704*sin(X1) 	 loss: 54.563839171125466 	 reward -1.7265095094968559
simplified: 0.84865349996037421*X0*cos(X1) + 0.7605021975170654*sin(X0) - 4.045860870370007 	 loss: 38.253265912018975 	 reward -1.5700513974562178
simplified: -0.5964145236936705*X0*X1 + 0.68330698140785998*X0*sin(X1) + 0.0018577990653563133*X1**3*sin(X1)**2 + 0.0070174478682184772*X1*cos(X1) - 1.1455826335345305*X1 + 0.7605021975170654*sin(X0) - 1.2247319853061398*sin(X1) + 1.292351323455683 	 loss: 1.292779343806037 	 reward -0.10844351409684631
simplified: 0.8728814683031053*X0*sin(X1) + 0.7605021975170654*sin(X0) + 0.15229810601522968*sin(X1)*cos(X1) - 2.3793378981439315*sin(X1) 	 loss: 45.352388735644126 	 reward -1.640108513429087
simplified: -0.8926852644815337*X0*X1 - 0.15647748102468367*X0*sin(X1) - 0.09388604886958332*X0*cos(X1) + 1.2439389091389708*X0 + 0.7605021975170654*sin(X0) + 1.0265750594793215*sin(X1) - 2.4325615737474924 	 loss: 2.1449952407212187 	 reward -0.32747101830961134
simplified: -1.037806327164201*X0 + 0.7605021975170654*sin(X0) + 0.9420645657803187*sin(X1) 	 loss: 45.14770535861639 	 reward -1.6447326544790357
simplified: 1.4346097326345781*X0*sin(X1) - 0.9442414416637068*X0 + 0.7605021975170654*sin(X0) - 0.34212955972077601*sin(X1)**2*cos(X1) + 2.0346080246472847*sin(X1)*cos(X1) - 1.7725984438345714*sin(X1) 	 loss: 33.40615318048218 	 reward -1.499627253303929
simplified: -0.9066912220763178*X0*X1 + 1.1896846298496961*X0 + 0.7605021975170654*sin(X0) - 2.134437025974155 	 loss: 2.611030643165375 	 reward -0.414317340788182
simplified: -0.234115976932579*X0*X1*sin(X1)*cos(X1) + 0.802691470815506*X0*cos(X1) + 0.7605021975170654*sin(X0) - 2.235038735509335*sin(X1) 	 loss: 69.69131066464277 	 reward -1.8175411915777642
simplified: -0.57777956210383852*X0*X1 - 0.8880125976185382*X1 + 0.7605021975170654*sin(X0) 	 loss: 2.923143110136217 	 reward -0.46306195587685317
simplified: 0.3058815061303869*X0*sin(2*X1) + 1.5662648457659114*X0*cos(X1) - 1.445760250237434*X0 + 0.7605021975170654*sin(X0) - 0.845337053188294*sin(X1) 	 loss: 38.85223456837498 	 reward -1.5704475626472412
simplified: -0.8951639904078033*X0*X1 + 0.7906856650920011*X0 + 0.7605021975170654*sin(X0) - 0.7216628955627211*sin(X1) 	 loss: 5.185672966239935 	 reward -0.7105270016185541
simplified: -0.57411460608061983*X0*X1 + 0.32942752820990932*X0*sin(X1) + 0.5139093432504592*X0*cos(X1) - 0.8948973752720885*X1 + 0.7605021975170654*sin(X0) 	 loss: 1.4990041601841928 	 reward -0.17301099094666642
simplified: -0.881413683662695*X0*X1 + 0.7688582449477936*X0 + 0.7605021975170654*sin(X0) - 0.23335261660750248*cos(X1) 	 loss: 5.170906012633569 	 reward -0.7092959333999789
simplified: -0.5987743940128823*X0*X1 + 0.8057589721214895*X0*sin(X1) - 0.9064636911046792*X1 + 0.7605021975170654*sin(X0) 	 loss: 2.130930816482977 	 reward -0.3266028558661144
simplified: 0.30102199789180056*X0*sin(X1) + 1.1409959903040376*X0*cos(X1) + 0.7605021975170654*sin(X0) - 4.259189645962005 	 loss: 35.08737722929317 	 reward -1.535903146996531
simplified: -0.12439639425257652*X0*sin(X1) + 0.627846856024657*X0*cos(X1) - 2.155237804592246*X1 + 0.7605021975170654*sin(X0) 	 loss: 24.50768047627192 	 reward -1.3809872080076315
simplified: -0.7776244065947333*X0*X1 + 0.7985753039086279*X0*sin(X1) + 0.7605021975170654*sin(X0) - 0.8459905698372866 	 loss: 6.836667476138271 	 reward -0.8298478963098855
simplified: -0.1140162113619547*X0*X1**2 + 0.016799116434522811*X0*X1*cos(X1) + 0.6226305820168083*X0*sin(X1) + 0.7605021975170654*sin(X0) - 1.305571500072886 	 loss: 5.577239343614956 	 reward -0.7360370656086866
simplified: -0.72783924605148773*X0*X1 - 0.059105576789201053*X0*cos(X1) + 0.80962822393895784*X0 - 0.8900316746785635*X1 + 0.7605021975170654*sin(X0) 	 loss: 0.06201762904759308 	 reward 1.1859338774083878
simplified: 0.04657852650086885*X0*sin(X1) + 1.0656628381964865*X0*cos(X1) - 1.1127945530231992*X0 - 1.8683109501369872*X1 + 0.7605021975170654*sin(X0) + 2.1254895127755612*sin(X1)**2 	 loss: 20.24022501889553 	 reward -1.277778332715165
simplified: -0.7213544266116073*X0*X1 + 0.033456042427697757*X0*sin(X1) + 0.7472215715531969*X0 - 0.8785967546528692*X1 + 0.7605021975170654*sin(X0) 	 loss: 0.07236525112823591 	 reward 1.124606716228643
simplified: 1.0039747380570082*X0*cos(X1) + 0.7605021975170654*sin(X0) - 2.0391977556970354*sin(X1) 	 loss: 38.12053856919984 	 reward -1.5685539395439727
simplified: -0.5744013967104274*X0*X1 + 0.4094595170117207*X0*cos(X1) - 0.8769903946904133*X1 + 0.7605021975170654*sin(X0) 	 loss: 2.4098010654607407 	 reward -0.3796950269925198
simplified: -0.5627454954523718*X0*X1 + 0.502048315650502*X0*cos(X1) - 0.87738618521562245*X1 + 0.7605021975170654*sin(X0) 	 loss: 2.1740872860010607 	 reward -0.3345881853849082
simplified: -0.7719330787430327*X0*X1 + 0.5553313813097048*X0*sin(X1) + 0.4863390632920646*X0*cos(X1) + 0.7605021975170654*sin(X0) - 1.1943451224110995*sin(X1) 	 loss: 5.26987859179383 	 reward -0.7131864830712398
simplified: -0.73449171033955044*X0*X1 + 0.66112153345503881*X0*sin(X1) + 0.40037965416152208*X0*cos(X1) + 0.7605021975170654*sin(X0) - 1.03758643073817 	 loss: 4.21397277126302 	 reward -0.6160026611039534
simplified: -0.9199400821508248*X0*X1 - 0.11090127503063753*X0*sin(X1) - 0.009974482007128199*X0*cos(X1) + 1.1208161157406304*X0 + 0.7605021975170654*sin(X0) + 0.032117311518732115*sin(2*X1) - 1.1363742590978188*cos(2*X1) - 1.1363742590978188 	 loss: 4.068863384136371 	 reward -0.5973987541274064
simplified: -0.04331513467422962*X0*sin(X1) + 0.48833131012615372*X0*cos(X1) + 0.7605021975170654*sin(X0) - 1.6339928809378952*sin(X1) 	 loss: 59.51567145042777 	 reward -1.760483877353858
simplified: -0.7015480765980264*X0*X1 + 0.7723522756872971*X0*sin(X1) + 0.25343132740969543*X0*cos(X1) + 0.7605021975170654*sin(X0) - 2.396569569414628*sin(X1)**2 - 0.1648457595885536*sin(X1) 	 loss: 5.483543466909893 	 reward -0.730241170714032
simplified: -2.0785178802644966*X0*sin(X1) + 0.8418920073506776*X0*cos(X1) - 0.38960233343809989*X1**2*cos(X1)**2 - 0.32139269100301058*X1*cos(X1) + 0.7605021975170654*sin(X0) + 1.577163017311075*sin(X1) 	 loss: 42.597890757538366 	 reward -1.6035125030083632
simplified: -0.718051497129855*X0*X1 + 0.7601763765452417*X0 - 0.8769340846552769*X1 + 0.7605021975170654*sin(X0) 	 loss: 0.07621085178788359 	 reward 1.1112920326540932
simplified: 0.035739222435242763*X0*X1*sin(X1) - 0.7476108872281978*X0*X1 + 0.5346655774999468*X0*cos(X1) + 0.7605021975170654*sin(X0) - 0.004443548458925918*cos(X1) 	 loss: 6.6787167177068625 	 reward -0.8132220683400363
simplified: -0.80650082552480995*X0*X1*sin(X1)*cos(X1) - 0.67939627205610852*X0*X1*sin(X1) - 3.5617846362466328*X0*sin(X1)**2*cos(X1) - 3.0004472743819205*X0*sin(X1)**2 + 1.3035414696644047*X0*sin(X1)*cos(X1)**2 + 2.8211292304029299*X0*sin(X1)*cos(X1) + 3.734841922864218*X0*sin(X1) + 0.7605021975170654*sin(X0) + 2.0292171264586796*cos(X1) - 4.883186925025755 	 loss: 21.87836717597642 	 reward -1.3108420682914177
simplified: 1.7089019542042856*X0*sin(X1) - 1.7892460219478685*X0 + 0.7605021975170654*sin(X0) + 0.125410412398168*sin(X1) 	 loss: 44.54193522025851 	 reward -1.6389011660603474
simplified: 0.026217454066135397*X0*sin(X1) + 0.6244811031825289*X0*cos(X1) + 0.7605021975170654*sin(X0) + 0.11311825873817766*cos(X1) 	 loss: 86.4315148803921 	 reward -1.9250811035501394
simplified: 2.0721930095311399*X0*cos(X1) - 2.267943002660484*X0 + 0.7605021975170654*sin(X0) + 2.064388772515374*sin(X1) 	 loss: 39.2452746122314 	 reward -1.562212635266533
uniform_random_policy...  [1, 2, 6]
state: f->B,B->(A)*X0 + 0.7605021975170654*sin(X0) + 0.0*cos(X0) + (A) 	 action: A->(A-A)
simplified: -0.7283202604575698*X0*X1 + 0.5749518987943196*X0*cos(X1) + 0.7605021975170654*sin(X0) - 0.7658033115209841 	 loss: 7.038982166764712 	 reward -0.8424375014421351
simplified: -0.75738958470410506*X0*X1 + 0.7563806983467487*X0*sin(X1) + 0.7605021975170654*sin(X0) - 1.1793295217810131*sin(X1) 	 loss: 6.827552585210579 	 reward -0.8276142460538545
simplified: 0.8092849170555512*X0*sin(X1) - 1.6885488413286767*X0 + 0.7605021975170654*sin(X0) - 0.3557318308180161*sin(X1) 	 loss: 61.69608632749035 	 reward -1.7795428879608723
simplified: 0.32673690676413003*X0*sin(X1) + 0.23484204521854712*X0*cos(X1) - 1.9109590089328672*X1 + 0.7605021975170654*sin(X0) 	 loss: 19.96925914453872 	 reward -1.2899953947143477
simplified: -1.3239007068940465*X0*sin(X1) + 1.3365859831352949*X0*cos(X1) + 0.7605021975170654*sin(X0) + 0.33127751436499686*sin(X1) 	 loss: 52.645549061914004 	 reward -1.7110592755470357
simplified: -0.12155408095089929*X0*X1*sin(X1) - 0.4932876503294196*X0 + 0.7605021975170654*sin(X0) - 2.149084722009459 	 loss: 46.75638424986822 	 reward -1.6565288538617573
simplified: -0.3638531265806667*X0*X1*sin(X1) + 0.7325030175057407*X0*cos(X1) + 0.7605021975170654*sin(X0) + 0.024151977205189072*sin(X1) 	 loss: 69.06680050117163 	 reward -1.8209591913250087
simplified: -0.7245211604427704*X0*X1 + 0.50441609328022794*X0*sin(X1) + 0.33407248990144402*X0*cos(X1) + 0.7605021975170654*sin(X0) - 1.2658006127852635*sin(X1) 	 loss: 7.091659195619439 	 reward -0.840594844845272
simplified: 1.1830533653377067*X0*sin(X1) - 1.3291613829015596*X0 - 2.5507095971555417*X1 + 0.76050219751706539*sin(X0) - 2.2668681174772795*sin(X1) + 0.13123727324540665*sin(2*X1) + 0.22182252440631525*cos(X1) - 1.3191312074762627*cos(2*X1) + 4.4174512006531899 	 loss: 22.790707372620467 	 reward -1.3228938633175262
simplified: -1.0113601057452274*X0*X1 - 0.3153461411633202*X0*sin(X1) - 0.10580663695762456*X0*cos(X1) + 1.0795436836357124*X0 + 0.7605021975170654*sin(X0) - 0.33248300827458893*cos(X1) 	 loss: 4.467945954496597 	 reward -0.6334147099074875
simplified: -0.5006203968652345*X0*X1 + 0.6067747404641196*X0*cos(X1) - 0.42064701364097152*X1*sin(X1) - 0.9568691699786405*X1 + 0.7605021975170654*sin(X0) + 1.7303686927236426*sin(X1) - 0.8392312851639693*cos(X1) 	 loss: 1.5588550661673435 	 reward -0.1897438759838595
simplified: 1.7276574180640045*X0*cos(X1) - 1.5625991601923155*X0 + 0.7605021975170654*sin(X0) - 0.31286538352157495*cos(X1) 	 loss: 32.636813560847806 	 reward -1.5046481794183564
simplified: -0.7784034694340728*X0*sin(X1) + 1.0442427146737427*X0*cos(X1) + 0.7605021975170654*sin(X0) - 1.0020359255700626*cos(X1) 	 loss: 55.18136826955474 	 reward -1.7313678022697685
simplified: -0.7569971061488558*X0*X1 + 0.5983231046366991*X0*sin(X1) + 0.7605021975170654*sin(X0) + 0.5394515354392304*cos(X1) 	 loss: 6.347115809331372 	 reward -0.7977729865852962
simplified: -0.7657793547490713*X0*X1 + 0.7795482973299978*X0*sin(X1) + 0.7605021975170654*sin(X0) - 1.44746667028369*sin(X1) 	 loss: 7.948302189414484 	 reward -0.8948862102542191
simplified: -0.8571921478604643*X0*X1 + 0.8338906008552323*X0 + 0.018894134174926121*X1**2*sin(X1) - 0.99400827580005228*X1*sin(X1)**2 - 0.061630978573626989*X1*sin(X1)*cos(X1) - 0.111303375047979*X1*sin(X1) + 0.7605021975170654*sin(X0) + 0.0627121190064216*sin(X1)**2 + 0.0038883069254938211*sin(X1)*cos(X1) + 0.0069469397001352171*sin(X1) 	 loss: 2.321842440745765 	 reward -0.35930343095140116
simplified: -0.2249211128143374*X0 - 1.9492671434404758*X1 + 0.7605021975170654*sin(X0) + 1.3968545595619206*cos(X1) 	 loss: 18.705173893784078 	 reward -1.261821599786118
simplified: 0.57959355166408836*X0*sin(X1) + 1.201089500597126*X0*cos(X1) + 0.7605021975170654*sin(X0) - 4.668798166840629 	 loss: 38.35491664312748 	 reward -1.5680539150176787
simplified: -0.7530066726188666*X0*X1 + 0.8802598776404162*X0 - 0.092292434221764104*X1**2 + 0.7605021975170654*sin(X0) + 0.20091675868785852*sin(X1) - 1.2196825056585523 	 loss: 0.28447892803397445 	 reward 0.5372799080955668
simplified: -0.44221517428775677*X0*sin(X1) + 0.7605021975170654*sin(X0) + 0.6241565886923293*cos(X1) 	 loss: 50.974000224705456 	 reward -1.6971302003368682
simplified: -0.7108404232024829*X0*X1 + 0.7390424105555294*X0*sin(X1) + 0.7605021975170654*sin(X0) + 1.5832423048892239*cos(X1) - 1.5118211144057623 	 loss: 4.294038108382769 	 reward -0.6253131338579339
simplified: -0.2798961012858721*X0*sin(X1) + 1.4513227155540024*X0*cos(X1) - 1.214021040272708*X0 + 0.7605021975170654*sin(X0) + 2.5395896495337307*sin(X1) - 2.7864212205815644 	 loss: 48.6302615768369 	 reward -1.6634428092707594
simplified: -0.15196459896772959*X0*X1**2*sin(X1)**2 + 0.29121308491003917*X0*sin(X1) + 0.5589444700398492*X0*cos(X1) + 0.7605021975170654*sin(X0) + 1.6646563307057392*sin(X1) + 1.9145364374523335*cos(X1) - 3.9681293364722308 	 loss: 10.57158723279236 	 reward -1.005861535096682
simplified: 0.16918777390429732*X0*sin(X1) - 0.48390064199084326*X0 - 1.9147261728656353*X1 + 0.7605021975170654*sin(X0) 	 loss: 30.89742673013014 	 reward -1.4810050962210697
simplified: -0.69096435592998033*X0*X1 + 0.3556245866401484*X0*cos(X1) + 0.7605021975170654*sin(X0) + 0.45615873153194721*sin(2*X1) + 0.4149719697289811*cos(X1) - 1.0556236346541625 	 loss: 6.225085992196977 	 reward -0.7768563876434629
simplified: -0.9060254156203777*X0*X1 + 0.816799925555157*X0 + 0.7605021975170654*sin(X0) - 0.4829785432570116*cos(X1) 	 loss: 3.950372535153627 	 reward -0.5930671625069235
simplified: -0.5781579294717668*X0*X1 + 0.41280085433580527*X0*sin(X1) + 0.46049443312212673*X0*cos(X1) - 0.8899918180634834*X1 + 0.7605021975170654*sin(X0) 	 loss: 1.3460271534884232 	 reward -0.12802499674637674
simplified: 1.4028953720776252*X0*sin(X1) + 1.8734453893083542*X0*cos(X1) - 2.1637396469702064*X0 + 0.7605021975170654*sin(X0) - 1.7925343038012966*sin(X1) 	 loss: 34.17250430162365 	 reward -1.521450249567521
simplified: 1.480195438829654*X0*cos(X1) - 2.123073193777053*X0 + 0.7605021975170654*sin(X0) + 0.5136618076383369*cos(X1) 	 loss: 64.24895554247276 	 reward -1.7970459574193738
simplified: -0.11426497891316808*X0*X1**2 + 0.580529045850477*X0*sin(X1) + 0.7605021975170654*sin(X0) - 1.3074202865568223*sin(X1) 	 loss: 7.709252852439315 	 reward -0.8799409785533233
simplified: -0.24216006728658529*X0*X1*sin(X1) - 0.6946622882364896*X0*X1 + 1.323527060463307*X0*sin(X1) + 0.095946797152951338*X0*cos(X1) + 0.7605021975170654*sin(X0) + 0.21078327716157733*sin(X1) + 0.9485070760250415*cos(X1) - 1.6912672856463185 	 loss: 3.7305889825870464 	 reward -0.557095540367901
simplified: 1.0966637538711676*X0*sin(X1) + 0.7605021975170654*sin(X0) - 4.540867188554326 	 loss: 51.16279350056549 	 reward -1.6987261237009776
simplified: -0.8392683155430544*X0*X1 - 0.23587428737958063*X0*cos(X1) + 1.2037586070544637*X0 - 0.1506053503356058*X1**2*sin(X1)*cos(X1) - 0.1823073075453173*X1**2*sin(X1) - 0.1120023596259363*X1*sin(X1)**2 + 0.97454715051394386*X1*sin(X1)*cos(X1) + 1.0874379764206332*X1*sin(X1) + 0.7605021975170654*sin(X0) + 1.3301124341988104*cos(X1) - 2.88528458252233 	 loss: 1.6293799932042756 	 reward -0.20575308272420956
simplified: -0.777601804712615*X0*X1 + 1.0230633321475422*X0*sin(X1) + 0.7605021975170654*sin(X0) - 2.2900016172950486*sin(X1) 	 loss: 6.43218302055882 	 reward -0.80352035214012
simplified: -0.70498171615589907*X0*X1 + 0.7605021975170654*sin(X0) + 0.38772242716195184*sin(X1) + 1.497266768251607*sin(2*X1) - 1.1145307900855312 	 loss: 6.6944857373588125 	 reward -0.8126043702642047
simplified: -0.01553105807657538*X0*X1*cos(X1) - 0.7191187471581829*X0*X1 + 0.020046385787279523*X0*sin(X1) + 0.76340250921167806*X0 - 0.8873373362550426*X1 + 0.7605021975170654*sin(X0) 	 loss: 0.06586051862051263 	 reward 1.1649426820654794
simplified: -0.7361286057568031*X0*X1 + 0.05187089293754579*X0*sin(X1) + 0.50549810949230944*X0*cos(X1) + 0.7605021975170654*sin(X0) - 0.2497155634287201*cos(X1) 	 loss: 7.561805117091383 	 reward -0.868139771181479
simplified: -0.15256144792607637*X0*X1*sin(2*X1) + 1.1459403683323968*X0*sin(X1) + 0.81853197535495028*X0*sin(2*X1) + 1.1955946857644337*X0*cos(X1) - 1.6210074199167898*X0 - 1.5390636698157565*X1 + 0.7605021975170654*sin(X0) 	 loss: 16.86676980706445 	 reward -1.1931348474537622
simplified: -0.9144661558696096*X0*X1 + 0.7790845138143846*X0 + 0.7605021975170654*sin(X0) - 0.2926848247808409*cos(X1) 	 loss: 4.796073514878895 	 reward -0.6768107160953222
simplified: -0.5878484800038605*X0*X1 + 0.5112798851804163*X0*cos(X1) - 0.8769526911816055*X1 + 0.7605021975170654*sin(X0) 	 loss: 1.770776125240769 	 reward -0.24667839345257012
uniform_random_policy...  [2, 6]
state: f->B,B->(A)*X0 + 0.7605021975170654*sin(X0) + 0.0*cos(X0) + (A) 	 action: A->C*cos(X1)
simplified: 1.20078238026598*X0*cos(X1) + 0.7605021975170654*sin(X0) - 4.308482185880883 	 loss: 43.05045678989756 	 reward -1.627451650202847
simplified: 0.8943122465953666*X0*cos(X1) + 0.7605021975170654*sin(X0) - 1.6283056560774463*sin(X1) 	 loss: 40.96239433135749 	 reward -1.6059454605919152
simplified: 0.5846214978712742*X0*cos(X1) - 2.199967486640535*X1 + 0.7605021975170654*sin(X0) 	 loss: 27.44555453103515 	 reward -1.4327267470646186
simplified: -0.4690214379253383*X0*cos(X1) + 0.7605021975170654*sin(X0) - 0.8025863414098227*sin(X1) 	 loss: 64.7626739786854 	 reward -1.804090333604233
simplified: 0.09633351312661759*X0*cos(X1) + 0.7605021975170654*sin(X0) - 2.1950978138862127*sin(X1) 	 loss: 82.39359163015186 	 reward -1.9082413486198995
simplified: 0.813298338602941*X0*cos(X1) + 0.7605021975170654*sin(X0) - 1.0059949543484117*sin(X1) 	 loss: 80.74290419781212 	 reward -1.8994873837930066
simplified: 0.8434476328494102*X0*cos(X1) - 1.835674746654037*X1 + 0.7605021975170654*sin(X0) 	 loss: 20.489886311185007 	 reward -1.306301254508121
simplified: 0.7449540646288199*X0*cos(X1) + 0.7605021975170654*sin(X0) + 0.22223942774230027*sin(X1) 	 loss: 80.24667830636344 	 reward -1.896820775154123
simplified: 0.327853627851019*X0*cos(X1) + 0.7605021975170654*sin(X0) - 1.3076375838828439*sin(X1) 	 loss: 86.28963565209432 	 reward -1.9243718841132964
simplified: 1.047937732252472*X0*cos(X1) + 0.7605021975170654*sin(X0) + 2.0895206183744133*cos(X1) - 5.028026103904201 	 loss: 42.9674649698914 	 reward -1.6233653576421803
simplified: 1.1100710388542971*X0*cos(X1) + 0.7605021975170654*sin(X0) - 4.578590527500828 	 loss: 52.69587231633768 	 reward -1.7148998155080142
simplified: 0.9401316012004481*X0*cos(X1) + 0.7605021975170654*sin(X0) - 0.6179535659205418*sin(X1) 	 loss: 54.06588600151284 	 reward -1.7260020216724068
simplified: 0.6386825352095763*X0*cos(X1) - 1.9962070218269894*X1 + 0.7605021975170654*sin(X0) 	 loss: 24.98957546259038 	 reward -1.3921762235934987
simplified: 1.146630072844991*X0*cos(X1) + 0.7605021975170654*sin(X0) - 3.7597014082233287 	 loss: 25.482695865328598 	 reward -1.4006288213398126
simplified: 0.8912175420538119*X0*cos(X1) + 0.7605021975170654*sin(X0) - 4.519981278333513 	 loss: 48.43115583476822 	 reward -1.6783944385091645
simplified: 0.258410057507056*X0*cos(X1) + 0.7605021975170654*sin(X0) - 0.19708707886951363*cos(X1) 	 loss: 49.24294092383758 	 reward -1.6855847536615232
simplified: 0.28961798493106816*X0*cos(X1) + 0.0015567824449387615*X1**4*cos(X1) + 0.011161558689437905*X1**3*sin(X1)*cos(X1) + 0.7605021975170654*sin(X0) 	 loss: 63.30419572778809 	 reward -1.776375716998095
simplified: 0.2828919773454078*X0*cos(X1) - 2.001337069947795*X1 + 0.7605021975170654*sin(X0) + 0.8506135313994577*sin(X1) 	 loss: 19.126795445716528 	 reward -1.2739715590070964
simplified: 0.40937707383587063*X0*cos(X1) - 2.1177142489026886*X1 + 0.7605021975170654*sin(X0) 	 loss: 27.323348637553416 	 reward -1.4307964013862766
simplified: 1.0115052531669912*X0*cos(X1) + 0.7605021975170654*sin(X0) + 3.4559346960271178*sin(X1) - 6.2624392417758997 	 loss: 60.727548182186624 	 reward -1.7656319284980089
simplified: 0.46238445421571456*X0*cos(X1) + 0.7605021975170654*sin(X0) - 0.63011106415655508*sin(X1) 	 loss: 42.832158625592236 	 reward -1.6220037863870853
simplified: 0.6366238939386737*X0*cos(X1) - 2.0149568843868386*X1 + 0.7605021975170654*sin(X0) 	 loss: 17.37178876296702 	 reward -1.2348925957492611
simplified: 0.5438423285530196*X0*cos(X1) - 1.9300200264397656*X1 + 0.7605021975170654*sin(X0) - 1.2569828500465885*cos(X1) + 1.0200931208577593 	 loss: 12.229702966687626 	 reward -1.0787469686344182
simplified: 0.8922083196064772*X0*cos(X1) + 0.7605021975170654*sin(X0) - 1.859354386644614*sin(X1) + 0.6305165247125054*cos(X1) 	 loss: 38.046237225504676 	 reward -1.5708535143117155
simplified: 0.5780328069459871*X0*cos(X1) - 1.878438523674167*X1 + 0.7605021975170654*sin(X0) 	 loss: 18.207685487082067 	 reward -1.255221280452253
simplified: 0.20783255583830754*X0*cos(X1) - 2.3010969722487795*X1 + 0.7605021975170654*sin(X0) 	 loss: 32.814363211517644 	 reward -1.5100088152470552
simplified: 0.5669045813831651*X0*cos(X1) - 2.220639437809791*X1 + 0.7605021975170654*sin(X0) 	 loss: 33.89683836314917 	 reward -1.5240477305032658
simplified: 0.282486072726688*X0*cos(X1) - 1.8385844379463487*X1 + 0.7605021975170654*sin(X0) 	 loss: 20.975072182820263 	 reward -1.316424575146938
simplified: 0.7512797826837662*X0*cos(X1) - 0.98005978713908257*X1*cos(X1) + 0.7605021975170654*sin(X0) + 0.85613871307922786*sin(X1)*cos(X1) - 7.2967822523549625*cos(X1)**2 + 4.9555631069605339*cos(X1) 	 loss: 44.1780701932256 	 reward -1.6223229631276685
simplified: 0.4014315904382618*X0*cos(X1) + 0.7605021975170654*sin(X0) + 3.6355026792203042*cos(X1) - 5.602880319846999 	 loss: 55.04837683918693 	 reward -1.730326127126811
simplified: 0.3727831255300116*X0*cos(X1) + 0.7605021975170654*sin(X0) + 3.7863862103919756*cos(X1) - 6.174996767433398 	 loss: 68.24112559613087 	 reward -1.8230693785930339
simplified: 1.2385566697951063*X0*cos(X1) + 0.99293750162783952*X1*cos(X1) + 0.7605021975170654*sin(X0) - 2.7758613960628988*cos(X1) 	 loss: 91.8775208131531 	 reward -1.9359022774963397
simplified: 0.4376897716257422*X0*cos(X1) + 0.3091102185561684*X1*cos(X1) + 0.7605021975170654*sin(X0) 	 loss: 82.89271094211766 	 reward -1.8994172831187282
simplified: 0.3432762116911311*X0*cos(X1) + 0.7605021975170654*sin(X0) + 0.2585521826119419*cos(X1) 	 loss: 67.50962399915934 	 reward -1.8220591952757925
simplified: 0.844505307878802*X0*cos(X1) + 0.7605021975170654*sin(X0) - 1.3763842784150737*sin(X1) 	 loss: 74.62520878700684 	 reward -1.8654052467985442
simplified: 0.9670022647302948*X0*cos(X1) + 0.7605021975170654*sin(X0) - 4.4534255523143883 	 loss: 42.735143632671225 	 reward -1.6210248861383845
simplified: 0.5580085214137113*X0*cos(X1) - 0.81001558218033716*X1*sin(X1) + 0.7605021975170654*sin(X0) 	 loss: 60.531425499563326 	 reward -1.7677748501432688
simplified: 0.5450756560506793*X0*cos(X1) + 0.7605021975170654*sin(X0) - 2.9156079577592156*sin(X1) 	 loss: 89.22899898802642 	 reward -1.942715692050426
simplified: 0.5888770708133355*X0*cos(X1) - 2.04543706728827*X1 + 0.7605021975170654*sin(X0) + 0.41351459883576713 	 loss: 23.042024440772398 	 reward -1.3543659197288564
simplified: 0.7930687598418358*X0*cos(X1) + 0.7605021975170654*sin(X0) - 1.9308078208567407*sin(X1) 	 loss: 65.71300654943057 	 reward -1.8103916310911807
uniform_random_policy...  [2]
state: f->B,B->(A)*X0 + 0.7605021975170654*sin(X0) + 0.0*cos(X0) + (A) 	 action: A->A*A
simplified: -3.4034797991952982*X0*sin(X1)**2 + 0.6459741081974297*X0*sin(X1) + 0.7605021975170654*sin(X0) + 0.33081689076356957*sin(X1) 	 loss: 60.83069153414145 	 reward -1.7698996272500402
simplified: 0.2215244135003657*X0*sin(X1) + 0.7605021975170654*sin(X0) - 3.9672295626671956 	 loss: 69.26569546970296 	 reward -1.8295026609545206
simplified: -3.4099925746235921*X0*sin(X1)**2 - 0.89892282421735781*X0*sin(X1)*cos(X1) + 0.87828405468804839*X0*sin(X1) + 0.2315282410819918*X0*cos(X1) + 0.7605021975170654*sin(X0) - 1.2864201298545508*sin(X1) 	 loss: 51.88097653186419 	 reward -1.6945408583941115
simplified: -0.29211025038023499*X0*sin(X1) + 1.1306106085737322*X0*cos(X1) + 0.36165600670253179*X1*sin(X1) - 2.4951339148956014*X1 + 0.7605021975170654*sin(X0) + 2.8400723603945685*sin(X1)**2 - 0.54058829948519022*sin(X1) - 1.2541696393450854*cos(X1) 	 loss: 19.475064508791796 	 reward -1.261406262215349
simplified: -0.4890913325740373*X0*sin(X1)**2 - 1.9376425148675556*X1 + 0.7605021975170654*sin(X0) 	 loss: 12.178235945459802 	 reward -1.079087139741741
simplified: -0.8834435610717244*X0*X1*sin(X1) - 4.003754474543866*X0*sin(X1)**2 + 4.022529587594555*X0*sin(X1) + 0.7605021975170654*sin(X0) + 0.08675382103674839*cos(X1) 	 loss: 33.46919530373427 	 reward -1.5034384262686018
simplified: -0.5876092594448244*X0*X1 - 0.9206593745402232*X1 + 0.7605021975170654*sin(X0) + 1.095500840496566*sin(X1) 	 loss: 3.02523536103146 	 reward -0.47692652910945144
simplified: -0.3498477154075001*X0*X1*sin(X1) + 0.7605021975170654*sin(X0) + 0.33671842881282804*cos(X1) 	 loss: 54.77857265090545 	 reward -1.7282050919261178
simplified: 0.38214965430516499*X0*cos(X1)**2 + 0.7605021975170654*sin(X0) - 4.445861786605417 	 loss: 48.31905783101097 	 reward -1.6740389748015434
simplified: -0.74664407781271813*X0*X1 + 0.7605021975170654*sin(X0) - 0.3622885750707285 	 loss: 8.111415918283807 	 reward -0.9036557089697578
simplified: 0.39814691561624659*X0*X1*cos(X1) + 0.7605021975170654*sin(X0) - 1.7531950162686103*sin(X1) 	 loss: 74.60605366645589 	 reward -1.8615654780944957
simplified: -0.978167527629984*X0*cos(X1)**2 - 0.31001903484695825*X1**2 + 0.7605021975170654*sin(X0) - 0.026560740385423928*sin(X1) + 1.3701479136639798*cos(X1) 	 loss: 34.7538642776189 	 reward -1.5226124314940013
simplified: 1.6193057582612247*X0*sin(X1) - 1.7393873162483494*X0 + 0.7605021975170654*sin(X0) - 2.0664253029058712*sin(X1) 	 loss: 71.33955380628053 	 reward -1.8385555351973764
simplified: 0.81290607684734275*X0*sin(2*X1) + 0.7605021975170654*sin(X0) - 0.40161740894450676*cos(X1) 	 loss: 63.749810322042386 	 reward -1.7900934902391719
simplified: -0.73577736989693664*X0*X1 + 0.72908672502350237*X0*cos(X1) + 0.7605021975170654*sin(X0) - 0.3100606743091125*cos(X1) 	 loss: 5.596596956717752 	 reward -0.7419615397636387
simplified: -0.83205115258207492*X0*X1*sin(X1)**2 + 0.55446669094684462*X0*sin(X1)**3 + 0.7605021975170654*sin(X0) - 1.550412042615938 	 loss: 21.886770194037737 	 reward -1.316262366044791
simplified: 1.486639414956768*X0*cos(X1) - 0.7881126460314193*X0 - 0.1832698514917216*X1*cos(X1) + 0.7605021975170654*sin(X0) + 1.320593801519536*cos(X1)**2 - 3.3104615211078134 	 loss: 22.08429701828154 	 reward -1.3200946271496121
simplified: -0.008200112184501066*X0*X1*cos(X1) - 0.7308626690758748*X0*X1 + 0.7605021975170654*sin(X0) + 1.007770769247116*cos(X1) 	 loss: 7.762701897967107 	 reward -0.8811527236548754
simplified: -0.021054743788446557*X0*X1**2 - 0.17794302819802705*X0*X1*sin(X1) - 0.43795774167215212*X0*X1 + 0.9316361479776613*X0*sin(X1) - 0.874528711917314*X1 + 0.7605021975170654*sin(X0) - 0.16496136365705474*sin(X1) 	 loss: 0.8933729040627052 	 reward 0.04818959693904307
simplified: 0.1819148145568609*X0*X1*sin(X1) + 1.3480942547631372*X1*cos(X1) + 0.7605021975170654*sin(X0) - 3.3903504609691164 	 loss: 66.58562644878464 	 reward -1.8052285188145603
simplified: -0.069650374248123571*X0*X1**2*sin(X1) + 0.059970973966769329*X0*X1*sin(X1)*cos(X1) + 0.16894638826986154*X0*X1*sin(X1) + 1.0777095186463716*X0*sin(X1)*cos(X1)**2 + 0.44729292545421165*X0*sin(X1)*cos(X1) - 2.0630914223739674*X1 + 0.7605021975170654*sin(X0) 	 loss: 14.540651808795912 	 reward -1.132731528526247
simplified: -0.337273410393883*X0*X1*sin(X1) + 0.7605021975170654*sin(X0) + 1.0814414219337527*sin(X1) 	 loss: 78.07301029056187 	 reward -1.8774138017226467
simplified: 0.075235377080566407*X0*X1*sin(X1) + 0.7605021975170654*sin(X0) - 3.6227607391494545 	 loss: 41.83703419022526 	 reward -1.6086337158880142
simplified: -0.67501637862903608*X0*X1*sin(X1)*cos(X1) + 4.8034232095656685*X0*sin(X1)**2*cos(X1) - 0.85092125885411828*X0*sin(X1)*cos(X1) + 0.7605021975170654*sin(X0) - 2.330623363957327*sin(X1) + 0.9072240598901237*cos(X1) 	 loss: 37.53496275721612 	 reward -1.5432446250877174
simplified: -1.1213534753422857*X0*X1*sin(X1) - 4.7129626141884987*X0*sin(X1)**2 - 0.06766458828887066*X0*sin(X1)*cos(X1) + 5.105922083890502*X0*sin(X1) + 0.7605021975170654*sin(X0) - 1.1709130399043936*sin(X1) 	 loss: 18.756535908973827 	 reward -1.247930033940015
simplified: 0.5996814292130503*X0*sin(X1)*cos(X1) + 0.38434031589853759*X0*sin(X1) + 0.089064324586717332*X1*sin(X1) - 2.018941628547179*X1 + 0.7605021975170654*sin(X0) + 0.085449759274186244*sin(X1)**2 	 loss: 17.376701213910458 	 reward -1.2129725842466679
simplified: -1.1773469510090227*X0*cos(X1)**2 + 0.7605021975170654*sin(X0) - 1.2708366578017027*sin(X1) 	 loss: 64.7719304567829 	 reward -1.8005456544769298
simplified: 1.0800154914124634*X0*sin(X1)*cos(X1)**2 + 1.6163249649274622*X0*sin(X1)*cos(X1) + 0.7605021975170654*sin(X0) - 4.146570367132617 	 loss: 44.741004163316724 	 reward -1.6310058426515097
simplified: -0.1157340126536064*X0*X1*sin(X1) - 2.054615826371678*X1 + 0.7605021975170654*sin(X0) 	 loss: 22.11158575149515 	 reward -1.3365723125890625
simplified: -1.511494792592971*X0*cos(X1)**2 + 0.7605021975170654*sin(X0) + 0.12807605095806313*sin(X1) 	 loss: 63.38684552836011 	 reward -1.7912141386089981
simplified: -0.12834486997203636*X0*sin(X1) + 0.7605021975170654*sin(X0) + 4.781280519796173*cos(X1) - 5.8436321319936653 	 loss: 62.45863938004872 	 reward -1.7777171805576317
simplified: 0.50874694966554994*X0*sin(2*X1) - 2.1060400290545207*X1 + 0.7605021975170654*sin(X0) + 1.323070797187443*cos(X1) 	 loss: 21.54222783599128 	 reward -1.32001754700041
simplified: 0.447360991974373*X0*X1*cos(X1) - 1.8374603543253847*X1 + 0.7605021975170654*sin(X0) + 0.9342214107474702 	 loss: 11.601629925157095 	 reward -1.0560326029302185
simplified: 2.0089905023025705*X0*cos(X1) + 0.7605021975170654*sin(X0) - 5.262752263427712 	 loss: 60.59144003851594 	 reward -1.771743507124333
simplified: -0.53798075721419881*X0*X1*cos(X1)**2 - 1.3621341881097613*X1 + 0.7605021975170654*sin(X0) 	 loss: 9.120649147443562 	 reward -0.9523723706650246
simplified: -0.3049368303552737*X0*X1*sin(X1) - 2.0419886109835073*X1 + 0.7605021975170654*sin(X0) 	 loss: 24.919151736436667 	 reward -1.3881749751436407
simplified: 0.0021485257782297494*X0*X1**3 + 0.020789891492865145*X0*X1**2*sin(X1) - 0.014342791930226134*X0*X1**2*cos(X1) - 0.12395931851075354*X0*X1**2 + 0.7605021975170654*sin(X0) + 0.1620583163836697*sin(2*X1) + 2.3940285710944735*cos(X1) - 2.273664934132411 	 loss: 3.5703142133428463 	 reward -0.5363634440499782
simplified: -0.17512137521311476*X0*X1*sin(X1) - 2.2853108890767277*X1 + 0.7605021975170654*sin(X0) 	 loss: 28.63658011129756 	 reward -1.4482014494338118
simplified: 0.11123917664107373*X0*X1*sin(X1)**2*cos(X1) - 1.2158740767226094*X0*X1*cos(X1)**2 - 0.12772907986780196*X0*X1*cos(X1) - 9.0747104463492867e-5*X0*sin(X1)*cos(X1) - 0.001088942070389868*X0*cos(X1)**2 + 0.7605021975170654*sin(X0) + 1.384562736421859*cos(X1) 	 loss: 14.952162894866165 	 reward -1.1514317996539605
simplified: 1.5204012244140414*X0*sin(2*X1) + 0.7605021975170654*sin(X0) - 4.44250317819288 	 loss: 57.04279454684132 	 reward -1.7422002626554518
	ITER 3/30...
	Iteration 3/30...
#QN: 9
PRINT HOF (free variables=[1 1 0 0])
====================
        {'reward': -0.39525626856096474, 'pretty-eq': '-0.534514093879108*X0*X1 - 1.2662866564318203*X1 + 0.7605021975170654*sin(X0) - 0.3096541506448807*cos(X1) + 1.6955458520255318', 'rules': 'f->B,B->(A)*X0 + 0.7605021975170654*sin(X0) + 0.0*cos(X0) + (A),A->C*X1,A->(A-A),A->A*A,A->C,A->C*cos(X1),A->(A+A),A->C,A->C*X1'}
------------------------------
neg_nmse -0.035915450214369045
neg_nrmse -0.18951372038554107
inv_nrmse 0.8406796683907803
inv_nmse 0.9653297475127561
neg_mse -2.1499047404574396
neg_rmse -1.4662553462673
neglog_mse -1.1473722112556473
inv_mse 0.3174699181076748
------------------------------
        {'reward': -0.33144345046642903, 'pretty-eq': '-0.5526979939175827*X0*X1 - 1.140390786695109*X1 + 0.7605021975170654*sin(X0) + 0.23569102478038612*sin(X1) + 1.1133211622086242', 'rules': 'f->B,B->(A)*X0 + 0.7605021975170654*sin(X0) + 0.0*cos(X0) + (A),A->C*X1,A->(A-A),A->(A-A),A->C,A->C*sin(X1),A->(A-A),A->C*X1,A->C'}
------------------------------
neg_nmse -0.03505528089327706
neg_nrmse -0.18723055544776088
inv_nrmse 0.8422963807757227
inv_nmse 0.9661319723299961
neg_mse -2.098414863817334
neg_rmse -1.4485906474285046
neglog_mse -1.1308906464626867
inv_mse 0.3227456760803077
------------------------------
        {'reward': -0.2856306397018676, 'pretty-eq': '-0.9005196335535184*X0*X1 + 1.1469905058466228*X0 + 0.7605021975170654*sin(X0) + 1.0130729940527945*sin(X1) - 2.3920154733471177', 'rules': 'f->B,B->(A)*X0 + 0.7605021975170654*sin(X0) + 0.0*cos(X0) + (A),A->(A+A),A->C*X1,A->C,A->(A-A),A->C*sin(X1),A->C'}
------------------------------
neg_nmse -0.04140785130787957
neg_nrmse -0.20348919211564917
inv_nrmse 0.8309173082327981
inv_nmse 0.9602385835137729
neg_mse -2.4786807707439182
neg_rmse -1.5743826633775915
neglog_mse -1.2466531330473438
inv_mse 0.2874652967326316
------------------------------
        {'reward': 1.067204112088386, 'pretty-eq': '-0.06040105337858499*X0*X1**2 + 0.063887751101335899*X0*X1*sin(X1) - 0.1486646586933236*X0*X1*cos(X1) - 0.20291501665434669*X0*X1 + 0.6589476311122832*X0*cos(X1) - 0.8771011305236565*X1 + 0.7605021975170654*sin(X0)', 'rules': 'f->B,B->(A)*X0 + 0.7605021975170654*sin(X0) + 0.0*cos(X0) + (A)'}
------------------------------
neg_nmse -0.002929448409858378
neg_nrmse -0.0541243790713425
inv_nrmse 0.9486546558016001
inv_nmse 0.997079108192004
neg_mse -0.17535726228374884
neg_rmse -0.4187568056566351
neglog_mse -0.16157215438882008
inv_mse 0.8508051399256892
------------------------------
        {'reward': 1.1859338774083878, 'pretty-eq': '-0.72783924605148773*X0*X1 - 0.059105576789201053*X0*cos(X1) + 0.80962822393895784*X0 - 0.8900316746785635*X1 + 0.7605021975170654*sin(X0)', 'rules': 'f->B,B->(A)*X0 + 0.7605021975170654*sin(X0) + 0.0*cos(X0) + (A),A->(A+A)'}
------------------------------
neg_nmse -0.0011090215022508292
neg_nrmse -0.0333019744497354
inv_nrmse 0.9677713047364788
inv_nmse 0.9988922070639352
neg_mse -0.06638620901943706
neg_rmse -0.2576552134528565
neglog_mse -0.06427555752139223
inv_mse 0.9377465608070077
------------------------------
====================
[-0.39525626856096474, -0.33144345046642903, -0.2856306397018676, 1.067204112088386, 1.1859338774083878] 9.5
UCB_policy... prob= [0. 0. 0. 0. 0. 0. 0. 1.]
state: f->B 	 action: B->(A)*X0 + 0.7605021975170654*sin(X0) + 0.0*cos(X0) + (A)
UCB_policy... prob= [0.0286 0.8286 0.0286 0.0286 0.0286 0.0286 0.0286 0.    ]
state: f->B,B->(A)*X0 + 0.7605021975170654*sin(X0) + 0.0*cos(X0) + (A) 	 action: A->(A-A)
uniform_random_policy...  [0, 1, 2, 3, 4, 5, 6]
state: f->B,B->(A)*X0 + 0.7605021975170654*sin(X0) + 0.0*cos(X0) + (A),A->(A-A) 	 action: A->C*sin(X1)
simplified: -0.95654591909065943*X0*sin(X1) + 0.7605021975170654*sin(X0) + 1.3647599369568655*cos(X1) 	 loss: 75.87121310807339 	 reward -1.8688247294862732
simplified: -0.7933942746684777*X0*X1 + 1.0339149321650545*X0*sin(X1) + 0.7605021975170654*sin(X0) - 1.8346167019385558*sin(X1) 	 loss: 6.802220419447897 	 reward -0.8260127627657418
simplified: 0.67356192491919657*X0*sin(X1) + 0.7605021975170654*sin(X0) + 0.32463853318159874*cos(X1) 	 loss: 66.33000282239922 	 reward -1.8108070449266673
simplified: -0.7665913058479775*X0*X1 + 0.5346831249456387*X0*sin(X1) + 0.7605021975170654*sin(X0) + 0.8172490056489683*cos(X1) 	 loss: 6.7755807791271705 	 reward -0.8259732957759638
simplified: -0.05370665944459675*X0*X1**2 - 0.4745868998217178*X0*X1 + 0.6222998655790818*X0*sin(X1) + 0.7605021975170654*sin(X0) - 0.87532303904956817*sin(X1) 	 loss: 4.48975701001406 	 reward -0.6431508330023143
simplified: -0.5882696088272525*X0*X1 + 0.5316535219243178*X0*sin(X1) - 0.8861268440417875*X1 + 0.7605021975170654*sin(X0) 	 loss: 2.260124165587186 	 reward -0.35201280997293966
simplified: -0.8996255639127484*X0*X1 + 0.020923224575900484*X0*sin(X1) + 1.1647345634198532*X0 + 0.7605021975170654*sin(X0) - 2.19093552783831 	 loss: 2.633849935295151 	 reward -0.4172380520276867
simplified: -0.8802893894985785*X0*X1 + 1.2336091538670848*X0*sin(X1) + 0.7605021975170654*sin(X0) - 1.3144865869802072*sin(X1) 	 loss: 6.487680770069511 	 reward -0.8072291003082854
simplified: -0.76684668798332455*X0*X1 + 0.6950714539581221*X0*sin(X1) + 0.4242004947983759*X0*cos(X1) + 0.7605021975170654*sin(X0) - 1.4970068895134736*sin(X1) 	 loss: 6.489894277199238 	 reward -0.8041516992131964
simplified: -1.3244990492913626*X0*sin(X1) + 1.4353576732780613*X0*cos(X1) + 0.3421278806470012*X1*sin(2*X1) + 0.7605021975170654*sin(X0) + 6.0772448277888386*sin(X1) - 6.900765106266977 	 loss: 73.57524882609123 	 reward -1.8334146606140096
simplified: -0.7522704139992318*X0*X1 + 0.6206566710040787*X0*sin(X1) + 0.7605021975170654*sin(X0) - 1.0376762668048343 	 loss: 7.209736119727064 	 reward -0.8527847050229322
simplified: 0.9725443673049656*X0*sin(X1) + 0.7605021975170654*sin(X0) + 2.126040879392793*sin(X1) + 3.3504074461825087*sin(2*X1) - 5.820090105363468 	 loss: 50.72660568576987 	 reward -1.684885144577217
simplified: -0.6003083644042487*X0*X1 + 0.8341594344167279*X0*sin(X1) - 1.14018326810854*X1 + 0.7605021975170654*sin(X0) - 1.6709734061527852*sin(X1) - 0.13445000907761175*sin(2*X1) + 1.5928200902135635 	 loss: 1.6361544433981137 	 reward -0.20875109800748612
simplified: -0.7440877233245871*X0*X1 + 0.824472976667541*X0*sin(X1) + 0.7605021975170654*sin(X0) - 1.4984944960798512*sin(X1) 	 loss: 5.938390325554707 	 reward -0.7690383171496452
simplified: 0.5584156352503501*X0*sin(X1) - 1.5477782933360466*X0 + 0.7605021975170654*sin(X0) + 2.7979812588380053*cos(X1) 	 loss: 51.89216945156922 	 reward -1.6980277834412827
simplified: -0.14383816252301267*X0*X1**2*sin(X1)*cos(X1) - 0.06728414958451677*X0*sin(X1) - 1.7604361212261004*X1 + 0.7605021975170654*sin(X0) 	 loss: 16.982025748788313 	 reward -1.2104565752968748
simplified: -0.4306657438672402*X0*X1*sin(X1) + 0.1028159281102866*X0*X1*cos(X1) - 0.5778506406976878*X0*X1 - 1.2807680569387545*X0*sin(X1)**2 - 0.032033896281850798*X0*sin(X1)*sin(2*X1) + 2.6634719966846368*X0*sin(X1) + 0.7605021975170654*sin(X0) - 1.5598709032764468 	 loss: 5.1953138270564425 	 reward -0.6972366040287286
simplified: -0.9091984999180734*X0*X1 - 0.04971823160311062*X0*sin(X1) - 0.0743009404237734*X0*cos(X1) + 1.2098165539171757*X0 + 0.7605021975170654*sin(X0) - 2.021875690853578 	 loss: 2.3393318800578613 	 reward -0.363230454930418
simplified: 1.4330824193147287*X0*sin(X1) - 1.3676315841537843*X0 + 0.7605021975170654*sin(X0) - 2.4036863817051937 	 loss: 60.1045090537149 	 reward -1.7682602598238777
simplified: -0.4625797191362044*X0*sin(X1) + 0.504579117225827*X0*cos(X1) - 0.75668612304607073*X1*cos(X1) + 0.7605021975170654*sin(X0) - 8.0166614954066354*sin(X1)**2*cos(X1) + 3.3778218101134793*sin(X1)*cos(X1) - 8.8117266948879028*cos(X1)**2 + 7.2847201500201041*cos(X1) 	 loss: 45.62082794085697 	 reward -1.6197978352636664
simplified: 1.3652745530208166*X0*sin(X1) - 1.3164939767009136*X0 + 0.7605021975170654*sin(X0) - 2.4706119893819514 	 loss: 53.882547174637445 	 reward -1.7210853662301018
simplified: -0.6436258056364439*X0*sin(X1) + 0.42045968314428802*X0*cos(X1) + 0.7605021975170654*sin(X0) - 0.12161561533114208*cos(X1) 	 loss: 59.05373306043397 	 reward -1.757126873593658
simplified: -0.922177028573548*X0*X1 - 0.09600375374717972*X0*sin(X1) + 1.086405701393624*X0 + 0.7605021975170654*sin(X0) - 1.8807349276924846*cos(X1)**2 	 loss: 3.337370689330455 	 reward -0.5171580238412194
simplified: 1.5095076233871896*X0*sin(X1) - 1.3513678895424586*X0 + 0.7605021975170654*sin(X0) - 2.038622074589146 	 loss: 60.24587154061335 	 reward -1.7692743910256392
simplified: 0.25452086034571442*X0*X1*sin(X1) - 0.77477783579300071*X0*sin(X1) + 1.9064610838907662*X0*sin(2*X1) + 0.75679129454789895*X0*cos(X1) + 0.7605021975170654*sin(X0) - 6.7345715674868003*cos(X1)**2 	 loss: 62.83070119669549 	 reward -1.7660784706746089
simplified: -0.7415525079057286*X0*X1 + 0.746914275496846*X0*sin(X1) - 0.5349264686124965*X1*sin(X1) + 0.7605021975170654*sin(X0) 	 loss: 6.98936130485544 	 reward -0.8377055883650955
simplified: -0.06832972957504647*X0*sin(X1) + 0.46236666874686416*X0*cos(X1) + 0.7605021975170654*sin(X0) - 1.1080829287198608*sin(X1) 	 loss: 82.88406711799858 	 reward -1.9069889661403514
simplified: -0.7629685491027777*X0*X1 + 1.060884453265013*X0*sin(X1) + 0.7605021975170654*sin(X0) - 2.974079805872119*sin(X1) + 0.9830957079119154*cos(X1) 	 loss: 5.989749405194266 	 reward -0.771211107808006
simplified: 0.06799028827115293*X0*sin(X1) + 1.4293539217247448*X0*cos(X1) + 0.7605021975170654*sin(X0) - 1.941828737368836*sin(X1) 	 loss: 72.22539040093677 	 reward -1.8475656018351767
simplified: 0.030425017693763614*X0*X1**2*sin(2*X1) - 0.016377011388824505*X0*X1**2*cos(2*X1) - 0.016377011388824505*X0*X1**2 - 0.40053475896805129*X0*X1*sin(X1) - 0.022367414908176496*X0*X1*sin(2*X1)*cos(X1) - 0.058039808164080859*X0*X1*sin(2*X1) + 0.012039809224658377*X0*X1*cos(X1)*cos(2*X1) + 0.012039809224658377*X0*X1*cos(X1) + 0.031241349105383587*X0*X1*cos(2*X1) - 0.63061151474075139*X0*X1 + 0.29445922527174837*X0*sin(X1)*cos(X1) + 1.3281968799191783*X0*sin(X1) + 0.042668848493819135*X0*sin(2*X1)*cos(X1) - 0.022967553372188764*X0*cos(X1)*cos(2*X1) + 0.46360365466512962*X0*cos(X1) + 0.7605021975170654*sin(X0) - 1.970886293830579 	 loss: 4.053000446304301 	 reward -0.5921704148631045
simplified: -0.7584349826108553*X0*X1 + 0.7062475669311084*X0*sin(X1) + 0.7605021975170654*sin(X0) - 1.5225354782719408*sin(X1) + 0.94112646257204374*cos(X1) 	 loss: 6.334608745102576 	 reward -0.7889880381328298
simplified: -0.5532247294608159*X0*X1 + 0.4127607398595304*X0*sin(X1) - 1.112523544154984*X1 + 0.7605021975170654*sin(X0) + 1.040211111956347 	 loss: 1.9043363010523584 	 reward -0.277513514153083
simplified: -0.7483489548221534*X0*X1 + 0.7723044091128878*X0*sin(X1) + 0.7605021975170654*sin(X0) + 1.3014411408462658*cos(X1) - 1.3817474174209272 	 loss: 5.75873260800094 	 reward -0.7512530053625139
simplified: -0.7128427804319997*X0*X1 + 0.01707093680504426*X0*sin(X1) + 0.7452906356586313*X0 - 0.8935942065389423*X1 + 0.7605021975170654*sin(X0) 	 loss: 0.07075826530279387 	 reward 1.1387722167334067
simplified: 0.3563695791647178*X0*sin(X1) + 0.7605021975170654*sin(X0) + 0.16233470709452763*cos(X1) 	 loss: 81.00408188956213 	 reward -1.8970844520701555
simplified: 0.3945113537716735*X0*sin(X1) + 0.7605021975170654*sin(X0) + 5.118039103560355*sin(X1)*cos(X1) + 2.9018986142846901*cos(X1) - 6.075454744503496 	 loss: 62.01523627426658 	 reward -1.7675658917128172
simplified: 0.6126621360233965*X0*sin(X1) - 0.4369848263602094*X0 + 0.7605021975170654*sin(X0) - 2.6173491646406863 	 loss: 48.411609973746906 	 reward -1.6748650691682696
simplified: -0.00015785589847712118*X0*X1**3*sin(X1)*cos(X1)**2 - 0.00050811754589441379*X0*X1**3*sin(X1)*cos(X1) - 0.0022727663127450828*X0*X1**2*sin(X1)*cos(X1)**2 - 0.0073157382927373013*X0*X1**2*sin(X1)*cos(X1) - 0.038129987039920776*X0*X1**2 - 0.01462360574260362*X0*X1*sin(X1) - 0.54898518766657726*X0*X1 + 1.1822594934785953*X0*sin(X1) + 0.7605021975170654*sin(X0) - 2.2111009997327478*sin(X1) + 0.5856287752051822*cos(X1) 	 loss: 4.233689626216153 	 reward -0.6106263856268703
simplified: -0.3684356320596504*X0*sin(X1) + 0.6615459328400871*X0*cos(X1) + 0.7605021975170654*sin(X0) - 0.45306993028223463*cos(X1) 	 loss: 54.748820225828446 	 reward -1.7279705573555408
simplified: -0.1159902110344904*X0*sin(X1) + 0.7605021975170654*sin(X0) + 0.25232807764750015*cos(X1) 	 loss: 49.925234705709826 	 reward -1.68815563539779
uniform_random_policy...  [0, 1, 2, 3, 4, 6]
state: f->B,B->(A)*X0 + 0.7605021975170654*sin(X0) + 0.0*cos(X0) + (A),A->(A-A) 	 action: A->C*X1
simplified: -0.59010608185188416*X0*X1 - 0.86609075627525563*X1 + 0.7605021975170654*sin(X0) 	 loss: 3.0363040879025722 	 reward -0.47849998086243645
simplified: -0.7572374720900296*X0*X1 + 0.8148457908950021*X0*sin(X1) + 0.7605021975170654*sin(X0) - 0.6297840060419205*sin(X1) - 0.7919155490217578 	 loss: 7.492102992123514 	 reward -0.8676313489621625
simplified: -0.7280565343461488*X0*X1 + 0.4363336508948741*X0*cos(X1) + 0.7605021975170654*sin(X0) - 0.06610251298433814*sin(X1) 	 loss: 8.135244006991396 	 reward -0.9049219974792181
simplified: -0.7517982815482349*X0*X1 + 0.696508695704545*X0*sin(X1) + 0.11432470731804853*X1*cos(X1) + 0.7605021975170654*sin(X0) 	 loss: 7.546035319209482 	 reward -0.8707216099523486
simplified: -0.7834141270516464*X0*X1 + 0.828208745865519*X0*sin(X1) + 0.7605021975170654*sin(X0) - 1.0872401511450476 	 loss: 5.682464999180658 	 reward -0.7500208517488943
simplified: -0.9231683424648335*X0*X1 + 0.8500287663153782*X0 + 0.7605021975170654*sin(X0) - 0.3091096455543404*cos(X1) 	 loss: 6.2364469394112625 	 reward -0.7901795164371695
simplified: -0.8046196727981905*X0*X1 + 0.7326803173391125*X0*cos(X1) + 0.7605021975170654*sin(X0) - 0.4616263209862185*cos(X1) 	 loss: 5.964814865237358 	 reward -0.7709550053101694
simplified: -0.730745290729579*X0*X1 + 0.4226688836679147*X0*cos(X1) + 0.7605021975170654*sin(X0) + 0.4318493967909706*sin(X1) 	 loss: 7.7501352065525655 	 reward -0.8839867453361641
simplified: -0.7830179479179583*X0*X1 + 0.6576280858098746*X0*sin(X1) + 0.7605021975170654*sin(X0) + 0.5420563155803431*cos(X1) 	 loss: 7.201234090342605 	 reward -0.8522753311467429
simplified: -0.9078515069870715*X0*X1 + 1.1824774136493295*X0 + 0.7605021975170654*sin(X0) - 2.038111475565971 	 loss: 2.3061711812314245 	 reward -0.3607196276082091
simplified: -0.7483421286756482*X0*X1 + 0.43089584627308464*X0*cos(X1) + 0.7605021975170654*sin(X0) + 0.6215501347746618*sin(X1) 	 loss: 7.177682493804555 	 reward -0.8508611605172485
simplified: -0.955226937910718*X0*X1 + 0.8526638706960538*X0 + 0.7605021975170654*sin(X0) - 0.259484668405839*cos(X1) 	 loss: 4.304530435822629 	 reward -0.6301317244287392
simplified: -0.6464524442747321*X0*X1 + 0.7902734068477172*X0*sin(X1) - 0.8120101632747806*X1 + 0.7605021975170654*sin(X0) 	 loss: 2.672730484651982 	 reward -0.42439983195473124
simplified: -0.7302577336767847*X0*X1 + 0.47005090220871826*X0*cos(X1) + 0.7605021975170654*sin(X0) - 0.04107128425976059*sin(X1) 	 loss: 6.556038211860818 	 reward -0.8117538606351166
simplified: -0.9710870264821743*X0*X1 + 0.8961241969151448*X0 + 0.7605021975170654*sin(X0) - 0.7948349922202177*sin(X1) 	 loss: 4.644581147664052 	 reward -0.6629548665834986
simplified: -0.8976593052298564*X0*X1 + 0.7943516035996668*X0 + 0.7605021975170654*sin(X0) - 0.4298883088748796*cos(X1) 	 loss: 4.295924902534183 	 reward -0.6292678239289965
simplified: -0.7716891036019865*X0*X1 + 0.7605021975170654*sin(X0) + 0.7606018906361158*sin(X1) 	 loss: 7.456420219453397 	 reward -0.8673082637174329
simplified: -0.88063883713612788*X0*X1 + 1.0205807194225878*X0 + 0.7605021975170654*sin(X0) + 6.1501708537376023*sin(X1)**4 - 8.1465185736678231*sin(X1)**2 	 loss: 3.023424677233392 	 reward -0.47192329445826126
simplified: -0.772093065829848*X0*X1 + 1.4792510489638598*X0*sin(X1)*cos(X1)**2 + 0.49679456812315412*X0*sin(X1)*cos(X1) + 0.7605021975170654*sin(X0) + 0.05853388866914559*cos(X1) 	 loss: 6.409072497480741 	 reward -0.7955731771343131
simplified: -0.7318790778386892*X0*X1 + 0.5378264780897535*X0*cos(X1) + 0.7605021975170654*sin(X0) - 0.12313761815383206*cos(X1) 	 loss: 7.063723472690862 	 reward -0.843952205748414
simplified: -0.7372593581005061*X0*X1 + 0.58699911647828636*X0*cos(X1) + 0.7605021975170654*sin(X0) - 0.4067779394939172*cos(X1) 	 loss: 6.3390340508241785 	 reward -0.7924515650984031
simplified: -0.7162462432182498*X0*X1 + 0.8491712596127341*X0*sin(X1) - 0.47495294414203352*X1*sin(X1) + 0.7605021975170654*sin(X0) - 2.6692997456414023*sin(X1)**2 + 2.9029204405496997*sin(X1)*cos(X1)**2 + 1.5319542106522*sin(X1)*cos(X1) 	 loss: 5.087065387284615 	 reward -0.6938584233498543
simplified: -0.7634544618091723*X0*X1 + 0.7605021975170654*sin(X0) + 0.5777223560392091*sin(X1) + 0.73989563043119*cos(X1) 	 loss: 6.702377749659718 	 reward -0.8196421582506485
simplified: -0.6049832721350368*X0*X1 + 0.6973336842723042*X0*sin(X1) - 0.90764675951608972*X1 + 0.7605021975170654*sin(X0) + 0.4550616909659391*sin(X1)**2 - 0.331289039241125*sin(X1)*cos(X1) - 0.82614248557777858*sin(X1) + 0.60143922408054951*cos(X1) 	 loss: 2.4459704778282547 	 reward -0.38228238886355187
simplified: -0.8955713530692978*X0*X1 + 0.7920235982408401*X0 + 0.7605021975170654*sin(X0) - 0.18823667897483387*cos(X1) 	 loss: 5.7935390853875415 	 reward -0.7583777064884559
simplified: -0.5713620347889433*X0*X1 + 0.576676775908766*X0*sin(X1) - 0.8843134980954059*X1 + 0.7605021975170654*sin(X0) 	 loss: 2.9734332567382395 	 reward -0.47042573478776367
simplified: -0.66052357495015659*X0*X1 + 0.3024363207470455*X0*cos(X1) - 1.0112778354124958*X1*sin(X1)**2 + 0.7605021975170654*sin(X0) + 0.95647641508627752*sin(X1) - 0.1089042979504708*cos(X1) 	 loss: 4.935100883721915 	 reward -0.6741435547898599
simplified: -0.0013256466458235957*X0*X1**2*cos(X1) - 0.73664747239565063*X0*X1 + 0.7605021975170654*sin(X0) + 0.4139206143460429*sin(X1) + 0.7943249596055105*cos(X1) 	 loss: 8.223258947467414 	 reward -0.900512557304258
simplified: -0.5336757199459233*X0*X1 + 0.4992042690531555*X0*sin(X1) - 1.1101981362010314*X1 + 0.7605021975170654*sin(X0) + 0.82406499626779978 	 loss: 1.5705485136693005 	 reward -0.19255226820677837
simplified: -0.730445260677413*X0*X1 + 0.5727671664442766*X0*cos(X1) + 0.7605021975170654*sin(X0) + 0.31125094319863167*sin(X1) + 0.18713190376013436*cos(X1) - 1.0269203459357756 	 loss: 5.776623866204902 	 reward -0.7540915333997685
simplified: -0.9623964396682438*X0*X1 - 0.07384555079291914*X0*sin(X1) + 0.915682448948457*X0 + 0.7605021975170654*sin(X0) - 0.3354613691682539*cos(X1) 	 loss: 6.366866414210279 	 reward -0.7975167969061452
simplified: -0.7613819868495214*X0*X1 + 0.5152627347770375*X0*cos(X1) + 0.7605021975170654*sin(X0) + 0.026132421549293388*cos(X1) 	 loss: 6.571392869918554 	 reward -0.8127637361364743
simplified: -0.5467783729471561*X0*X1 + 0.0624598571137296*X0*sin(X1)**3 + 0.3385707054379209*X0*cos(X1) - 1.0529573173471825*X1 + 0.7605021975170654*sin(X0) + 0.80149128441669583 	 loss: 1.8351456238367878 	 reward -0.258964590070839
simplified: -0.8952208844103109*X0*X1 + 0.792946332711432*X0 + 0.7605021975170654*sin(X0) - 0.51568413971087*cos(X1) 	 loss: 4.936610692187844 	 reward -0.6892786938161746
simplified: -0.5787991863124285*X0*X1 + 0.4891496635953081*X0*cos(X1) - 0.8366292823493005*X1 + 0.7605021975170654*sin(X0) 	 loss: 2.5942129927865905 	 reward -0.41152779814126517
simplified: -0.7613726443271857*X0*X1 + 0.3543532798744848*X0*cos(X1) + 0.021976318965850606*X1*cos(X1) + 0.7605021975170654*sin(X0) 	 loss: 7.146840560453814 	 reward -0.847305048168343
simplified: -0.7645079375501497*X0*X1 + 0.6558146094738024*X0*sin(X1) + 0.7605021975170654*sin(X0) - 1.13196400783233*sin(X1) 	 loss: 7.401191248005533 	 reward -0.8623715054083013
simplified: -0.56432900019340468*X0*X1 - 0.8951809883525038*X1 + 0.7605021975170654*sin(X0) 	 loss: 4.236071349712743 	 reward -0.6232108787995116
simplified: -0.7351760874704117*X0*X1 + 0.6882697209855096*X0*sin(X1) + 0.7605021975170654*sin(X0) - 1.211688087752309*sin(X1) 	 loss: 8.552241502269517 	 reward -0.9265014390229318
simplified: -0.8123939886593528*X0*X1 + 1.0186757870463907*X0*sin(X1) + 0.7605021975170654*sin(X0) - 0.8743819046057509*sin(X1) 	 loss: 5.6498078170624595 	 reward -0.7460384206608827
uniform_random_policy...  [0, 1, 2, 3, 6]
state: f->B,B->(A)*X0 + 0.7605021975170654*sin(X0) + 0.0*cos(X0) + (A),A->(A-A) 	 action: A->(A+A)
simplified: -0.8807495832173817*X0*X1 + 0.80192319329495692*X0 + 0.7605021975170654*sin(X0) - 0.5530465699462843*sin(X1) 	 loss: 6.335505436438025 	 reward -0.7953894228056246
simplified: -0.9648798728313582*X0*X1 + 0.10969130792435614*X0*sin(X1) + 0.9178607437475459*X0 + 0.7605021975170654*sin(X0) - 1.2592724949118483*sin(X1) 	 loss: 4.275948560901804 	 reward -0.6260018459017636
simplified: 0.0038297493953126141*X0*X1*sin(X1) - 0.7326265367366385*X0*X1 + 0.015056049919205245*X0*sin(X1) - 0.06709560165549056*X0*cos(X1) + 0.8206490060544773*X0 - 0.8841991204941418*X1 + 0.7605021975170654*sin(X0) - 0.15076291192264651*sin(X1) 	 loss: 0.0508007521993456 	 reward 1.265955960745937
simplified: -0.2414925594698424*X0*X1*sin(X1) - 0.74719418202051244*X0*X1 + 0.46949787396587585*X0*sin(X1)*cos(X1) + 1.2848969232264646*X0*sin(X1) + 0.7605021975170654*sin(X0) - 1.1283585674395857*sin(X1) 	 loss: 5.3192760639091405 	 reward -0.7100503340033738
simplified: -0.0302484668498337*X0*X1**2*sin(X1) - 0.732870517751434*X0*X1 + 1.0401402874955097*X0*sin(X1) + 0.7605021975170654*sin(X0) - 0.8287685109856626*sin(X1) 	 loss: 5.895905149449041 	 reward -0.7598326217309722
simplified: 0.2648016543095487*X0*X1*cos(X1) + 0.63866300835734375*X0*sin(X1) + 0.670729442543372*X0*cos(X1) + 0.7605021975170654*sin(X0) - 4.7420303669554819 	 loss: 61.33525417339245 	 reward -1.762844259644982
simplified: -0.04485014312387657*X0*X1**2 + 0.075231408887477294*X0*X1*sin(X1) - 0.1111056748145925*X0*X1*cos(X1) - 0.47501507846314855*X0*X1 + 0.7605021975170654*sin(X0) + 0.7944742261870194*cos(X1) 	 loss: 7.842714016030193 	 reward -0.8732442574800761
simplified: 1.140312858124368*X0*sin(X1) - 2.1996602367704914*X0 + 0.7605021975170654*sin(X0) - 0.88500503244076609 	 loss: 77.28864152497796 	 reward -1.8693192562132417
simplified: -0.7165021441060135*X0*X1 + 0.46637655158604724*X0*sin(X1) + 0.4729210418754621*X0*cos(X1) + 0.7605021975170654*sin(X0) - 0.9713048890849034 	 loss: 6.03218158338598 	 reward -0.7742524207625481
simplified: -0.05010388228271086*X0*X1**2 - 0.17353522277189523*X0*X1*cos(X1) - 0.38399696271306166*X0*X1 + 0.7446932628100842*X0*cos(X1) + 0.7605021975170654*sin(X0) - 0.6343916582927019*sin(X1) 	 loss: 4.146376708669916 	 reward -0.6102973617682378
simplified: -0.6016737505349739*X0*X1 + 0.62582503014554185*X0*sin(X1) - 0.8764080836985638*X1 + 0.7605021975170654*sin(X0) 	 loss: 2.0676586706694815 	 reward -0.31296383194326033
simplified: -0.19761183818615649*X0*X1*sin(X1) + 0.047027619184549485*X0*X1*sin(2*X1) - 0.85227920737565298*X0*X1 + 0.5856339795612889*X0*sin(X1) + 0.5687484359949367*X0 + 0.33268638681040248*X1*sin(X1) + 0.7605021975170654*sin(X0) - 0.373949848769781*sin(X1)*cos(X1) - 0.9104815117239328*sin(X1) 	 loss: 4.782222550953225 	 reward -0.663504877721162
simplified: -0.7302563797744418*X0*X1 - 0.00458162677459883*X0*sin(X1) + 0.8218614562591634*X0 + 0.007913028204192567*X1*sin(X1) + 0.01250877509595721*X1*cos(X1) - 0.89091343632354702*X1 + 0.7605021975170654*sin(X0) - 0.4109803627144135*cos(X1) 	 loss: 0.0030584959195816895 	 reward 2.440140995508234
simplified: 1.7895769666369825*X0*sin(X1) + 1.695464922249362*X0*cos(X1) - 2.1761952823559554*X0 + 0.7605021975170654*sin(X0) - 1.9805361860766755 	 loss: 39.803553814253476 	 reward -1.583994435620508
simplified: 1.5650109157314869*X0*cos(X1) - 1.4377844243974962*X0 + 0.7605021975170654*sin(X0) - 1.9883728673563554 	 loss: 47.292668619851824 	 reward -1.6614422709640946
simplified: -0.95835430443065788*X0*X1*sin(X1) + 3.8472996109490443*X0*sin(X1) + 1.2984009638694076*X0*cos(X1) - 2.2079359833943175*X0 + 0.7605021975170654*sin(X0) - 2.1405918874282257 	 loss: 16.31678510772595 	 reward -1.195767619154228
simplified: -0.0056636080704050956*X0*X1**2 + 0.0029280551996295029*X0*X1*sin(X1) - 0.01660405741434749*X0*X1*cos(X1) - 0.67506839151724378*X0*X1 + 0.00029184536030585271*X0*sin(X1)**2 + 0.010004257741367399*X0*sin(X1)*cos(X1) + 0.036232020621846977*X0*sin(X1) - 0.0031396706117628372*X0*cos(X1) + 0.70416915708548247*X0 - 0.88461307391165*X1 + 0.7605021975170654*sin(X0) 	 loss: 0.061632045981143524 	 reward 1.1791185704652292
simplified: -0.006350906910094261*X0*X1*cos(X1) - 0.6997826110561417*X0*X1 + 0.35020575924174296*X0*sin(X1) + 0.5598345741921467*X0*cos(X1)**2 + 0.3760209691117235*X0*cos(X1) + 0.7605021975170654*sin(X0) + 0.7070237621346456*sin(X1) - 1.8412598805212179 	 loss: 3.741634368633989 	 reward -0.5583465146222345
simplified: -0.8790241890583341*X0*X1 + 0.66744109864717226*X0*sin(X1)**2 - 0.038162964466589559*X0*sin(X1) + 0.76827306536800551*X0 + 0.7605021975170654*sin(X0) + 0.21021056669825165*sin(2*X1) - 0.25879778689227556*cos(X1) + 1.6768510607674862*cos(2*X1) - 1.6768510607674862 	 loss: 2.7100319573931 	 reward -0.42439669761093296
simplified: -0.8758118229914208*X0*X1 - 0.029361737915613051*X0*cos(X1) + 0.8582504305935723*X0 + 0.7605021975170654*sin(X0) - 0.6647413835132597*sin(X1) - 0.3180424244647508*cos(X1) 	 loss: 4.9641760976404505 	 reward -0.6861683881197578
simplified: -0.164514046109232*X0*X1*sin(X1)*cos(X1) - 0.95957879744345482*X0*X1*sin(X1) - 0.81624579037537753*X0*sin(X1)**2*cos(X1) - 4.7610047437933235*X0*sin(X1)**2 + 4.429220210522102*X0*sin(X1) + 0.157457088676608*X0*cos(X1) + 0.7605021975170654*sin(X0) + 1.257070122611029*sin(X1)*cos(X1) - 0.41286157081516767*sin(X1) 	 loss: 28.498653315945084 	 reward -1.4260026165959343
simplified: -0.9102747250017381*X0*X1 + 0.049814234987183752*X0*sin(X1) - 0.18048428094632653*X0*cos(X1)**3 + 0.16164421362599405*X0*cos(X1) + 0.736149851617587*X0 + 0.7605021975170654*sin(X0) - 0.23008532570830736*cos(X1) 	 loss: 4.48763733497276 	 reward -0.6391005406571114
simplified: -0.8810437823740179*X0*X1 + 0.23871991405485202*X0*sin(X1) + 1.0116628731946369*X0 + 0.7605021975170654*sin(X0) - 0.98291005386887352*sin(X1)**2 - 1.4412855941985962 	 loss: 1.6283337721417084 	 reward -0.2087982141340579
simplified: -0.56145323906269254*X0*X1 + 0.38101585696336676*X0*sin(X1) + 0.30768753610561805*X0*cos(X1) - 0.8467584069484745*X1 + 0.7605021975170654*sin(X0) 	 loss: 1.6917974023912108 	 reward -0.22427283509670673
simplified: -0.9174206394110438*X0*X1 + 0.027231946561597085*X0*sin(X1) + 1.1514375872763867*X0 + 0.7605021975170654*sin(X0) - 2.0206294317252405 	 loss: 2.8112075437505983 	 reward -0.4453143101810989
simplified: -0.743251813598457*X0*X1 + 0.3848671740055357*X0*sin(X1) + 0.4100458276343278*X0*cos(X1) + 0.7605021975170654*sin(X0) - 0.08476854321151599*cos(X1) 	 loss: 6.646317229151233 	 reward -0.8143921732884967
simplified: -0.1065245505020286*X0*X1**2 + 0.4525898238299194*X0*sin(X1) - 0.15788318580064853*X0 + 0.7605021975170654*sin(X0) + 0.8985854247668508*cos(X1) 	 loss: 6.696445035813794 	 reward -0.8159885012566347
simplified: 1.78158180117808*X0*sin(X1) + 1.8868650135139817*X0*cos(X1) - 2.0772270798452275*X0 + 0.7605021975170654*sin(X0) + 0.6371455303180713*sin(X1) - 1.931526066458053 	 loss: 26.372546834937992 	 reward -1.4070043331445097
simplified: 0.12395633632672809*X0*X1*sin(X1) - 1.010851426027539*X0*X1 - 0.43391891961464643*X0*sin(X1) - 0.32262295407736121*X0*cos(X1)**2 - 0.2233598358692551*X0*cos(X1) + 1.3979235265142325*X0 + 0.7605021975170654*sin(X0) - 0.6096558859321213*sin(X1) 	 loss: 4.003999833522512 	 reward -0.5870234584805212
simplified: 0.63041590655176713*X0*cos(X1) - 1.1902779284909488*X0 - 0.7969889073602221*X1*sin(X1) + 0.7605021975170654*sin(X0) + 1.8001343921705515*sin(2*X1) + 0.5793862263938794*cos(X1) + 1.2012566168583255*cos(2*X1) - 2.6961531525783508 	 loss: 49.14427266925499 	 reward -1.6513410029307665
simplified: 0.00369064003374011*X0*X1**2 - 0.7600660010090532*X0*X1 - 0.07122259400848016*X0*cos(X1) + 0.855105101052732*X0 - 0.88061654916791418*X1 + 0.7605021975170654*sin(X0) - 0.1070327039725457*sin(X1) - 0.2008410536441533*sin(2*X1) 	 loss: 0.04074165249014569 	 reward 1.3488615469474912
simplified: -0.91105326238266116*X0*X1 + 0.31588826011403002*X0*sin(X1) - 0.025749274486654352*X0*cos(X1) + 0.8133695025994164*X0 + 0.7605021975170654*sin(X0) - 1.7821107463014798*sin(X1) 	 loss: 4.334713806945378 	 reward -0.6268451419536509
simplified: 0.014435809243056448*X0*X1*cos(X1) - 0.72368294963168616*X0*X1 + 0.7605021975170654*sin(X0) - 0.722001842785563 	 loss: 8.31522121725941 	 reward -0.9107163536864548
simplified: -0.87538084432008373*X0*X1 + 0.25070011222449749*X0*sin(X1) + 0.01445558371444645*X0*cos(X1) + 0.7512727890853538*X0 + 0.7605021975170654*sin(X0) - 1.430543166118466*sin(X1) 	 loss: 4.330374092990051 	 reward -0.6239151248159653
simplified: -0.8803987913753121*X0*X1 + 0.30365851911149751*X0*sin(X1)**4 + 0.071034061730268393*X0*sin(X1)**3 - 0.19724015969744131*X0*sin(X1)**2 + 0.026294828475171453*X0*cos(X1) + 1.181166001913721*X0 + 0.7605021975170654*sin(X0) - 2.2195469207177716 	 loss: 2.856259358692834 	 reward -0.4440938576993095
simplified: 0.07807201281127265*X0*X1*sin(X1)*cos(X1) - 0.0176612384868953*X0*X1*sin(X1) - 0.7457360091964199*X0*X1 + 0.7605021975170654*sin(X0) + 0.9602781459699002*cos(X1) 	 loss: 5.818238751214177 	 reward -0.7541537754052912
simplified: -0.7109245661260445*X0*X1 + 0.6382094873026359*X0*sin(X1) + 0.34352167934581695*X0*cos(X1) + 0.7605021975170654*sin(X0) - 1.264811784051772 	 loss: 6.111462187500335 	 reward -0.7798779361247429
simplified: -0.9114915384422483*X0*X1 - 0.09391646679567132*X0*sin(X1) - 0.021205418724389464*X0*sin(2*X1) + 0.019682688026555702*X0*cos(X1) - 0.023907517032887682*X0*cos(2*X1) + 0.89728916023088748*X0 + 0.7605021975170654*sin(X0) - 0.5395330803642172*cos(X1) 	 loss: 4.905689042634289 	 reward -0.6770164646974932
simplified: -0.35240954437361523*X0*sin(X1) + 1.5578922183856857*X0*cos(X1) + 0.7605021975170654*sin(X0) - 4.872129481468745 	 loss: 54.32373079884892 	 reward -1.7142838418144195
simplified: 1.9720027786571384*X0*sin(X1) + 1.2439834688242096*X0*sin(2*X1) + 0.91846452321446108*X0*sin(3*X1) + 0.88985612082799039*X0*cos(X1) + 1.6894121099603852*X0*cos(2*X1)**2 + 0.0035003987345756227*X0*cos(3*X1) - 3.297617078171061*X0 + 0.7605021975170654*sin(X0) - 2.3013185475360185 	 loss: 26.580705731095236 	 reward -1.3879870797475329
uniform_random_policy...  [1, 2, 3, 6]
state: f->B,B->(A)*X0 + 0.7605021975170654*sin(X0) + 0.0*cos(X0) + (A),A->(A-A) 	 action: A->A*A
simplified: 0.026456118497003677*X0*X1*cos(X1) - 0.5400846744445259*X0*X1 + 0.45073563825214317*X0*sin(2*X1) - 1.0000980327190014*X1 + 0.7605021975170654*sin(X0) + 0.7109319446126552*sin(X1)**2 	 loss: 1.8528952076461676 	 reward -0.26412522323702214
simplified: 0.0069659776728572815*X0*X1**4 + 0.0078858695279625602*X0*X1**3*sin(X1) - 0.072468330957582472*X0*X1**3 - 0.025246542867581176*X0*X1**2*sin(X1) + 0.038434565864806622*X0*X1**2*cos(X1) + 0.11353992073732712*X0 + 0.7605021975170654*sin(X0) + 0.4624882797941739*cos(X1) 	 loss: 5.223333262028609 	 reward -0.6967187157164269
simplified: -0.9281219213168145*X0*X1 - 0.1453158014365532*X0*sin(X1)**2*cos(X1) + 0.1712562321495056*X0*sin(X1)**2 + 0.037219361984409789*X0*sin(X1) + 1.1876010859780153*X0 + 0.7605021975170654*sin(X0) - 2.182673447921382 	 loss: 2.4936953086520592 	 reward -0.3889814702482358
simplified: -0.1726389514021525*X0*X1*cos(X1) + 0.496349992676843*X0*sin(X1)*cos(X1) - 0.6364229350319304*X0 - 2.051578840934664*X1 + 0.7605021975170654*sin(X0) + 0.37290326548955793*cos(X1) + 1.7843265491154638 	 loss: 16.179021047739987 	 reward -1.1826327057068635
simplified: -0.99833988541633924*X0*X1*sin(X1)**2 + 0.84203786747084958*X0*sin(X1) + 0.7605021975170654*sin(X0) - 2.9933521431886577 	 loss: 43.30041092070093 	 reward -1.6137294563013889
simplified: 5.2041993777766336*X0*sin(X1)*cos(X1)**2 - 1.7841781565293096*X0 + 0.7605021975170654*sin(X0) - 1.3124233502803235*sin(X1) 	 loss: 46.191545900028046 	 reward -1.6479915780373524
simplified: 0.028257493085742875*X0*X1*cos(X1) - 0.9742509132121803*X0*X1 + 0.17774916891085094*X0*sin(X1) + 0.75155148804062998*X0 - 0.05888873561371642*X1*sin(X1)*cos(X1)**2 - 0.25139652475804037*X1*sin(X1)*cos(X1) + 0.7605021975170654*sin(X0) 	 loss: 5.536345792352962 	 reward -0.7241390305409056
simplified: -0.08030948784247596*X0*X1**2 + 0.071333764473597167*X0*X1*sin(X1) - 0.20312086355987554*X0*X1*cos(X1) - 0.1576723156926454*X0*X1 + 0.9869236314337504*X0*cos(X1) + 0.7605021975170654*sin(X0) - 1.8651121686764105 	 loss: 2.2184798360440956 	 reward -0.33919973372596507
simplified: -0.8831317137451528*X0*X1 + 0.7917493575771246*X0 + 0.7605021975170654*sin(X0) - 0.3017152262939202*cos(X1) 	 loss: 4.433659602629206 	 reward -0.6416063211884387
simplified: 0.3308638402383257*X0*sin(2*X1) + 0.7700942719229051*X0*cos(X1) - 0.8359119164848491*X0 - 1.755153092975201*X1 + 0.7605021975170654*sin(X0) 	 loss: 16.910121401697978 	 reward -1.2159203777376584
simplified: -0.14871533544447864*X0*X1*sin(X1)*cos(X1)**2 - 0.23082851642232167*X0*X1*sin(X1)*cos(X1) - 0.5850555590907711*X0*X1 + 0.62763235758171088*X0*sin(X1)*cos(X1)**3 + 1.4163804590545703*X0*sin(X1)*cos(X1)**2 + 0.6863620890882181*X0*sin(X1)*cos(X1) - 0.8852976914199252*X1 + 0.7605021975170654*sin(X0) 	 loss: 0.9898752431770073 	 reward 0.0043319812842019054
simplified: -0.88321772645853122*X0*X1*sin(X1)**2 + 0.081280863101903579*X0*X1*sin(X1) - 0.37918216645202624*X0*X1*cos(X1) - 0.4523953670740368*X0*sin(X1)*cos(X1) + 1.1120677383305032*X0*cos(X1) + 0.7605021975170654*sin(X0) - 0.04681072931410521*cos(X1) 	 loss: 17.367856337257415 	 reward -1.2151854381779321
simplified: -0.46640473548221569*X0*X1*cos(X1)**3 - 0.8027080920528353*X0*X1*cos(X1)**2 + 0.9004637856870629*X0*cos(X1)**2 + 1.5497474883573445*X0*cos(X1) - 1.0575064662843146*X0 + 0.7605021975170654*sin(X0) - 2.307210164929827 	 loss: 15.532156175630796 	 reward -1.1652979989691699
simplified: 0.15910878664199687*X0*sin(X1)*cos(X1) + 1.106783907750671*X0*cos(X1) + 0.1112205462072736*X1*sin(X1) + 0.7605021975170654*sin(X0) - 4.020507308142448 	 loss: 32.5247724272169 	 reward -1.494167169529969
simplified: -0.10202710944053335*X0*X1**2 + 0.1040513889561632*X0*X1*sin(X1) + 0.428292903210927*X0*cos(X1) + 0.7605021975170654*sin(X0) + 0.055619834911227434*cos(X1) 	 loss: 6.651902131339175 	 reward -0.8114991983004665
simplified: -0.7210429544798707*X0*X1 + 2.5679424384150449*X0*sin(X1)**3*cos(X1)**2 + 0.7605021975170654*sin(X0) - 0.6315183736575962 	 loss: 7.743389553208424 	 reward -0.8678403168306412
simplified: -1.238013549401723*X0*X1*sin(X1)*cos(X1) - 0.057650779113738413*X0*X1*cos(X1) + 3.4026746979184253*X0*sin(X1)*cos(X1) + 1.023806541057793*X0*cos(X1) - 1.7449542017299424*X0 + 0.7605021975170654*sin(X0) + 0.29362085295521617*cos(X1) 	 loss: 32.798497359928504 	 reward -1.482852999326869
simplified: -0.23371970037517927*X0*X1*sin(X1) - 0.08272484678586933*X0 - 1.8718505845158366*X1 + 0.7605021975170654*sin(X0) 	 loss: 21.663843734070493 	 reward -1.3250869561293197
simplified: -1.4284671444669563*X0*sin(X1)**2 + 1.0498468745561833*X0*sin(X1) - 1.976515055077953*X1 + 0.7605021975170654*sin(X0) 	 loss: 17.17322747285906 	 reward -1.2250076139385475
simplified: 0.024085550596788408*X0*X1*sin(X1) + 0.024649421144479774*X0*X1*cos(X1) - 0.7393692988386046*X0*X1 + 0.7605021975170654*sin(X0) - 0.5124716676864137 	 loss: 9.007657767660568 	 reward -0.9451086018651312
simplified: -0.065479905974822103*X0*X1**2*sin(X1) + 0.083097270430017351*X0*X1*sin(X1) + 5.2906184127850057*X0*sin(X1)*cos(X1)**2 - 0.071206971777878017*X0*sin(2*X1) + 1.1533440625558717*X0*cos(X1) - 1.36015008967447*X0*cos(2*X1) - 1.36015008967447*X0 + 0.7605021975170654*sin(X0) - 0.40310559271588925*cos(X1) 	 loss: 29.391550183076745 	 reward -1.42480857349809
simplified: -0.7989384167495965*X0*X1 + 0.51799442668529738*X0*sin(X1)**2 + 0.799605777823381*X0*sin(X1)*cos(X1)**2 + 0.47593682965258239*X0*sin(X1)*cos(X1) + 0.0072348265052319953*X0*sin(X1) + 0.7605021975170654*sin(X0) - 0.03352994047018136*cos(X1) 	 loss: 5.636330585132715 	 reward -0.7346468647134125
simplified: 0.3765891261316441*X0*sin(X1)*cos(X1) + 0.8438906266112939*X0*cos(X1) + 0.7605021975170654*sin(X0) - 0.6606554615462197*cos(X1) 	 loss: 66.96283083898771 	 reward -1.8076574108306303
simplified: -1.8960256274144252*X0*X1*sin(X1)**2 + 0.13113557052520072*X0*X1*sin(X1) + 2.685346867794722*X0*sin(X1)**2 - 0.5602853636054969*X0 + 0.7605021975170654*sin(X0) + 1.320838597143643*cos(X1) 	 loss: 23.49043744752135 	 reward -1.3410460748107975
simplified: -0.57137512804808893*X0*X1*sin(X1)**2 + 0.42623227610206906*X0*sin(X1)**2*cos(X1) + 0.3787329733011999*X0*sin(X1)**2 + 0.24917861407382216*X0*sin(X1) - 2.212580838413763*X1 + 0.7605021975170654*sin(X0) - 0.013590693654277173*sin(X1) - 0.35995295879405054*cos(X1) + 1.5884941003782258 	 loss: 26.032565044141165 	 reward -1.3764129442601338
simplified: 0.4920196529082113*X0*cos(X1) + 0.7605021975170654*sin(X0) - 1.0740168031686077*sin(X1) + 0.08119279685798826*cos(X1) 	 loss: 56.80844092749486 	 reward -1.7369474802101563
simplified: 0.449086549301779*X0*sin(2*X1) + 1.9840068478518048*X0*cos(X1) - 1.6091572660719459*X0 + 0.7605021975170654*sin(X0) - 1.8194478664501168 	 loss: 30.232265528049858 	 reward -1.4598782890207618
simplified: -0.1085281010534104*X0*X1**2*cos(X1)**2 + 0.08777086819096146*X0*sin(X1) + 0.7605021975170654*sin(X0) + 0.31883236799457115*cos(X1) 	 loss: 21.218608888708697 	 reward -1.3108835769583014
simplified: -0.83289517994508466*X0*sin(X1)**2 + 0.48226376414856975*X0*cos(X1) - 1.9839550101727421*X1 + 0.7605021975170654*sin(X0) + 1.0713934364643054*sin(X1) 	 loss: 26.046555376226184 	 reward -1.40165633274582
simplified: -0.7214215715240448*X0*X1 + 0.6656826161481331*X0*sin(X1)*cos(X1) + 0.1893385748925122*X0*cos(X1) - 0.10689658358125434*X1*sin(X1) + 0.7605021975170654*sin(X0) - 1.350688541765475*sin(X1)**2 	 loss: 5.393273838023345 	 reward -0.7216728700187709
simplified: -0.90083636732277445*X0*X1 - 0.009070768443138907*X0*sin(X1) + 1.227096181085252*X0 + 0.7605021975170654*sin(X0) - 2.262726249083796 	 loss: 2.535059775212831 	 reward -0.39677789829563054
simplified: -0.3167599406323304*X0*X1*sin(X1)*cos(X1)**2 + 0.09478673827498759*X0*X1*sin(X1)*cos(X1) - 0.5185452480040373*X0*cos(X1)**2 - 2.4299814825766171*X1 + 0.7605021975170654*sin(X0) + 2.4947075939383192 	 loss: 28.61137659838489 	 reward -1.416301498411476
simplified: -0.6219271206599258*X0*X1 + 0.14389162151272631*X0*sin(2*X1) + 0.29987274335081513*X0*cos(2*X1) + 0.29987274335081513*X0 - 0.97026096662720715*X1 + 0.7605021975170654*sin(X0) + 0.3545076505273809 	 loss: 1.0148068367226695 	 reward -0.006282012681021009
simplified: 0.7527843474555931*X0*sin(X1)*cos(X1) + 0.5785297835268818*X0*sin(X1) + 0.7605021975170654*sin(X0) - 1.6313375220440558*sin(X1) 	 loss: 92.30548083407379 	 reward -1.9495605854920783
simplified: -0.18795782840575126*X0*sin(X1) + 0.91450244614158096*X0*cos(X1) + 0.7605021975170654*sin(X0) - 4.300623304447645 	 loss: 48.35812804243162 	 reward -1.6710407959313445
simplified: -0.6091019824704688*X0*X1*sin(X1)*cos(X1) - 0.65944184599337067*X0*X1*sin(X1) + 0.6184045198821706*X0*sin(2*X1)*cos(X1) + 0.66951320123393984*X0*sin(2*X1) + 0.91634597006131695*X0*cos(X1) - 1.3745722351324191*X0 + 0.7605021975170654*sin(X0) + 2.099707592217889*sin(X1) 	 loss: 20.77238763893309 	 reward -1.2888040373108383
simplified: -0.7828923451445999*X0*X1*sin(X1) + 3.3180620382789985*X0*sin(X1) - 1.2202685337967247*X0 - 1.5490131460767864*X1 + 0.7605021975170654*sin(X0) 	 loss: 13.18305171026048 	 reward -1.1088660625880318
simplified: -0.54447498094769596*X0*X1*sin(X1) + 0.93180584948296599*X0*sin(X1) - 0.23162608121877215*X0*cos(X1) + 0.7605021975170654*sin(X0) + 0.24883333136515592*cos(X1) 	 loss: 49.425186332811734 	 reward -1.6603892762320067
simplified: -0.0013853941795755959*X0*X1**4*sin(X1)*cos(X1)**3 + 0.043661380356650153*X0*X1**3*sin(X1)**2*cos(X1)**3 - 0.001352785546876327*X0*X1**3*sin(X1)*cos(X1)**3 + 0.042633703226066834*X0*X1**2*sin(X1)**2*cos(X1)**3 + 0.6411288822516698*X0*sin(X1) + 0.7605021975170654*sin(X0) - 3.010363138457159*sin(X1) 	 loss: 44.99823304419503 	 reward -1.61074539341897
simplified: 0.010780138487971812*X0*X1*sin(X1) - 0.13915535415606299*X0*X1*cos(X1) - 0.5977975492517706*X0*X1 + 0.6789344681343319*X0*cos(X1) - 0.8703886180321861*X1 + 0.7605021975170654*sin(X0) 	 loss: 1.5663307825653154 	 reward -0.19217277794704057
uniform_random_policy...  [1, 3, 6]
state: f->B,B->(A)*X0 + 0.7605021975170654*sin(X0) + 0.0*cos(X0) + (A),A->(A-A) 	 action: A->C*cos(X1)
simplified: -1.0396913148942*X0*sin(X1)*cos(X1) - 0.8889708975504584*X0*cos(X1)**2 + 1.611172021871016*X0*cos(X1) + 0.024982850657779951*X1*cos(X1) - 1.9427311726045707*X1 + 0.7605021975170654*sin(X0) - 2.0627509491638118*cos(X1) + 2.0642082835404922 	 loss: 10.753949561863807 	 reward -1.0030706656590906
simplified: 0.1388860766317496*X0*X1*sin(X1)*cos(X1) + 0.5539160204865048*X0*cos(X1) + 0.008633032083634337*X1**3*sin(X1) - 2.5173278102151495*X1 + 0.7605021975170654*sin(X0) + 2.3734820152910548*sin(X1)**2 - 0.9598472636400369*cos(X1) 	 loss: 11.585835074855057 	 reward -1.0366082571148951
simplified: -0.5841759539727543*X0*X1 + 0.4964172921620444*X0*cos(X1) - 0.8729778978764744*X1 + 0.7605021975170654*sin(X0) 	 loss: 2.320602169734151 	 reward -0.36341256650820153
simplified: 0.14426876906865943*X0*X1*cos(X1) + 0.6778905358295049*X0*cos(X1) + 0.7605021975170654*sin(X0) + 1.9080193978535946*sin(X1) + 2.3337187606151359*cos(X1) - 6.150864502205757 	 loss: 72.83559970302427 	 reward -1.8327686429129282
simplified: 0.809484522384818*X0*cos(X1) - 0.5131063786306188*X0 - 1.7822905059750802*X1 + 0.7605021975170654*sin(X0) 	 loss: 17.876105040479445 	 reward -1.2447780196012628
simplified: -0.5043928705888534*X0*X1 + 0.5587956495039013*X0*cos(X1) - 0.9365784020766347*X1 + 0.7605021975170654*sin(X0) + 0.5307174972898563*sin(X1) - 0.06390410723380404*sin(2*X1) 	 loss: 1.467513416353007 	 reward -0.1645940532474095
simplified: 0.89339838239278768*X0*cos(X1) + 0.7605021975170654*sin(X0) - 2.6751551748005458*sin(X1) 	 loss: 108.2769427601433 	 reward -2.018316550142356
simplified: 1.6769698941442386*X0*cos(X1) - 1.30843206692703*X0 + 0.7605021975170654*sin(X0) - 2.0802510966639396 	 loss: 35.03722914531428 	 reward -1.5352857120334529
simplified: -0.62955205873064322*X0*X1*cos(X1)**2 + 0.3206825982790077*X0*cos(X1) - 1.7726938848200626*X1 + 0.7605021975170654*sin(X0) + 1.0181615987320343 	 loss: 13.15588802655091 	 reward -1.1035539197599757
simplified: 0.1201117528683727*X0*cos(X1) + 0.7605021975170654*sin(X0) + 0.6857594183306487*cos(X1) 	 loss: 64.63810608872096 	 reward -1.799652812433953
simplified: -0.7380391347418738*X0*X1 + 0.5801220763225682*X0*cos(X1) + 0.7605021975170654*sin(X0) - 0.1897367001691337*sin(X1) 	 loss: 7.579898762599171 	 reward -0.8726506793520273
simplified: 1.7779380707589387*X0*cos(X1) - 1.7340981388135601*X0 + 0.7605021975170654*sin(X0) - 1.7822272578118725 	 loss: 56.895400753446765 	 reward -1.7445729889213997
simplified: 0.008391858022983504*X0*X1*sin(X1) + 0.003075925926370992*X0*X1*cos(X1) - 0.9023157740292814*X0*X1 + 0.0005403023178909112*X0*sin(X1)**2 - 0.19302095249809934*X0*sin(X1)*cos(X1) - 0.065704319615214391*X0*sin(X1) - 0.070821897747799932*X0*cos(X1)**2 + 0.053855811635718287*X0*cos(X1) + 0.81819670474968155*X0 + 0.7605021975170654*sin(X0) + 0.09775856511312575*cos(X1) 	 loss: 5.123257808387221 	 reward -0.6899448151926406
simplified: 1.8027856472911772*X0*cos(X1) - 2.20044154117506*X0 + 0.7605021975170654*sin(X0) + 0.01943330216818838*cos(X1) 	 loss: 61.74327190902275 	 reward -1.779872925176214
simplified: 0.926350962002622*X0*cos(X1) - 0.9606834725677852*X0 - 1.810671346704575*X1 + 0.7605021975170654*sin(X0) + 0.69685839571766781*sin(2*X1) - 0.92522490343882074*cos(2*X1) + 0.92522490343882074 	 loss: 16.42054060782623 	 reward -1.2008827505204862
simplified: -0.056241457873941942*X0*X1*cos(X1) - 0.96370084135294171*X0*X1 - 0.32345680021434468*X0*cos(X1)**3 + 0.14629446479664261*X0*cos(X1)**2 + 0.073995147551315102*X0*cos(X1) + 0.7928598380174213*X0 + 0.7605021975170654*sin(X0) + 0.317423738477902*cos(X1) 	 loss: 4.854178769610439 	 reward -0.6671616430440742
simplified: 0.27583244713561248*X0*cos(X1) + 0.7605021975170654*sin(X0) - 0.0429283798614678*cos(X1) 	 loss: 79.40499067850875 	 reward -1.888477172056358
simplified: 0.820998934768071*X0*sin(X1) + 0.21859414679095712*X0*cos(X1) - 0.048490241895644172*X1**2*cos(X1) - 2.9858114335321268*X1*cos(X1)**2 + 0.7605021975170654*sin(X0) 	 loss: 29.643972343642687 	 reward -1.445665553890682
simplified: 0.03851240293253831*X0*sin(X1) + 0.3107698654497825*X0*cos(X1) - 2.16073736776483*X1 + 0.7605021975170654*sin(X0) + 1.3537082188399403*sin(X1) 	 loss: 19.196178867002423 	 reward -1.2729849279075707
simplified: -1.495194109606476*X0*sin(X1) + 1.5503858623792446*X0*cos(X1) + 0.7605021975170654*sin(X0) - 0.8473736099793145*cos(X1) 	 loss: 77.70443381421828 	 reward -1.8791314444510974
simplified: 0.13616143060328059*X0*cos(X1) - 2.1060296038798194*X1 + 0.7605021975170654*sin(X0) + 1.0436182304271073 	 loss: 20.487478049301313 	 reward -1.2984324761332562
simplified: 0.5381988285765752*X0*cos(X1) + 0.7605021975170654*sin(X0) + 0.19229602296906545*cos(X1) 	 loss: 86.95979197631914 	 reward -1.9277116322349634
simplified: -0.71485396851463493*X0*X1 + 0.36357812476764316*X0*sin(X1) + 0.45588679539119572*X0*cos(X1) + 0.7605021975170654*sin(X0) - 1.1073336661678022 	 loss: 6.607129838403123 	 reward -0.8053774055170646
simplified: 1.1563765178156278*X0*cos(X1) - 1.0094625754465876*X0 - 1.625539315048884*X1 + 0.7605021975170654*sin(X0) 	 loss: 23.144465882529175 	 reward -1.3562809192459437
simplified: 1.253959074388319*X0*cos(X1) + 0.7605021975170654*sin(X0) - 3.9322942829168954 	 loss: 27.711459985677585 	 reward -1.4340250619215953
simplified: -0.46569760613363753*X0*sin(X1) + 0.7593811058903617*X0*cos(X1) - 2.1717582539288034*X1 + 0.7605021975170654*sin(X0) + 1.035774863510633*sin(X1) - 1.416982971023578*cos(X1) + 1.1416301756666785 	 loss: 16.853519379765586 	 reward -1.2023884713856219
simplified: -0.7195303098400462*X0*sin(X1) + 1.190476228461686*X0*cos(X1) + 0.7605021975170654*sin(X0) - 0.022053765238040396*sin(X1) 	 loss: 81.76539036263611 	 reward -1.9011227477211392
simplified: -0.4191304087796238*X0*X1*cos(X1) + 0.9019540376744919*X0*sin(X1) + 1.6779219419117508*X0*cos(X1) - 1.3735089413630543*X0 - 1.3998859070726628*X1 + 0.7605021975170654*sin(X0) 	 loss: 8.63500868705338 	 reward -0.9232399599608752
simplified: 0.10013170905742311*X0*X1*sin(2*X1) + 1.6488875190021863*X0*cos(X1) - 1.9661148410347313*X0 + 0.7605021975170654*sin(X0) + 1.5594744871438693*sin(X1) 	 loss: 36.12320230418671 	 reward -1.5391952803699873
simplified: 1.5623491233453346*X0*cos(X1) - 1.3046075211533787*X0 - 2.7878612983212707*X1 + 0.7605021975170654*sin(X0) - 0.6266106878974703*sin(X1) - 4.4502180645536225*cos(X1) + 5.5133110000493726 	 loss: 13.210653796201399 	 reward -1.1053329682673074
simplified: -0.5033549453125803*X0*sin(X1) + 0.827042646645131*X0*cos(X1) + 0.7605021975170654*sin(X0) - 0.3685392718878326*cos(X1) 	 loss: 41.08764051501505 	 reward -1.6040531085335359
simplified: -0.1703041437088828*X0*X1*cos(X1)**2 - 0.8418083355908066*X0*X1 + 0.5245131118957935*X0*sin(X1) - 0.1933136576185038*X0*cos(X1)**3 + 0.52896814805510587*X0*cos(X1)**2 - 0.07727205534332349*X0*cos(X1) + 0.4784367664976752*X0 + 0.7605021975170654*sin(X0) - 1.5866739928823823*sin(X1) 	 loss: 4.151284961104274 	 reward -0.6059356481618331
simplified: 0.7623097649397016*X0*cos(X1) - 1.7886191235446804*X1 + 0.7605021975170654*sin(X0) 	 loss: 14.592030515377218 	 reward -1.1571484732933703
simplified: 0.811411967019445*X0*sin(X1) + 1.4530964773955701*X0*cos(X1) - 1.965069502140626*X0 + 0.7605021975170654*sin(X0) - 0.2213965808235085*sin(X1) 	 loss: 45.90064221646796 	 reward -1.6485706498724229
simplified: 1.1819437931502535*X0*X1*sin(X1)*cos(X1) - 1.076420313654392*X0*sin(X1)**2*cos(X1) + 1.2706930335045297*X0*sin(X1)*cos(X1)**2 - 3.9412512715894515*X0*sin(X1)*cos(X1) + 2.2217696811180335*X0*cos(X1) + 0.7605021975170654*sin(X0) - 1.3809851396270545*cos(X1) 	 loss: 72.79876193406463 	 reward -1.828889152742105
simplified: -0.5715156426388738*X0*X1 + 0.501073126306473*X0*cos(X1) - 0.8673776137084889*X1 + 0.7605021975170654*sin(X0) 	 loss: 2.0128093431225156 	 reward -0.30198437482175877
simplified: 0.022894419833686395*X0*X1*sin(2*X1) - 0.68802655615227462*X0*X1 + 0.39909400319310834*X0*cos(X1) + 0.7605021975170654*sin(X0) + 0.8083484199440292*cos(X1) - 1.3510493798624865 	 loss: 7.625821570235167 	 reward -0.8700145942509594
simplified: 1.4520230545163888*X0*cos(X1) - 1.1145706520782994*X0 + 0.7605021975170654*sin(X0) - 2.5541558541101677 	 loss: 43.07745395198047 	 reward -1.6244690077904842
simplified: -1.2206491882735016*X0*sin(X1) + 1.355107086274796*X0*cos(X1) + 0.7605021975170654*sin(X0) - 0.6547709214510369*cos(X1) 	 loss: 70.02396551153376 	 reward -1.8342028631730412
simplified: 1.3299565640081121*X0*sin(X1) + 0.2902729974273781*X0*cos(X1) - 0.18131513995444304*X1*sin(X1) + 0.04383982776196216*X1*cos(X1) + 0.7605021975170654*sin(X0) - 9.4704534573340522*sin(X1)**2 + 2.289842141707097*sin(X1)*cos(X1) 	 loss: 22.86093930005206 	 reward -1.342874343556698
uniform_random_policy...  [1, 3]
state: f->B,B->(A)*X0 + 0.7605021975170654*sin(X0) + 0.0*cos(X0) + (A),A->(A-A) 	 action: A->(A-A)
simplified: -0.03130581921526636*X0*X1**2 + 0.12107675641134223*X0*X1*sin(X1) - 0.01474980967999858*X0*X1*sin(2*X1) - 0.7342768159685796*X0*X1 + 0.057045595946838144*X0*sin(X1)*sin(2*X1) - 0.37477114600946783*X0*sin(X1) + 1.1887755010090346*X0 + 0.7605021975170654*sin(X0) - 2.067646258971597 	 loss: 2.3938499269506535 	 reward -0.37233086960446715
simplified: -0.6900582873550488*X0*X1 + 0.5652103227927105*X0*cos(X1) + 0.7605021975170654*sin(X0) - 0.4190680503790038*cos(X1) 	 loss: 6.267479415084501 	 reward -0.7907384469256971
simplified: 0.4245620255574833*X0*sin(X1) - 0.6520377911707446*X0 - 1.9554769393682792*X1 + 0.7605021975170654*sin(X0) 	 loss: 31.895809088969283 	 reward -1.4917457746625264
simplified: -0.91627172860605639*X0*X1 - 0.085525835069843022*X0*sin(X1) + 0.042668897131059714*X0*cos(X1) + 0.7803631449073367*X0 + 0.7605021975170654*sin(X0) - 0.08667572687158155*cos(X1) 	 loss: 5.641675576586641 	 reward -0.7409565003776968
simplified: -0.013047279457389402*X0*X1*sin(X1) - 0.8678756836420351*X0*X1 - 0.04613180462458128*X0*sin(X1)**4 + 0.07170138789040506*X0*sin(X1) + 1.1258568769569537*X0 + 0.7605021975170654*sin(X0) - 1.9993087546516979 	 loss: 2.185512186209918 	 reward -0.33216097766395264
simplified: -0.9060228220578849*X0*X1 - 0.16319456857127118*X0*cos(X1) + 0.9351358246204701*X0 + 0.7605021975170654*sin(X0) - 0.9952289765787348*sin(X1) 	 loss: 4.0653717434875265 	 reward -0.6030365981680768
simplified: -0.8917437507213516*X0*X1 + 0.12368545309624959*X0*sin(X1) + 1.094430792358098*X0 + 0.7605021975170654*sin(X0) - 1.9348157804030097 	 loss: 2.190723390237359 	 reward -0.33719695539976685
simplified: 1.648636578418267*X0*sin(X1) + 2.4682500327743196*X0*cos(X1) - 2.6005547814256906*X0 + 0.7605021975170654*sin(X0) - 1.6298165200725536*cos(X1) 	 loss: 33.33262883932575 	 reward -1.4986855476903786
simplified: 1.085745968451696*X0*sin(X1) + 1.5448030702067836*X0*cos(X1) - 1.9214823672743724*X0 + 0.7605021975170654*sin(X0) - 0.9466244874446513*cos(X1) 	 loss: 44.857031399357744 	 reward -1.6288546185107364
simplified: -0.030657066871760673*X0*X1**2*sin(2*X1) - 1.0709109003554398*X0*sin(X1) + 0.8856330363144641*X0*cos(X1) - 2.09428461741124*X1 + 0.7605021975170654*sin(X0) + 2.0739446580433582*sin(X1) - 0.8071361305182224*cos(X1) 	 loss: 21.578260735826497 	 reward -1.3023655446182674
simplified: -0.99795396006068419*X0*X1*sin(X1) + 4.611065945779811*X0*sin(X1) - 1.9830136316287812*X0 + 0.7605021975170654*sin(X0) - 1.4671993088197783*sin(X1) 	 loss: 38.865106916770976 	 reward -1.5737356078870337
simplified: 0.9803162986226666*X0*sin(X1) + 1.4130259772687981*X0*cos(X1) - 1.1319983729638603*X0 + 0.7605021975170654*sin(X0) - 2.441016663323686 	 loss: 24.37181582634961 	 reward -1.3621349719775355
simplified: -0.020258147008065959*X0*X1*cos(X1) - 0.91314436020256865*X0*X1 + 0.8014077461587577*X0 + 0.7605021975170654*sin(X0) - 0.2378236928580473*cos(X1) 	 loss: 5.395533661622595 	 reward -0.7204092913733202
simplified: -0.13509751588245355*X0*X1*sin(X1)*cos(X1) + 0.016145577844736569*X0*sin(X1)**2*cos(X1) + 3.6585039545674819*X0*sin(X1)*cos(X1)**2 - 0.9859382962269036*X0 - 2.0216335562589243*X1 + 0.7605021975170654*sin(X0) 	 loss: 21.219181831384788 	 reward -1.305659443100724
simplified: -0.7747953390779265*X0*X1 + 0.727682258888789*X0*sin(X1) + 0.03591794824422445*X0*sin(2*X1) + 0.3800748464445264*X0*cos(X1) + 0.7605021975170654*sin(X0) - 1.4243296123779727*sin(X1) 	 loss: 5.843166274140375 	 reward -0.7574988964065731
simplified: -0.91245279810274185*X0*X1 + 0.79614109340939404*X0 + 0.7605021975170654*sin(X0) - 0.3267458769267867*cos(X1) 	 loss: 4.753976120673049 	 reward -0.6703168124275948
simplified: -0.5555639448428111*X0*X1 + 0.50465082678845079*X0*sin(X1) + 0.24570266954359082*X0*cos(X1) - 1.0020764370496051*X1 + 0.7605021975170654*sin(X0) + 0.4321719846636979 	 loss: 0.9184135871705346 	 reward 0.036447586169753375
simplified: -0.76114246726167699*X0*X1 + 0.45346806434719755*X0*cos(X1) + 0.7605021975170654*sin(X0) - 0.42867270290932535*cos(X1) 	 loss: 7.256109981245416 	 reward -0.8538422774414781
simplified: -0.038379784812931733*X0*X1**2 - 0.31636959352965452*X0*X1 + 0.36411324786996539*X0*sin(X1) + 0.33890323141918971*X0*cos(X1) - 0.9085472220838002*X1 + 0.7605021975170654*sin(X0) 	 loss: 1.191520680094497 	 reward -0.07459392561041323
simplified: -0.02082063010562528*X0*X1*cos(X1) - 0.90115766934382255*X0*X1 - 0.001755201046230806*X0*sin(X1) - 0.02839830380472902*X0*sin(2*X1) - 0.0084359218168489492*X0*cos(X1) + 0.10495722224589058*X0*cos(2*X1) + 1.0220006650126994*X0 + 0.7605021975170654*sin(X0) - 2.0120493984275544*cos(X1)**2 	 loss: 3.053023026876605 	 reward -0.47039708029786736
simplified: -0.7272120728157376*X0*X1 + 0.04677654981113599*X0*sin(X1) - 0.0651583008177426*X0*cos(X1) + 0.7928212379935023*X0 - 0.8809439163274535*X1 + 0.7605021975170654*sin(X0) - 0.15994558941214881*sin(X1) 	 loss: 0.046959592988422935 	 reward 1.3045688600851997
simplified: -0.031411652736487065*X0*X1**2*sin(X1) + 0.9997123801669264*X0*sin(X1) + 1.2733254209153182*X0*cos(X1) - 1.319004392447944*X0 - 0.2462550709356174*X1**2 + 0.50319871618279081*X1*sin(X1) + 0.7605021975170654*sin(X0) - 0.7750382124361834*cos(X1) 	 loss: 9.543404179140337 	 reward -0.9583746541978085
simplified: -0.86305034402735064*X0*X1 + 0.2637801330117198*X0*sin(X1) + 0.8726817950588145*X0 + 0.7605021975170654*sin(X0) - 3.360343539665906*sin(X1)**2 	 loss: 3.1879679599170805 	 reward -0.49651038967146877
simplified: -0.7442888238379569*X0*X1 + 0.7891580756921235*X0*sin(X1) + 0.4429083874429306*X0*cos(X1) + 0.7605021975170654*sin(X0) - 1.2078670855876852 	 loss: 4.774505006909759 	 reward -0.673515898307706
simplified: -0.002003510166761351*X0*X1*sin(X1) - 0.72545835402075749*X0*X1 + 0.005498320870745126*X0*sin(X1) - 0.06543128238893021*X0*cos(X1) + 0.80745396532770377*X0 - 0.8988026845570276*X1 + 0.7605021975170654*sin(X0) 	 loss: 0.05559313257628212 	 reward 1.2301162978301823
simplified: -0.72020146031918908*X0*X1 + 0.020052142242905153*X0*sin(X1) + 0.750417489299008*X0 - 0.88353137821515*X1 + 0.7605021975170654*sin(X0) 	 loss: 0.0722188404893197 	 reward 1.1299872177925063
simplified: 0.00052886369697681031*X0*X1**3*sin(X1)**2 + 0.0036544662552348928*X0*X1**3*sin(X1) + 0.002016874161200459*X0*X1**2*sin(X1)**2 + 0.01393666951483994*X0*X1**2*sin(X1) - 0.1472522931931861*X0*X1**2 - 0.2005100911675683*X0*sin(X1) + 0.651078064961433*X0*cos(X1) - 0.005200322824930681*X0 + 0.7605021975170654*sin(X0) - 0.8995272839189978*sin(X1) 	 loss: 4.61769746301276 	 reward -0.6486613081516829
simplified: -0.79206213744642023*X0*X1 + 0.30965692487152732*X0*sin(X1) + 0.5217177794269465*X0*cos(X1) + 0.7605021975170654*sin(X0) - 0.03904421997556197*cos(X1) 	 loss: 6.6527580739203 	 reward -0.805084544610323
simplified: -0.2257856518612166*X0*X1*sin(X1) - 0.5828039656413348*X0*X1 + 1.1111442044883111*X0*sin(X1) - 0.869652175912356*X1 + 0.7605021975170654*sin(X0) 	 loss: 1.428603248111431 	 reward -0.1527569110740186
simplified: -0.72648836650573062*X0*X1 + 0.007572600661047458*X0*sin(X1) - 0.06796948629615317*X0*cos(X1) + 0.8083122289639271*X0 - 0.890946653159684*X1 + 0.7605021975170654*sin(X0) 	 loss: 0.05638832054135487 	 reward 1.2289790269520033
simplified: -0.677948817151524*X0*X1 + 0.46266244109071024*X0*cos(X1) + 0.7605021975170654*sin(X0) + 1.287161891198629*sin(X1) - 1.354063163937359 	 loss: 7.097984714966014 	 reward -0.8376185599488237
simplified: -0.722592700528196*X0*X1 + 0.07529740596346017*X0*sin(X1) + 0.7481472024399567*X0 - 0.8816290156690431*X1 + 0.7605021975170654*sin(X0) - 0.21021528431823122*sin(X1) 	 loss: 0.060674307478953755 	 reward 1.204879839173652
simplified: 1.0642796662562163*X0*cos(X1) - 1.4798621299652739*X0 - 0.35628552683979726*X1*cos(X1) + 0.7605021975170654*sin(X0) + 1.5493370562275732*sin(X1) 	 loss: 37.18650262557678 	 reward -1.5516440117747377
simplified: -0.20342885886638754*X0*X1*sin(X1) - 0.76429709179671126*X0*X1 + 1.3526060627382994*X0*sin(X1) + 0.7605021975170654*sin(X0) - 1.031103595645092*sin(X1) 	 loss: 6.24766295294906 	 reward -0.7830811527894423
simplified: -0.7283494199069427*X0*X1 + 0.01407859503851022*X0*cos(X1) + 0.8105974885916766*X0 - 0.8929255574561926*X1 + 0.7605021975170654*sin(X0) - 0.40935987601337215*cos(X1) 	 loss: 0.0029835664310919243 	 reward 2.4901394702033426
simplified: -0.7342541577893176*X0*X1 + 0.70613405836605256*X0*sin(X1) + 0.7605021975170654*sin(X0) + 1.242608437566577*cos(X1) - 1.3382070414518055 	 loss: 4.977183252939437 	 reward -0.6900450756149719
simplified: -0.46281575851523651*X0*X1*sin(X1) + 0.97694008173670052*X0*sin(X1) + 0.4192184777202795*X0*cos(X1) - 2.0966175372315203*X1 + 0.7605021975170654*sin(X0) 	 loss: 11.261111404603263 	 reward -1.0348815576043244
simplified: -0.9442262736270121*X0*X1 - 0.17161594448505302*X0*cos(X1) + 0.9021234213911603*X0 + 0.7605021975170654*sin(X0) - 0.085858413187799151*cos(X1) 	 loss: 4.638828173117682 	 reward -0.6597741117928478
simplified: -1.256964953691097*X0*sin(X1) - 0.51338154477709289*X0*sin(2*X1) + 1.5652066567926723*X0*cos(X1) - 1.6138715582389918*X1 + 0.7605021975170654*sin(X0) 	 loss: 19.303291507839358 	 reward -1.265214825442901
simplified: -0.07118584330516037*X0*X1*cos(X1) - 0.7771229172851111*X0*X1 + 0.3544368558569394*X0*sin(X1) + 0.736912495539952*X0*cos(X1)**2 + 0.15029305555031683*X0*cos(X1) + 0.7605021975170654*sin(X0) + 0.7686017482625374*cos(X1) - 1.7329450735892487 	 loss: 3.17343247783924 	 reward -0.4925780616639592
uniform_random_policy...  [3]
state: f->B,B->(A)*X0 + 0.7605021975170654*sin(X0) + 0.0*cos(X0) + (A),A->(A-A) 	 action: A->C
simplified: 0.5336058546552536*X0*sin(X1) - 0.5285130580119393*X0 - 1.9061829824011247*X1 + 0.7605021975170654*sin(X0) 	 loss: 23.75847598600201 	 reward -1.3675842772072027
simplified: 2.0008248060535708*X0*sin(X1) - 1.8099435223857645*X0 + 0.7605021975170654*sin(X0) + 2.000890009093229*cos(X1) 	 loss: 41.054268832431475 	 reward -1.5972971464861712
simplified: -0.08799205401987717*X0*X1*cos(X1) - 1.0039911974644533*X0*X1 + 0.2820315463332029*X0*sin(X1) - 0.1143616182343315*X0*cos(X1) + 0.88388002657227455*X0 + 0.7605021975170654*sin(X0) - 1.1470301206881008*sin(X1) + 0.034079771096135023*sin(2*X1) 	 loss: 3.6321305332926968 	 reward -0.5457778547581753
simplified: -0.8890966201671703*X0*X1 + 0.8146566458045259*X0 + 0.7605021975170654*sin(X0) - 0.8945486641293419*sin(X1) 	 loss: 4.929277931538913 	 reward -0.6886369840968247
simplified: 1.01981335815183*X0*cos(X1) - 0.7326568685052318*X0 - 1.6379753010550095*X1 + 0.7605021975170654*sin(X0) 	 loss: 18.480692973470816 	 reward -1.2591369179447882
simplified: -1.0125575301746037*X0*X1 + 0.09839641454116155*X0*sin(2*X1) - 0.2400556485692588*X0*cos(X1) + 0.9803622516215439*X0 + 0.7605021975170654*sin(X0) - 0.13904753846382824*cos(X1) 	 loss: 4.334233450641483 	 reward -0.6255448080112684
simplified: -1.3830017944990786*X0 + 0.7605021975170654*sin(X0) + 1.1885313516732035*sin(X1) 	 loss: 86.8037539171713 	 reward -1.9269363153852854
simplified: 0.7165513055461512*X0*sin(X1) - 0.9994039857881535*X0 + 0.7605021975170654*sin(X0) - 2.2665611711864146 	 loss: 50.77826666316372 	 reward -1.6954693558197773
simplified: -0.033234550825971622*X0*X1**2 - 0.6734093336677912*X0*X1 - 0.11147631148541919*X0*cos(X1) + 1.0369319708208499*X0 + 0.7605021975170654*sin(X0) + 1.2662024877824047*cos(X1) - 2.447587903517211 	 loss: 1.6725582751256303 	 reward -0.21895582204914008
simplified: -0.0069760586142783327*X0*X1*cos(X1) - 0.3813284658413205*X0 - 0.25336954095433741*X1**2 + 0.7605021975170654*sin(X0) + 1.313883795298171*sin(X1) + 1.811897719329226*cos(X1) - 1.2913121095210303 	 loss: 12.957406858371975 	 reward -1.0904778493138605
simplified: 0.8400692312381985*X0*sin(X1) - 0.5312231632455139*X0 - 1.7683327309190242*X1 + 0.7605021975170654*sin(X0) 	 loss: 13.013674819036364 	 reward -1.1055158918070134
simplified: 1.320851616253712*X0*cos(X1) - 1.5749179458283005*X0 + 0.7605021975170654*sin(X0) + 0.9230303268839342*sin(X1) 	 loss: 46.212542282305066 	 reward -1.654796239902428
simplified: 0.22090430235916322*X0*X1*cos(X1) - 0.26116578982905514*X0 - 2.0203049865146983*X1 + 0.7605021975170654*sin(X0) 	 loss: 26.235157780038378 	 reward -1.4075722603604706
simplified: -0.7185464011532242*X0*X1 + 0.7625546337622954*X0 - 0.8881468202625854*X1 + 0.7605021975170654*sin(X0) 	 loss: 0.07396178812191541 	 reward 1.1242235844545185
simplified: -0.34421206895972614*X0 - 1.7986685445275032*X1 + 0.7605021975170654*sin(X0) 	 loss: 20.57632783572401 	 reward -1.3055073378132327
simplified: -0.47073857864501583*X0*X1*cos(X1) + 2.7341081232188255*X0*cos(X1) - 2.6361343135786757*X0 + 0.7605021975170654*sin(X0) + 0.7227435773630279*sin(X1) 	 loss: 47.09785029671118 	 reward -1.6464328938579762
simplified: 1.130970078135561*X0*sin(X1) - 0.5577187514909246*X0 - 1.8204935179510309*X1 + 0.7605021975170654*sin(X0) 	 loss: 19.175716580732004 	 reward -1.272525434634568
simplified: 1.4240565130936929*X0*sin(X1) - 0.682791121174836*X0 + 0.023437199493845355*X1**2*sin(2*X1) - 0.221220853952642*X1**2 - 0.010495456460378477*X1*sin(X1)*sin(2*X1) + 0.099065327382540411*X1*sin(X1) - 0.0029083867672422385*X1*sin(2*X1)*cos(X1) - 0.014116873769041047*X1*sin(2*X1) + 0.027451906292936096*X1*cos(X1) + 0.7605021975170654*sin(X0) + 0.006321703838316398*sin(X1)*sin(2*X1) + 0.0017518018257893724*sin(2*X1)*cos(X1) 	 loss: 12.973038695339667 	 reward -1.0866336708548519
simplified: 0.3200625572580047*X0*X1*sin(2*X1) - 1.1784267170406997*X0 + 0.7605021975170654*sin(X0) + 2.5050377127233725*sin(X1) - 2.7121695980662754 	 loss: 65.21899683318166 	 reward -1.7927209754682312
simplified: -0.7225009681693843*X0*X1 + 0.75988209471653*X0 - 0.8767166194453088*X1 + 0.7605021975170654*sin(X0) 	 loss: 0.07681184423754436 	 reward 1.1079010728950176
simplified: -0.9218153893937778*X0*X1 - 0.0282975465605698*X0*cos(X1) + 0.8759772055958183*X0 + 0.7605021975170654*sin(X0) - 0.7730451238953897*sin(X1) 	 loss: 4.266766840363757 	 reward -0.6238262011243124
simplified: 2.037151674531089*X0*sin(X1) - 1.2409957379765906*X0 - 0.59271650935503339*X1*sin(X1) - 1.9910982098768899*X1 + 0.7605021975170654*sin(X0) - 0.16633273043168725*sin(2*X1) + 1.8920298768058724*cos(X1) 	 loss: 19.745787966483082 	 reward -1.2571685421885748
simplified: -0.914393736721889*X0*X1 - 0.11438958500363503*X0*cos(X1) + 0.9320822578950535*X0 + 0.7605021975170654*sin(X0) - 1.0648474099988294*sin(X1) 	 loss: 5.0664643869748085 	 reward -0.6907439883728755
simplified: 0.7691736046389162*X0*cos(X1) - 0.7428195326783203*X0 - 1.7962607896686706*X1 + 0.7605021975170654*sin(X0) + 1.0185387324363457*sin(X1) - 0.600069017975044*cos(X1) 	 loss: 16.017334024186177 	 reward -1.1925983923521022
simplified: 1.805860788831881*X0*cos(X1) - 2.147898654629291*X0 + 0.7605021975170654*sin(X0) + 1.1495573134381167*sin(X1) 	 loss: 54.370132780725726 	 reward -1.7249742269839048
simplified: 0.7786818092785723*X0*cos(X1) - 0.78109156823126304*X0 - 1.958376641815098*X1 + 0.7605021975170654*sin(X0) 	 loss: 25.241205015223898 	 reward -1.3909323842752068
simplified: -0.79858999016775182*X0 + 0.7605021975170654*sin(X0) + 0.05857689719505657*sin(X1) 	 loss: 54.50079891466648 	 reward -1.7260104626758788
simplified: -0.9674426311947998*X0 + 0.7605021975170654*sin(X0) + 3.1417284052189975*cos(X1) 	 loss: 52.2679193572734 	 reward -1.7079515402829257
simplified: -1.670285138408793*X0 + 0.7605021975170654*sin(X0) + 3.7293297011144153*cos(X1) 	 loss: 66.62811582463718 	 reward -1.8127429052604234
simplified: 0.32547737129875368*X0*X1**2*cos(X1) - 2.7854758789422612*X0*X1*cos(X1) + 1.4201772516024496*X0*sin(X1) + 4.074011558563492*X0*cos(X1) - 2.7412903293549746*X0 + 0.7605021975170654*sin(X0) + 0.5416983356736219*cos(X1) - 2.1628085943775286 	 loss: 16.493224304102615 	 reward -1.18842375714825
simplified: 1.5342339363454622*X0*cos(X1) - 1.1234698280310111*X0 + 0.7605021975170654*sin(X0) - 0.2144585418491962*cos(X1) 	 loss: 25.298256331456553 	 reward -1.3946930634825188
simplified: -0.9071724576052553*X0*X1 - 0.0244184951426995*X0*sin(X1) + 0.782129803061238*X0 + 0.7605021975170654*sin(X0) + 0.021996881082655868*cos(X1) 	 loss: 4.459696976992369 	 reward -0.6428414381629189
simplified: 1.3292428667422715*X0*cos(X1) - 0.788858312288371*X0 - 1.5627026294360609*X1 + 0.7605021975170654*sin(X0) + 1.2580315267584428*sin(X1) - 1.0559577519223904*cos(X1) 	 loss: 13.564069651870415 	 reward -1.1144070257652134
simplified: -0.8761206115615023*X0*X1 - 0.04872058123291696*X0*cos(X1) + 0.8001423812419036*X0 + 0.7605021975170654*sin(X0) - 0.41874293382298383*sin(X1) 	 loss: 4.45888020569898 	 reward -0.6440501401283806
simplified: -0.4858187558597849*X0 - 0.011461815867525728*X1**4*sin(X1)**2 + 0.046924312154479466*X1**3*sin(X1)**3 - 0.017407890856087288*X1**3*sin(X1)**2*cos(X1) + 0.015453277021124345*X1**3*sin(X1) - 0.063265228051985687*X1**2*sin(X1)**2 + 0.023470012331535168*X1**2*sin(X1)*cos(X1) + 0.7605021975170654*sin(X0) 	 loss: 22.992952228439158 	 reward -1.3292895220046719
simplified: 0.7759327740264877*X0*sin(X1) - 0.573635785692555*X0 - 1.6702985755887785*X1 + 0.7605021975170654*sin(X0) + 1.1163711215209369*cos(X1) 	 loss: 8.73041122512503 	 reward -0.9335327193242486
simplified: -1.109396651906016*X0 + 0.7605021975170654*sin(X0) + 2.5162317806602563*cos(X1) 	 loss: 46.750521558155185 	 reward -1.6597927549758804
simplified: -1.8233714966165992*X0 + 0.7605021975170654*sin(X0) - 0.75932400354642605 	 loss: 69.07662260466556 	 reward -1.8246678448878093
simplified: 1.0576230830578242*X0*cos(X1) - 0.6276144793873446*X0 - 1.614580784185333*X1 + 0.7605021975170654*sin(X0) 	 loss: 10.82099196355209 	 reward -1.0260218395352596
simplified: -0.7350339627612732*X0*X1 + 0.835985156916749*X0 - 0.8153610283030157*X1 + 0.7605021975170654*sin(X0) + 0.04658465182223262*sin(X1) - 0.3582530896052598 	 loss: 0.038556341946166126 	 reward 1.3998285912876267
	ITER 4/30...
	Iteration 4/30...
#QN: 16
PRINT HOF (free variables=[1 1 0 0])
====================
        {'reward': 1.1387722167334067, 'pretty-eq': '-0.7128427804319997*X0*X1 + 0.01707093680504426*X0*sin(X1) + 0.7452906356586313*X0 - 0.8935942065389423*X1 + 0.7605021975170654*sin(X0)', 'rules': 'f->B,B->(A)*X0 + 0.7605021975170654*sin(X0) + 0.0*cos(X0) + (A),A->(A-A),A->C*sin(X1),A->(A+A),A->C*X1,A->(A-A),A->C*X1,A->C,A->C*X1'}
------------------------------
neg_nmse -0.000951316005928272
neg_nrmse -0.03084341106181792
inv_nrmse 0.970079441037463
inv_nmse 0.9990495881360901
neg_mse -0.07800980003930973
neg_rmse -0.27930234520911157
neglog_mse -0.07511656339103931
inv_mse 0.9276353517041634
------------------------------
        {'reward': 1.1859338774083878, 'pretty-eq': '-0.72783924605148773*X0*X1 - 0.059105576789201053*X0*cos(X1) + 0.80962822393895784*X0 - 0.8900316746785635*X1 + 0.7605021975170654*sin(X0)', 'rules': 'f->B,B->(A)*X0 + 0.7605021975170654*sin(X0) + 0.0*cos(X0) + (A),A->(A+A)'}
------------------------------
neg_nmse -0.0007735690458235803
neg_nrmse -0.027813109244088124
inv_nrmse 0.9729395266571922
inv_nmse 0.9992270289006923
neg_mse -0.06343419663418039
neg_rmse -0.25186146317803443
neglog_mse -0.06150347939894132
inv_mse 0.9403496738820768
------------------------------
        {'reward': 1.3998285912876267, 'pretty-eq': '-0.7350339627612732*X0*X1 + 0.835985156916749*X0 - 0.8153610283030157*X1 + 0.7605021975170654*sin(X0) + 0.04658465182223262*sin(X1) - 0.3582530896052598', 'rules': 'f->B,B->(A)*X0 + 0.7605021975170654*sin(X0) + 0.0*cos(X0) + (A),A->(A-A),A->C,A->C*X1,A->(A-A),A->(A-A),A->C*X1,A->C,A->C*sin(X1)'}
------------------------------
neg_nmse -0.0003356641367420902
neg_nrmse -0.018321139067811538
inv_nrmse 0.9820084859629026
inv_nmse 0.999664448495864
neg_mse -0.02752512522068539
neg_rmse -0.1659069776130148
neglog_mse -0.027153119858812025
inv_mse 0.9732122119984427
------------------------------
        {'reward': 2.440140995508234, 'pretty-eq': '-0.7302563797744418*X0*X1 - 0.00458162677459883*X0*sin(X1) + 0.8218614562591634*X0 + 0.007913028204192567*X1*sin(X1) + 0.01250877509595721*X1*cos(X1) - 0.89091343632354702*X1 + 0.7605021975170654*sin(X0) - 0.4109803627144135*cos(X1)', 'rules': 'f->B,B->(A)*X0 + 0.7605021975170654*sin(X0) + 0.0*cos(X0) + (A),A->(A-A),A->(A+A)'}
------------------------------
neg_nmse -3.363993885345598e-05
neg_nrmse -0.005799994728743809
inv_nrmse 0.9942334512237615
inv_nmse 0.999966361192754
neg_mse -0.0027585417326517385
neg_rmse -0.052521821490231456
neglog_mse -0.0027547439390511966
inv_mse 0.997249046886317
------------------------------
        {'reward': 2.4901394702033426, 'pretty-eq': '-0.7283494199069427*X0*X1 + 0.01407859503851022*X0*cos(X1) + 0.8105974885916766*X0 - 0.8929255574561926*X1 + 0.7605021975170654*sin(X0) - 0.40935987601337215*cos(X1)', 'rules': 'f->B,B->(A)*X0 + 0.7605021975170654*sin(X0) + 0.0*cos(X0) + (A),A->(A-A),A->(A-A)'}
------------------------------
neg_nmse -3.2004962715464145e-05
neg_nrmse -0.005657292878706577
inv_nrmse 0.9943745320411166
inv_nmse 0.9999679960615695
neg_mse -0.0026244704452992973
neg_rmse -0.05122958564442325
neglog_mse -0.0026210325365531115
inv_mse 0.9973823993701912
------------------------------
====================
[1.1387722167334067, 1.1859338774083878, 1.3998285912876267, 2.440140995508234, 2.4901394702033426] 9.5
UCB_policy... prob= [0. 0. 0. 0. 0. 0. 0. 1.]
state: f->B 	 action: B->(A)*X0 + 0.7605021975170654*sin(X0) + 0.0*cos(X0) + (A)
UCB_policy... prob= [0.8286 0.0286 0.0286 0.0286 0.0286 0.0286 0.0286 0.    ]
state: f->B,B->(A)*X0 + 0.7605021975170654*sin(X0) + 0.0*cos(X0) + (A) 	 action: A->(A+A)
uniform_random_policy...  [0, 1, 2, 3, 4, 5, 6]
state: f->B,B->(A)*X0 + 0.7605021975170654*sin(X0) + 0.0*cos(X0) + (A),A->(A+A) 	 action: A->C*cos(X1)
simplified: -0.753628900094413*X0*X1 + 0.642555648296475*X0*sin(X1) + 0.2399495432389965*X0*cos(X1) + 0.7605021975170654*sin(X0) - 1.190240048566545*sin(X1) + 0.381354752914581*cos(X1) 	 loss: 6.152009199176209 	 reward -0.7796006744120602
simplified: 0.45734471204242069*X0*cos(X1) - 1.9867051427547746*X1 + 0.7605021975170654*sin(X0) 	 loss: 15.123532620609758 	 reward -1.1725929991501676
simplified: -0.5186195869158278*X0*sin(X1) + 1.2316810101028*X0*cos(X1) - 2.2126119455368061*X1*sin(X1) + 0.7605021975170654*sin(X0) + 10.477968918874994*sin(X1) - 6.687642680096472 	 loss: 29.271733885343533 	 reward -1.4489475305710782
simplified: -0.9427679846716054*X0*sin(X1) + 0.872008241599961*X0*cos(X1) + 0.7605021975170654*sin(X0) + 0.8500945944542545*sin(X1) 	 loss: 56.61589485902859 	 reward -1.7424470048595098
simplified: 0.4463230044732519*X0*sin(X1) + 0.20590935747882858*X0*cos(X1) - 2.6037699787119712*X1 + 0.7605021975170654*sin(X0) 	 loss: 37.019247728173625 	 reward -1.5590405186988718
simplified: -0.7600843154375823*X0*X1 + 0.5735867019604887*X0*cos(X1) + 0.7605021975170654*sin(X0) - 0.2166433299866096*cos(X1) 	 loss: 6.116161183838019 	 reward -0.7817718301161695
simplified: -0.5708116887727434*X0*X1 + 0.4937586997247439*X0*cos(X1) - 0.8711955620018315*X1 + 0.7605021975170654*sin(X0) 	 loss: 2.2870447956745603 	 reward -0.3571244050019214
simplified: -0.6097458416896161*X0*X1 + 0.4985665475167476*X0*cos(X1) - 0.993191557461471*X1*sin(X1)**2 + 0.7605021975170654*sin(X0) 	 loss: 4.002177907384361 	 reward -0.5963004575523665
simplified: 1.4069667341514698*X0*cos(X1) - 1.1040610971936016*X0 - 1.059576575858403*X1*cos(X1) - 2.030499681562365*X1 + 0.7605021975170654*sin(X0) 	 loss: 24.737933966613234 	 reward -1.3767347209406882
simplified: -0.6931183610146894*X0*X1 + 0.5635299448428247*X0*cos(X1) + 0.7605021975170654*sin(X0) - 0.894135693237101 	 loss: 5.886712463381371 	 reward -0.7652651189725197
simplified: 0.5557020636273424*X0*sin(X1) + 1.3395903832256084*X0*cos(X1) - 1.3013632874326405*X0 - 1.9553546857345205*X1 + 0.7605021975170654*sin(X0) 	 loss: 25.108082226415867 	 reward -1.3803430275583766
simplified: -0.9392985658011777*X0*X1 + 0.08207592748055108*X0*cos(X1) + 0.8423089561184861*X0 + 0.7605021975170654*sin(X0) - 0.7405330447848537*cos(X1) 	 loss: 4.169222565487952 	 reward -0.6151119659000492
simplified: 0.6986450281579293*X0*cos(X1) - 1.9442442491050507*X1 + 0.7605021975170654*sin(X0) 	 loss: 20.519386478680836 	 reward -1.3043110414188623
simplified: 0.672839481168836*X0*cos(X1) - 2.1810033340765447*X1 + 0.7605021975170654*sin(X0) 	 loss: 24.871885585861065 	 reward -1.38735536669468
simplified: -0.6855179804406201*X0*X1 + 0.6719838621918449*X0*cos(X1) + 0.7605021975170654*sin(X0) - 1.1885880169069372 	 loss: 6.863692530945028 	 reward -0.8315510051517584
simplified: 1.1146541789051068*X0*sin(X1) + 1.3099302852548661*X0*cos(X1) - 1.55481721244539*X0 + 0.7605021975170654*sin(X0) - 0.3739917859925594*cos(X1) 	 loss: 27.319168157084704 	 reward -1.4193243532372155
simplified: -0.09121155797229941*X0*X1**2 + 0.4582860906550016*X0*cos(X1) - 0.8477524492306825*X1 + 0.7605021975170654*sin(X0) 	 loss: 1.056836791342062 	 reward -0.023816531321548217
simplified: 1.5159102296327522*X0*cos(X1) - 1.9061716492547307*X0 + 0.7605021975170654*sin(X0) + 1.1818848008142324*sin(X1) 	 loss: 36.78647103573235 	 reward -1.5563174527764558
simplified: 1.3200421198281642*X0*cos(X1) - 1.4018751076627143*X0 + 0.7605021975170654*sin(X0) - 1.8877771657436373 	 loss: 46.825246149077465 	 reward -1.6604822124373746
simplified: -0.7318252078536195*X0*X1 + 0.669134665580123*X0*cos(X1) + 0.7605021975170654*sin(X0) - 0.6890808834365768*cos(X1) 	 loss: 5.494038727678232 	 reward -0.7354634497431747
simplified: 0.7748885877865497*X0*cos(X1) - 0.57022086247087075*X1*sin(X1)*cos(X1) - 0.37306500566786707*X1*sin(X1) - 2.91886922141199*X1 + 0.7605021975170654*sin(X0) + 2.37918606650621*sin(X1)**2 - 1.2679745071008715*cos(X1) 	 loss: 37.344765237105825 	 reward -1.5380014548028749
simplified: -0.80556985094017308*X0*X1*cos(X1)**2 + 0.069461622298916478*X0*X1*cos(X1)*cos(2*X1) - 0.21194850972245471*X0*X1*cos(X1) - 0.22586396864298198*X0*sin(X1)*cos(X1) + 1.2668567746287223*X0*cos(X1) + 0.7605021975170654*sin(X0) - 2.8969610861290542 	 loss: 24.090571903349304 	 reward -1.3571841614032112
simplified: -0.5203833571498341*X0*X1 + 0.41502145633979287*X0*cos(X1) - 0.8917698071322335*X1 + 0.7605021975170654*sin(X0) 	 loss: 2.2727095889777953 	 reward -0.35441002168825503
simplified: -0.9375514887283492*X0*X1 - 0.004312489961260361*X0*cos(X1) + 0.90388827605322893*X0 + 0.7605021975170654*sin(X0) - 1.0420658314340079*sin(X1) 	 loss: 4.953432059982058 	 reward -0.6852405079602172
simplified: 0.034573120613148478*X0*X1*cos(X1) - 0.8769431075199777*X0*X1 - 0.19307618264290175*X0*cos(X1) + 1.1559751471525633*X0 - 0.6715352389335913*X1*sin(X1)**2 + 0.7605021975170654*sin(X0) - 1.2108732385742477 	 loss: 0.943562766659804 	 reward 0.024532241637522004
simplified: -0.16904709781347865*X0*sin(X1) + 0.6267142715238838*X0*cos(X1) - 2.4158875473739785*X1 + 0.7605021975170654*sin(X0) 	 loss: 40.42531725258722 	 reward -1.5938451058189327
simplified: 2.156060048195415*X0*cos(X1) - 2.1481983867477767*X0 + 0.7605021975170654*sin(X0) - 0.12146560580174386*cos(X1) 	 loss: 43.27369526267162 	 reward -1.6264311491760892
simplified: 0.38051000339199947*X0*cos(X1) + 0.7605021975170654*sin(X0) - 0.7655902044960363*sin(X1) 	 loss: 83.5074701787629 	 reward -1.9102237626394007
simplified: 0.3408992159318448*X0*cos(X1) + 0.015497711386668019*X1**2*cos(X1)**3 + 0.002716471754556153*X1**2*cos(X1)**2 - 2.7182745232805655*X1*cos(X1)**2 - 0.47646492952330172*X1*cos(X1) + 0.7605021975170654*sin(X0) + 0.62627732623521598*cos(X1)**2 + 0.1097752193720961*cos(X1) 	 loss: 53.485620967013446 	 reward -1.6939987046679008
simplified: -0.7438226225766991*X0*X1 + 0.29585185349698007*X0*cos(X1) + 0.7605021975170654*sin(X0) + 0.04090277608066788*cos(X1) 	 loss: 7.451193103787148 	 reward -0.8670055296855025
simplified: 0.27925105477380746*X0*sin(X1) - 0.018412067006790321*X0*cos(X1) - 2.67038015734872*X1 + 0.7605021975170654*sin(X0) 	 loss: 38.16767666397216 	 reward -1.569086357677489
simplified: -0.7873449976215142*X0*X1 + 0.5467632250313986*X0*cos(X1) + 0.7605021975170654*sin(X0) + 0.48007656873628163*sin(X1) - 0.3046886062990277*cos(X1) 	 loss: 7.451359870961036 	 reward -0.8652820280974695
simplified: 2.033460372583925*X0*cos(X1) - 1.3076793531327846*X0 + 0.7605021975170654*sin(X0) - 2.6290698194662854 	 loss: 33.320902843502225 	 reward -1.5136032700391515
simplified: -0.57589075726514676*X0*X1*sin(X1) + 1.0958911342970177*X0*cos(X1) + 0.63791803829465593*X1*sin(X1) + 0.6550029845132801*X1*cos(X1) + 0.7605021975170654*sin(X0) - 1.9861685139694078*sin(X1)*cos(X1) - 1.5565935008786573*cos(X1) 	 loss: 80.62042406647484 	 reward -1.8649407532906228
simplified: -0.2756608820037272*X0*sin(X1) + 0.6415961609063612*X0*cos(X1) - 1.9386684306192972*X1 + 0.7605021975170654*sin(X0) 	 loss: 24.474546609251064 	 reward -1.3804031702833122
simplified: -0.0018757629641360728*X0*X1*cos(X1) - 0.7251976762503749*X0*X1 - 5.4873274900033316e-5*X0*cos(X1)**2 - 0.06097143406179501*X0*cos(X1) + 0.80501463624884274*X0 - 0.8933980085050927*X1 + 0.7605021975170654*sin(X0) 	 loss: 0.057621130932858214 	 reward 1.2148639401223271
simplified: 0.3805455597343666*X0*sin(X1) + 1.059253882710944*X0*cos(X1) + 0.7605021975170654*sin(X0) - 4.107874061256717 	 loss: 31.053034441822273 	 reward -1.4742969477955956
simplified: -0.36150041831743474*X0*sin(X1) + 0.7830595284667653*X0*cos(X1) + 0.7605021975170654*sin(X0) - 1.0708215539509255*sin(X1) 	 loss: 81.57160482555881 	 reward -1.8925094068305832
simplified: -0.029355867281235491*X0*X1*sin(2*X1) + 0.51743052786178252*X0*X1*cos(2*X1) - 0.51743052786178252*X0*X1 + 0.4415067713102975*X0*cos(X1) + 0.7605021975170654*sin(X0) - 0.66288975208060916*sin(X1) 	 loss: 32.95434427470022 	 reward -1.4878411013027995
simplified: 0.2291412615045564*X0*X1*sin(X1) + 0.8505607007125189*X0*cos(X1) + 0.7605021975170654*sin(X0) - 3.840860065497076 	 loss: 34.31114372036204 	 reward -1.5231946197259498
uniform_random_policy...  [0, 1, 2, 3, 4, 5]
state: f->B,B->(A)*X0 + 0.7605021975170654*sin(X0) + 0.0*cos(X0) + (A),A->(A+A) 	 action: A->(A+A)
simplified: -0.027142833915639774*X0*X1**2 - 0.5515072222277613*X0*X1 + 0.4096787146998916*X0*sin(X1) + 0.081454783710805307*X1*cos(X1) + 0.7605021975170654*sin(X0) 	 loss: 6.962807303732481 	 reward -0.8310617823859939
simplified: 1.3134141506924222*X0*sin(X1)**5 - 4.4277452984336898*X0*sin(X1)**2 + 2.107513134707846*X0*sin(X1) + 0.069510781385990032*X0 + 0.7605021975170654*sin(X0) - 2.2015452959859959 	 loss: 33.586227288120064 	 reward -1.4929358798371073
simplified: 0.054752383855931986*X0*X1*cos(X1) + 0.030420883616137389*X0*sin(X1)**2 + 2.0481127664561482*X0*cos(X1) - 1.9563568420120014*X0 + 0.7605021975170654*sin(X0) - 0.0900939416076135*cos(X1) 	 loss: 54.4070591074403 	 reward -1.7080920771910202
simplified: -0.7249616287830861*X0*X1 + 0.03375540119430194*X0*sin(X1) - 0.012894465345713021*X0*cos(X1) + 0.78904263706021219*X0 + 0.0063386535873658816*X1*sin(X1) - 0.044887706735408967*X1*cos(X1) - 0.8933749781652235*X1 + 0.7605021975170654*sin(X0) + 0.03754418956629777*sin(X1)*sin(2*X1) - 0.02578455108101711*sin(X1)*cos(2*X1) + 0.02578455108101711*sin(X1) - 0.2658723256670215*sin(2*X1)*cos(X1) + 0.182595459946857*cos(X1)*cos(2*X1) - 0.182595459946857*cos(X1) 	 loss: 0.030050846950579746 	 reward 1.4800936860713114
simplified: 0.01654014216858039*X0*X1*sin(X1) - 0.71923952590330461*X0*X1 + 0.40855003992182008*X0*sin(2*X1) + 0.7605021975170654*sin(X0) - 0.02629519531233831*sin(X1) 	 loss: 7.362866900993437 	 reward -0.8515720580018166
simplified: 1.3739206186739406*X0*sin(X1) + 1.3636982717212198*X0*cos(X1) - 2.158662910123719*X0 + 0.7605021975170654*sin(X0) - 1.3127043420917772*sin(X1) 	 loss: 39.21137722195857 	 reward -1.5807093259502134
simplified: 0.046881054199151033*X0*X1*sin(X1) - 0.5332605227570482*X0*X1 + 0.5308850734083032*X0*cos(X1) - 0.9374333742239764*X1 + 0.7605021975170654*sin(X0) 	 loss: 1.8213544936939499 	 reward -0.2578022233271223
simplified: -0.9341483107964661*X0*X1 + 0.13021313451533118*X0*sin(X1) + 0.7964146560055787*X0 + 0.7605021975170654*sin(X0) - 0.5334170430636349*sin(X1) 	 loss: 4.750022737431753 	 reward -0.6699591018720717
simplified: -0.7253327569951186*X0*X1 + 0.78957978889803968*X0*sin(X1) + 0.1425710407281524*X0*cos(X1) + 0.7605021975170654*sin(X0) - 0.62319790539806296*sin(X1) + 1.0507804481700636*cos(X1) - 1.358412001640712 	 loss: 6.682183515690484 	 reward -0.8069594857000889
simplified: -0.874108239970976*X0*X1 + 0.16610052422803565*X0*sin(X1) + 0.6788656394331591*X0 + 0.7605021975170654*sin(X0) - 0.17833047928811285*cos(X1) 	 loss: 4.89947653602845 	 reward -0.6846477702729321
simplified: -0.58959786727572452*X0*X1 + 0.32000150595888756*X0*sin(X1) + 0.50248876588218915*X0*cos(X1) - 0.8772947955230674*X1 + 0.7605021975170654*sin(X0) 	 loss: 1.2545780937572537 	 reward -0.09693350157625913
simplified: 7.8575112505906513e-6*X0*X1*sin(X1) - 0.72834548003622575*X0*X1 + 0.004589332703137124*X0*sin(X1) - 0.07081837392951252*X0*cos(X1) + 0.8110794057945658*X0 - 0.8944892145740598*X1 + 0.7605021975170654*sin(X0) 	 loss: 0.0566097564608849 	 reward 1.2248505504318619
simplified: 0.058918942959408091*X0*X1*sin(2*X1) - 0.7630008310374109*X0*X1 + 0.69332887938948553*X0*sin(X1)**2 + 0.42624425929914456*X0*sin(X1) + 0.7605021975170654*sin(X0) - 0.9766323603069021 	 loss: 6.5294174494306745 	 reward -0.7939504278430158
simplified: -0.7330989020828333*X0*X1 + 0.8329523511652334*X0 - 0.86320534333220969*X1 + 0.7605021975170654*sin(X0) + 0.04099992330602399*sin(X1) - 0.32048645811693174*cos(X1) - 0.14486661710747892 	 loss: 1.4310217407414504e-10 	 reward 9.61078649860876
simplified: -0.8696423913704554*X0*X1 + 0.2178282225307866*X0*sin(X1) - 0.001028931725869112*X0*cos(X1) + 0.7636698911324405*X0 + 0.7605021975170654*sin(X0) - 1.0961646415412616*sin(X1) - 0.2836137487776497*cos(X1) 	 loss: 3.766284149873906 	 reward -0.5667672613430965
simplified: -0.72736497129539154*X0*X1 + 0.0189330257876833*X0*cos(X1) + 0.80449601225336382*X0 - 0.8923863954781357*X1 + 0.7605021975170654*sin(X0) - 0.3957298885981403*cos(X1) 	 loss: 0.003380252258345821 	 reward 2.4318092209756585
simplified: 1.5072934050724043*X0*sin(X1) + 1.7322146183072256*X0*cos(X1)**2 + 0.84336244819112802*X0*cos(X1) - 2.8558207794688468*X0 + 0.7605021975170654*sin(X0) - 0.6709377551059921*sin(X1) 	 loss: 35.27416838116969 	 reward -1.5228823061904464
simplified: -0.9195689795800541*X0*X1 + 0.38761195993620534*X0*sin(X1) - 0.06080639336889295*X0*cos(X1) + 0.72682223568922607*X0 + 0.7605021975170654*sin(X0) - 0.9296459298680833*sin(X1) 	 loss: 5.570435805823376 	 reward -0.7369875686217909
simplified: -0.7254172680124583*X0*X1 + 0.009413445013497406*X0*sin(X1) - 0.066600241545731*X0*cos(X1) + 0.79870830331260836*X0 - 0.8916741708703889*X1 + 0.7605021975170654*sin(X0) 	 loss: 0.05045276954600368 	 reward 1.2739643229923292
simplified: -0.73198724697987*X0*X1 - 0.071041732501448538*X0*cos(X1) + 0.8289581728416603*X0 - 0.887727408693009*X1 + 0.7605021975170654*sin(X0) - 0.10828259111070376*sin(X1) 	 loss: 0.06046995520043203 	 reward 1.196713500675755
simplified: -0.0042782400586568596*X0*X1**3*sin(X1)**2 - 0.5979072969066735*X0*X1 + 0.4678577518757646*X0*sin(X1) + 0.7605021975170654*sin(X0) + 0.7565891159192921*cos(X1) 	 loss: 6.271513029211205 	 reward -0.7847096112005951
simplified: -0.7225903403079814*X0*X1 + 0.769766253868061*X0 - 0.8808160055679611*X1 + 0.7605021975170654*sin(X0) 	 loss: 0.0787485229583337 	 reward 1.094958366091697
simplified: -0.7289791910589453*X0*X1 + 0.00728204614672881*X0*sin(X1) + 0.8125450850876871*X0 - 0.893522295334756*X1 + 0.7605021975170654*sin(X0) - 0.38468432569841443*cos(X1) 	 loss: 0.0038413449593248244 	 reward 2.386689384292147
simplified: -1.0204367701771999*X0*sin(X1) + 0.549790308190661*X0*cos(X1) + 0.7605021975170654*sin(X0) + 0.31081775327435357*cos(X1) 	 loss: 74.03998719241802 	 reward -1.854562844774139
simplified: -0.10566239829991427*X0*X1*sin(X1) - 0.8208274528806377*X0*X1 + 0.6926528100962518*X0*sin(X1) + 0.5593390950628486*X0*cos(X1)**2 - 0.014135683562755342*X0*cos(X1) + 0.7605021975170654*sin(X0) + 0.14980498848795695*cos(X1) 	 loss: 6.1947666590877954 	 reward -0.7794471539271768
simplified: 0.01344776122998726*X0*X1**3*sin(X1) - 0.059905042613606909*X0*X1**2*sin(X1)*cos(X1) - 0.16542064643836155*X0*X1**2*sin(X1) - 0.04740547233495992*X0*X1**2 + 0.39606028448243052*X0*X1*sin(X1)*cos(X1) + 0.50585137035950109*X0*X1*sin(X1) - 0.010447325523908812*X0*X1*cos(X1) - 0.451691062251048*X0*X1 + 0.7605021975170654*sin(X0) + 0.7774714221676716*cos(X1) 	 loss: 6.599913091015042 	 reward -0.7953052643434845
simplified: -2.4799667158594128*X0*sin(X1)**2 + 1.4736235147092874*X0*sin(X1) + 0.04597699597807678*X0 + 0.7605021975170654*sin(X0) - 2.4087967995561237 	 loss: 36.855601763886035 	 reward -1.5478085098803376
simplified: -0.5838855144495233*X0*X1 + 0.41490294500860225*X0*sin(X1) + 0.3854444399232545*X0*cos(X1) - 0.8495490311165733*X1 + 0.7605021975170654*sin(X0) 	 loss: 1.3741515610972272 	 reward -0.13666048424282135
simplified: -0.0211622258128509*X0*X1*cos(X1) - 0.89826834692764945*X0*X1 + 0.046284458673018153*X0*cos(X1) + 0.74788395249611404*X0 + 0.7605021975170654*sin(X0) - 0.5727631732600383*sin(X1) 	 loss: 5.954595944239456 	 reward -0.7564681412803106
simplified: -0.5587009687633414*X0*X1 + 0.56905575636120171*X0*cos(X1) - 0.8758842830638124*X1 + 0.7605021975170654*sin(X0) 	 loss: 1.4587739767643535 	 reward -0.16235548702530608
simplified: 1.6351606100445552*X0*cos(X1) - 1.5702152596103804*X0 + 0.14022260509065294*X1*sin(X1) + 0.7605021975170654*sin(X0) 	 loss: 41.367406808795714 	 reward -1.597364742223819
simplified: 0.028799819878405007*X0*X1*sin(X1) - 0.9170127797992799*X0*X1 + 0.05496967773577751*X0*sin(X1) - 0.09509545733451134*X0*cos(X1) + 0.9104570265533717*X0 + 0.7605021975170654*sin(X0) - 1.1373380768687524*sin(X1) 	 loss: 4.630035795235212 	 reward -0.6537051236464363
simplified: -0.9212492446062786*X0*X1 - 0.11461128525345035*X0*sin(X1) - 0.15243588327732768*X0*cos(X1) + 1.315901774681353*X0 + 0.7605021975170654*sin(X0) - 2.031508828303961 	 loss: 2.381108868447492 	 reward -0.3715384931643833
simplified: -0.60284323261536756*X0*X1 + 0.3834143161865707*X0*sin(X1) + 0.3475152030405751*X0*cos(X1) - 0.8631424173890435*X1 + 0.7605021975170654*sin(X0) 	 loss: 1.5502207267511212 	 reward -0.18774528634331972
simplified: -0.040696353707426998*X0*X1**2 - 0.46539862776177563*X0*X1 + 0.7605021975170654*sin(X0) + 0.9325916617848256*cos(X1) 	 loss: 7.839660892490914 	 reward -0.8836245375046425
simplified: -0.25103685728343295*X0*sin(X1) + 1.162755161639427*X0*cos(X1) + 0.7605021975170654*sin(X0) + 1.9743127060363082*cos(X1) - 4.818006604401311 	 loss: 48.76017244734582 	 reward -1.6712603412865898
simplified: -0.89193720188208683*X0*X1 + 0.82859905046614024*X0 + 0.7605021975170654*sin(X0) - 0.47070372829980267*cos(X1) 	 loss: 3.9213388098997317 	 reward -0.5851800736172222
simplified: 1.2542404284070677*X0*sin(X1) + 1.3790775263336275*X0*cos(X1) - 1.8667410628677754*X0 + 0.7605021975170654*sin(X0) - 1.5177806101499802*sin(X1) 	 loss: 41.16833301792597 	 reward -1.5921057351884045
simplified: -0.041407087900135412*X0*X1**2*sin(X1) + 0.2508840480066703*X0*X1*sin(X1) + 0.5232347458753799*X0*sin(X1) + 0.7605021975170654*sin(X0) + 4.900300173209019*cos(X1) - 5.272580593090812 	 loss: 36.25692029342732 	 reward -1.534626913721167
simplified: -0.49630375825043594*X0*sin(X1) + 1.5176592926636252*X0*cos(X1) + 0.7605021975170654*sin(X0) - 4.668165508537836 	 loss: 56.36328760158894 	 reward -1.7370372764690005
uniform_random_policy...  [1, 2, 3, 4, 5]
state: f->B,B->(A)*X0 + 0.7605021975170654*sin(X0) + 0.0*cos(X0) + (A),A->(A+A) 	 action: A->C
simplified: 0.081842716786917237*X0*X1*sin(2*X1) - 0.30476068202392589*X0*X1*cos(2*X1) - 0.30476068202392589*X0*X1 + 0.259726942102458*X0 - 1.4731092689366656*X1 + 0.7605021975170654*sin(X0) 	 loss: 8.930897108625185 	 reward -0.9395468952781402
simplified: -0.5923871600985891*X0 + 0.7605021975170654*sin(X0) - 4.9687137760193433*sin(X1)**2 	 loss: 38.222425903316044 	 reward -1.5697039178554575
simplified: -0.6982783834080996*X0 - 0.23560880666519193*X1**2 + 0.7605021975170654*sin(X0) 	 loss: 21.377753897492116 	 reward -1.3193595410968568
simplified: -0.9649242935545572*X0*X1 + 0.8370350824172051*X0 + 0.7605021975170654*sin(X0) - 0.19069036219922678*sin(X1) 	 loss: 5.516668065614947 	 reward -0.7372379027322196
simplified: 0.7410447333383158*X0*sin(X1) - 1.057336021456398*X0 - 2.7877493381812055*X1 + 0.7605021975170654*sin(X0) + 3.521220784776313 	 loss: 22.53967127192015 	 reward -1.3421618040614027
simplified: 2.0499033393860677*X0*cos(X1) - 1.6976363742178737*X0 + 0.7605021975170654*sin(X0) + 0.4725267742483582*sin(2*X1) 	 loss: 35.18480790922255 	 reward -1.5340275543302213
simplified: -0.004840214541710763*X0*X1*sin(X1) - 0.7363788413349576*X0 - 1.9945271051907092*X1 + 0.7605021975170654*sin(X0) + 0.8549808923323267*sin(X1) + 1.8769728860281084 	 loss: 15.368519614176467 	 reward -1.170126739992738
simplified: 2.9806833718879013*X0*cos(X1) - 2.5052798902944984*X0 + 0.7605021975170654*sin(X0) - 1.2227056526229436*cos(X1) 	 loss: 35.44890679932772 	 reward -1.5403284426122614
simplified: 0.878697788941176*X0*sin(X1) - 1.456844651712376*X0 + 0.7605021975170654*sin(X0) + 2.485494782597233*cos(X1) 	 loss: 36.96177520129903 	 reward -1.5583697893906023
simplified: -0.7295464838246581*X0*X1 + 0.8169911349401107*X0 - 0.8926938681645094*X1 + 0.7605021975170654*sin(X0) - 0.3773424932337462*cos(X1) 	 loss: 0.004363083553973045 	 reward 2.3413907721162075
simplified: -0.7312281701529166*X0*X1 + 0.8217080440195232*X0 + 2.8752652607261239e-5*X1**2 + 0.00028756345330149794*X1*sin(X1) - 0.0011648389619601029*X1*sin(2*X1) + 0.001269699063758795*X1*cos(X1) - 0.0046990538413355746*X1*cos(2*X1) - 0.88829195758762928*X1 + 0.7605021975170654*sin(X0) - 0.011649885630266571*sin(X1)*sin(2*X1) - 0.04699657344042315*sin(X1)*cos(2*X1) - 0.04699657344042315*sin(X1) - 0.051438556283221032*sin(2*X1)*cos(X1) - 0.20750726356945544*cos(X1)*cos(2*X1) - 0.20750726356945544*cos(X1) 	 loss: 0.006043825329408108 	 reward 2.1703860737921588
simplified: -0.7149463820609323*X0*X1 + 0.7715662396322226*X0 - 0.9030421195987322*X1 + 0.7605021975170654*sin(X0) 	 loss: 0.07793369847617404 	 reward 1.0994394850900646
simplified: -0.27145378335125905*X0 - 1.7667289987418329*X1 + 0.7605021975170654*sin(X0) + 0.761289471114567*sin(X1) + 1.0323344814866315*cos(X1) 	 loss: 12.630440890995853 	 reward -1.0904537575304802
simplified: 0.45955765918913135*X0*sin(X1) - 1.0107790969733905*X0 + 0.7605021975170654*sin(X0) + 4.978591291030471*cos(X1) - 3.5703940331107877 	 loss: 52.65770262488849 	 reward -1.704324548074363
simplified: -0.8811943529646982*X0*X1 + 1.204612684974949*X0 + 0.7605021975170654*sin(X0) - 2.204038127269598 	 loss: 2.6327152321003666 	 reward -0.4178877604811528
simplified: -0.88739606425335428*X0*X1 + 1.1330142146580837*X0 + 0.7605021975170654*sin(X0) - 2.0628259838462477 	 loss: 2.37605458716863 	 reward -0.3721147182248352
simplified: 0.9272098105648768*X0*sin(X1) - 1.526669782094392*X0 + 0.7605021975170654*sin(X0) + 2.6321062508856747*cos(X1) 	 loss: 41.8505805239747 	 reward -1.608773191667842
simplified: -0.10588983731497339*X0*X1**2 + 0.23149995992145421*X0*X1*sin(X1) - 0.5141086461028952*X0*sin(X1) + 0.513158320997218*X0*cos(X1) + 0.17201443293952817*X0 - 0.7661533716353125*X1 + 0.7605021975170654*sin(X0) - 0.35599510440405935 	 loss: 0.69434965379869 	 reward 0.15466305950036563
simplified: -0.10799996213676232*X0*X1**2 - 0.10744204571373575*X0*X1*cos(X1) + 0.4790471872882239*X0 + 0.7605021975170654*sin(X0) - 2.1306742225118844 	 loss: 6.53998067828365 	 reward -0.8058431966867041
simplified: 1.9766675595093517*X0*cos(X1) - 1.942341417059776*X0 + 0.7605021975170654*sin(X0) + 1.0129421385472923*sin(X1) - 0.5695670691589088*cos(X1) 	 loss: 54.35237025181881 	 reward -1.7145100096517538
simplified: -1.2944909943906224*X0*X1*sin(X1)**2 + 0.85908587865131309*X0*sin(X1)**2*cos(X1) + 1.0994094679377604*X0*sin(X1)**2 - 0.7932785310187617*X0*cos(X1)**2 + 0.27162647450279115*X0 + 0.7605021975170654*sin(X0) + 0.70373955877866082*sin(2*X1) 	 loss: 24.955515862813918 	 reward -1.3667494916066125
simplified: 0.9683345456217785*X0*sin(X1) - 0.501729109149192*X0 - 0.016534846534690592*X1**3 + 0.098722121142070919*X1**2 - 0.04267169301624263*X1*sin(X1) - 1.4772441347333141*X1 + 0.7605021975170654*sin(X0) 	 loss: 17.41250215624415 	 reward -1.2114204941313143
simplified: -0.7243708742753253*X0*X1 - 0.11245133764072747*X0*sin(X1)**2*cos(X1) + 0.7834955451251772*X0 - 0.8862020813013267*X1 + 0.7605021975170654*sin(X0) 	 loss: 0.06573736074547688 	 reward 1.168079248223374
simplified: 1.5103557441449236*X0*sin(X1) - 1.8142795641542027*X0 + 0.7605021975170654*sin(X0) - 1.3704652405691657*sin(X1) 	 loss: 65.82353519793963 	 reward -1.807498155484183
simplified: -0.7792869395173131*X0 + 0.7605021975170654*sin(X0) + 3.899814158632346*sin(X1) + 4.632296660592792*cos(X1) - 5.194423782296482 	 loss: 46.64921602519474 	 reward -1.652230804091176
simplified: -1.163805083001841*X0 + 0.7605021975170654*sin(X0) + 3.9490930708911129*cos(X1) - 3.1012844057542166 	 loss: 63.08875244135788 	 reward -1.7820332022910166
simplified: 0.6702629763159114*X0*cos(X1) - 1.0413864973217966*X0 - 0.2401139266690628*X1**2 + 0.7605021975170654*sin(X0) - 0.3643707818873895*cos(X1) 	 loss: 22.995478726459 	 reward -1.348087141517303
simplified: 0.00015524058141424795*X0*X1**2*sin(X1) - 0.7330900539117995*X0*X1 + 0.83268313222944254*X0 - 0.8664186867899665*X1 + 0.7605021975170654*sin(X0) - 0.32385462684941413*cos(X1) - 0.12374296066848166 	 loss: 0.0003548076132297216 	 reward 3.3681521559055563
simplified: 1.2143765895512817*X0*sin(X1) - 0.7582049695162473*X0 - 1.844693162112187*X1 + 0.7605021975170654*sin(X0) 	 loss: 18.69185311948436 	 reward -1.264041494894511
simplified: 1.5411774995971101*X0*sin(X1) + 2.018106862562152*X0*cos(X1) - 2.0754150810354104*X0 + 0.7605021975170654*sin(X0) - 2.1569127348135706 	 loss: 27.19477311359558 	 reward -1.4230496416835947
simplified: -1.5003426462603152*X0 - 0.0578705051247955*X1*cos(X1) + 0.7605021975170654*sin(X0) - 3.83564435911851*cos(X1)**2 + 5.633141833891879*cos(X1) 	 loss: 68.23025614456876 	 reward -1.8120899175699834
simplified: -0.0024454486719454481*X0*X1**3*cos(X1) + 7.8628156099801377e-6*X0*X1**3 + 6.3396490168020668e-6*X0*X1**2*sin(X1) - 0.086760001595776409*X0*X1**2 + 0.015427250374953729*X0*X1*cos(X1) - 0.056453359388135127*X0*X1 + 0.31223934569364975*X0 - 0.9478693310275651*X1 + 0.7605021975170654*sin(X0) 	 loss: 1.5607510294897449 	 reward -0.18836928932737268
simplified: -0.2549471782136032*X0*X1*sin(X1) - 0.5046505694457422*X0 + 0.7605021975170654*sin(X0) - 2.7911035427056636 	 loss: 51.96925467400354 	 reward -1.7020684613915882
simplified: -0.9519026646577626*X0*X1 - 0.05095278680697972*X0*cos(X1) + 1.299961551964992*X0 + 0.7605021975170654*sin(X0) - 2.201328960538764 	 loss: 2.6466200783804448 	 reward -0.4176471085439022
simplified: 1.165494958389619*X0*cos(X1) - 0.7379042164716404*X0 + 0.7605021975170654*sin(X0) - 2.5697784842140057 	 loss: 27.17172158046203 	 reward -1.4255339360325403
simplified: 1.0225879255362177e-5*X0*sin(X1)**5 + 0.93435317034179223*X0*sin(X1)**3 - 1.7755048939445925*X0 + 0.7605021975170654*sin(X0) + 2.419391230538269*cos(X1) 	 loss: 58.81226195090414 	 reward -1.7344127155118998
simplified: -0.5582502848938556*X0 - 1.9920539010760664*X1 + 0.7605021975170654*sin(X0) - 0.014034268833446597*sin(X1) + 0.7007855757880836*cos(X1) + 2.1374137106952784 	 loss: 18.503988431482284 	 reward -1.2446474333541944
simplified: -0.7300352699890734*X0*X1 + 0.8158296204308236*X0 - 0.8903349941397839*X1 + 0.7605021975170654*sin(X0) - 0.3817184987489801*cos(X1) 	 loss: 0.004052941641979267 	 reward 2.373158661024827
simplified: 1.728819294499019*X0*cos(X1) - 1.281475001692422*X0 + 0.7605021975170654*sin(X0) - 2.105041527118575 	 loss: 38.26269033716942 	 reward -1.5733025599847947
simplified: 1.5017354829008538*X0*cos(X1) - 1.3897638433069281*X0 - 0.20693691771400363*X1**2 - 0.10208131842285438*X1*sin(X1) - 0.20263696199167076*X1 + 0.7605021975170654*sin(X0) 	 loss: 20.37991110209768 	 reward -1.2909921154389425
uniform_random_policy...  [1, 2, 4, 5]
state: f->B,B->(A)*X0 + 0.7605021975170654*sin(X0) + 0.0*cos(X0) + (A),A->(A+A) 	 action: A->(A-A)
simplified: 1.155438984993126*X0*cos(X1) - 0.7068888525170308*X0 - 1.800773466333533*X1 + 0.7605021975170654*sin(X0) 	 loss: 16.261887682361397 	 reward -1.1991136051879199
simplified: -0.7167449773733382*X0*X1 + 0.013196643345827146*X0*sin(X1) + 0.7610358523942242*X0 - 0.8914455933264742*X1 + 0.7605021975170654*sin(X0) 	 loss: 0.06739325044094735 	 reward 1.162045261136453
simplified: 0.49772892550130234*X0*sin(X1) - 1.224198704169097*X0 + 0.7605021975170654*sin(X0) - 1.4222321193968275 	 loss: 63.71688579878403 	 reward -1.7898709231282648
simplified: -0.5524325959044994*X0*X1 + 0.3528059563496795*X0*sin(X1) + 0.4778809426749315*X0*cos(X1) - 0.089379760059656912*X1**2 - 0.23476187823995033*X1*cos(X1) - 0.3374750818412979*X1 + 0.7605021975170654*sin(X0) 	 loss: 0.8812661108805244 	 reward 0.05326979951141137
simplified: -0.9051270537921677*X0*X1 - 0.0713975329437813*X0*cos(X1) + 0.8714019756120772*X0 + 0.7605021975170654*sin(X0) - 0.5993348523248458*sin(X1) 	 loss: 4.371493823585294 	 reward -0.6342523220287447
simplified: -0.8297688975755182*X0*X1 - 0.0561002081707959*X0*sin(X1) + 0.86276325044584*X0 + 0.20721802213008528*X1*sin(X1)*cos(X1) - 0.84886277869489352*X1*cos(X1)**2 + 0.7605021975170654*sin(X0) + 0.1129045056901871*sin(X1)**2*cos(X1) - 0.38839631593118*sin(X1)*cos(X1)**2 + 0.050026378197537981*sin(X1)*cos(X1) - 0.3036051093049588*cos(X1)**3 - 0.20493164623560174*cos(X1)**2 	 loss: 2.8210560950980272 	 reward -0.43884623661314504
simplified: -0.086631162025141423*X0*X1*cos(X1) - 0.70342170161976308*X0*X1 + 0.318179060829883*X0*sin(X1)*cos(X1) + 0.20473539276198172*X0*sin(X1) + 0.72122072979175125*X0*cos(X1)**2 + 0.30124929273880713*X0*cos(X1) + 0.7605021975170654*sin(X0) + 0.5026282003202985*sin(X1) - 2.104891385954808 	 loss: 4.354719211070536 	 reward -0.6213087195963298
simplified: -0.9300687317286599*X0*X1 - 0.18365359779929413*X0*cos(X1) + 0.8839938535554147*X0 + 0.7605021975170654*sin(X0) + 0.0711790975029671*cos(X1) 	 loss: 4.550611579710518 	 reward -0.6528235986187045
simplified: -0.7288992290880536*X0*X1 - 0.0598024632756026*X0*cos(X1) + 0.8087018765430231*X0 - 0.894431360219347*X1 + 0.7605021975170654*sin(X0) 	 loss: 0.05830109648225071 	 reward 1.2220354412017862
simplified: -0.046496631931090942*X0*X1*sin(X1)**3*sin(2*X1)*cos(X1) + 0.027657300345418074*X0*X1*sin(X1)**3*cos(X1)**2 - 0.024741145593847276*X0*X1*sin(X1)**3*cos(X1)*cos(2*X1) - 0.024741145593847276*X0*X1*sin(X1)**3*cos(X1) - 0.7006279335526605*X0*X1 - 0.087541075507075634*X0*sin(X1)**4*cos(X1) + 0.7582698261297005*X0 - 0.9134981743712934*X1 + 0.7605021975170654*sin(X0) 	 loss: 0.06998560551543376 	 reward 1.1208393006925403
simplified: -0.9656026108989858*X0*X1 - 0.117820200374887*X0*sin(X1) - 0.13177763187265495*X0*cos(X1) + 0.9790563921464864*X0 + 0.7605021975170654*sin(X0) - 0.14866135172067793*cos(X1) 	 loss: 4.5603446780915124 	 reward -0.6485324177523595
simplified: -0.5751289848619212*X0*X1 + 0.4796158238922235*X0*sin(X1) + 0.39636929486911915*X0*cos(X1) - 0.89944335582886265*X1 + 0.7605021975170654*sin(X0) 	 loss: 1.25331728890087 	 reward -0.096697064120431
simplified: -0.04068275722994585*X0*sin(X1) + 0.7499374585513483*X0*cos(X1) - 1.966277249927124*X1 + 0.7605021975170654*sin(X0) 	 loss: 12.784600139616675 	 reward -1.097864577416001
simplified: 0.14100437246483622*X0*X1*cos(X1) + 0.3881995568081481*X0*sin(X1) + 0.9931612914716476*X0*cos(X1) - 0.7654768116165133*X0 - 1.7614532748233935*X1 + 0.7605021975170654*sin(X0) 	 loss: 16.124177728340236 	 reward -1.1883021585972782
simplified: 0.44332323574608454*X0*X1**2*sin(X1)**2*cos(X1) - 3.0454190426144338*X0*X1*sin(X1)**2*cos(X1) + 4.8130407128286021*X0*sin(X1)**3*cos(X1) - 8.9219815563229444*X0*sin(X1)**2*cos(X1)**2 + 0.38093078098332924*X0*sin(X1) + 1.3746855854099929*X0*cos(X1) + 0.7605021975170654*sin(X0) - 0.9288040370355001*sin(X1) 	 loss: 42.85494035618399 	 reward -1.5900950531147682
simplified: -0.060974017411177788*X0*sin(2*X1) + 1.882367573870019*X0*cos(X1) - 1.701245472286284*X0 + 0.7605021975170654*sin(X0) - 0.090644271897758171*sin(2*X1)*cos(X1) - 0.50706114073216001*cos(X1) 	 loss: 41.57200616877239 	 reward -1.589908925911615
simplified: -0.9025395346944013*X0*X1 + 3.3077293271599396e-5*X0*sin(X1)**3*cos(X1) - 0.10272090059508418*X0*sin(X1) - 0.0030230407958064059*X0*cos(X1) + 0.8676852801515575*X0 + 0.7605021975170654*sin(X0) - 0.3377934492419433*cos(X1) 	 loss: 5.028632855590668 	 reward -0.6807087326972662
simplified: -0.18309590050390982*X0*X1*sin(X1) - 0.5674309911697125*X0*X1 + 0.95005141111502144*X0*sin(X1) + 0.2129714329798143*X0*cos(X1) - 0.8859170844011319*X1 + 0.7605021975170654*sin(X0) 	 loss: 1.1518905247564397 	 reward -0.06031515014853996
simplified: -0.0055761644051871177*X0*X1*sin(X1) - 0.7181638081502664*X0*X1 + 0.039792282670110076*X0*sin(X1) + 0.74976318591375021*X0 - 0.8842255450883082*X1 + 0.7605021975170654*sin(X0) 	 loss: 0.07127746699615006 	 reward 1.1265754487725315
simplified: -0.9845725909516534*X0*X1 - 0.18051144713393907*X0*sin(X1) - 0.1907685602248674*X0*cos(X1) + 1.0150563611292258*X0 + 0.7605021975170654*sin(X0) + 0.029409835302069955*cos(X1) 	 loss: 4.184970028697974 	 reward -0.6142729390794301
simplified: 0.9395142621502132*X0*cos(X1) - 0.8980052167528886*X0 - 2.32270732343823*X1 + 0.7605021975170654*sin(X0) + 0.25573070045008197*sin(X1) - 2.5536485056727095*cos(X1) + 3.741034717828802 	 loss: 13.865958706892823 	 reward -1.1104032445610188
simplified: -0.7898708995395028*X0*X1 + 0.8468369911821967*X0*sin(X1) - 0.42895531362802628*X1*sin(X1) + 0.7605021975170654*sin(X0) - 0.11840726758504694*sin(X1) 	 loss: 6.454909279524536 	 reward -0.7986250868687734
simplified: -0.889007250920983*X0*X1 - 0.03644425443185307*X0*cos(X1) + 0.79585433735928466*X0 + 0.7605021975170654*sin(X0) - 0.0642837080192833*cos(X1) 	 loss: 4.242442805284169 	 reward -0.6201258890028897
simplified: 0.055924860374116494*X0*X1*sin(X1)**2 - 0.1286481725334529*X0*X1*cos(X1) - 0.5855739124952694*X0*X1 + 0.71381129000762316*X0*cos(X1) - 0.9175460317024287*X1 + 0.7605021975170654*sin(X0) 	 loss: 1.5121397655853634 	 reward -0.17568212234733535
simplified: 2.583574219536616*X0*sin(X1)*cos(X1) - 1.068804523712089*X0*sin(X1) + 0.77959950371383513*X0*cos(X1) + 0.7605021975170654*sin(X0) - 5.0817513420457913*cos(X1)**2 	 loss: 75.67192921445452 	 reward -1.8453999292452945
simplified: 1.5408625138688349*X0*cos(X1) - 1.641452642233937*X0 + 0.7605021975170654*sin(X0) - 0.3899749400274646*cos(X1) 	 loss: 46.38528851979889 	 reward -1.6464933144542866
simplified: -0.016060597315690129*X0*X1*cos(X1) - 0.8928921016591093*X0*X1 + 0.028180593958042581*X0*sin(2*X1) - 0.29267443460748223*X0*cos(X1) + 1.2791253138104997*X0 + 0.7605021975170654*sin(X0) + 0.6941794078043084*sin(X1) + 1.275576970445087*cos(X1) - 2.7679923877135706 	 loss: 1.6592366304583905 	 reward -0.21426161215438735
simplified: -0.90027770643119167*X0*X1 + 0.24835279680590752*X0*sin(X1) - 0.0880364821149762*X0*cos(X1) + 0.7891669213301993*X0 + 0.7605021975170654*sin(X0) - 0.9726176484365858*sin(X1) 	 loss: 3.4092521536535036 	 reward -0.5252501744151928
simplified: -0.9240110803472885*X0*X1 + 0.10497532330330991*X0*sin(X1) - 0.0826908881289171*X0*cos(X1) + 1.2076507090294838*X0 + 0.7605021975170654*sin(X0) - 2.091384243158837 	 loss: 2.581509769827355 	 reward -0.4053329875746531
simplified: -0.7791125236296326*X0*X1 + 1.1047523718087055*X0*sin(X1) - 0.5062934826054411*X1*sin(X1) + 0.7605021975170654*sin(X0) - 1.0192614461696774 	 loss: 5.501223993692634 	 reward -0.731622524344743
simplified: 0.0004495962481767674*X0*sin(X1) + 0.7396028038468757*X0*cos(X1) - 2.470582474905035*X1 + 0.7605021975170654*sin(X0) 	 loss: 29.779983951010045 	 reward -1.4621742511400573
simplified: -0.037706436359235546*X0*X1**2 - 0.16909719649065412*X0*X1*sin(X1) - 0.47434925708560925*X0*X1 + 1.0976861650696623*X0*sin(X1) + 0.7605021975170654*sin(X0) + 1.0275334587452056*sin(2*X1) - 1.652645244181127 	 loss: 3.998203412153604 	 reward -0.5899412588618461
simplified: 0.0066954262083334247*X0*X1**2*sin(X1) - 0.16486599255351188*X0*X1*sin(X1)**2 - 0.0205186963486093*X0*X1*sin(X1) - 0.8573870621371191*X0*X1 + 0.5052456907384276*X0*sin(X1)**2 - 0.192864008533955*X0*sin(X1) + 1.172442395848912*X0 + 0.7605021975170654*sin(X0) - 2.183512717658413 	 loss: 2.3509278311877875 	 reward -0.36098371686546604
simplified: -0.57068776476901403*X0*X1 - 0.8994584474979781*X1 + 0.7605021975170654*sin(X0) 	 loss: 2.613518403255372 	 reward -0.4138994170364875
simplified: -0.0059753422029021736*X0*X1**2*cos(X1) - 0.016021083565348042*X0*X1*sin(X1) - 0.68624034842616368*X0*X1 + 0.5306427536126516*X0*cos(X1) + 0.7605021975170654*sin(X0) + 0.6292967005955529*cos(X1) - 1.1795444593242808 	 loss: 7.924603712056528 	 reward -0.8741430688274909
simplified: 0.2607101233013001*X0*X1*sin(X1) - 0.12885385320818054*X0 - 1.6706005185638597*X1 + 0.7605021975170654*sin(X0) 	 loss: 11.481884867840387 	 reward -1.0431795866534643
simplified: 0.051816921491345452*X0*X1*sin(X1) - 0.9082279957443768*X0*X1 - 0.03192282567990653*X0*sin(X1) + 0.7981715919653317*X0 + 0.7605021975170654*sin(X0) - 0.10018010487896288*cos(X1) 	 loss: 4.2997647643658645 	 reward -0.6258850283805173
simplified: 0.34564828008126853*X0*sin(X1) - 1.5336936469660713*X0 + 0.7605021975170654*sin(X0) + 2.7431513222580848*cos(X1) 	 loss: 52.426920405753044 	 reward -1.6956364420769716
simplified: -0.9438027635370307*X0*X1 - 0.10167860123372093*X0*cos(X1) + 0.9308359598208786*X0 + 0.7605021975170654*sin(X0) - 0.7479890511315331*sin(X1) 	 loss: 3.745431109649076 	 reward -0.5677925341756732
simplified: -0.89068017831201729*X0*X1 + 0.47892953663794*X0*sin(X1) - 0.022299516158767256*X0*cos(X1) + 0.68020202938655*X0 + 0.7605021975170654*sin(X0) - 1.4007292042582125*sin(X1) 	 loss: 4.5580973364827955 	 reward -0.6418676233044457
uniform_random_policy...  [2, 4, 5]
state: f->B,B->(A)*X0 + 0.7605021975170654*sin(X0) + 0.0*cos(X0) + (A),A->(A+A) 	 action: A->C*sin(X1)
simplified: -0.044710219496493499*X0*X1*cos(X1)**2 - 0.7325759231975323*X0*X1 + 0.41069195553190657*X0*sin(X1) + 0.7605021975170654*sin(X0) + 0.75852364870272826*cos(X1) 	 loss: 7.388797311192031 	 reward -0.8564924455695597
simplified: -0.585989073940049*X0*X1 + 0.6641163361963313*X0*sin(X1) - 0.086057622098163645*X1*cos(X1) - 1.1112062020258396*X1 + 0.7605021975170654*sin(X0) - 1.2158215828371652*sin(X1) - 0.1178538173444969*cos(X1)**2 + 1.3523044066080319 	 loss: 1.685746972649067 	 reward -0.22229937375841538
simplified: -0.8397215112012109*X0*sin(X1) + 0.7605021975170654*sin(X0) + 0.3280959481600429*sin(X1) 	 loss: 76.81745336715487 	 reward -1.8741753902316194
simplified: -0.1576363855804529*X0*sin(X1) + 1.3308076028746347*X0*cos(X1) + 0.7605021975170654*sin(X0) - 4.180222373334079 	 loss: 37.03776169089248 	 reward -1.5592563629370357
simplified: 0.060643036165768581*X0*sin(X1) + 0.7605021975170654*sin(X0) - 4.0617686340899075 	 loss: 75.79129665862109 	 reward -1.8646349066773562
simplified: 1.101645536124855*X0*sin(X1) - 1.4337931989249049*X0 + 0.7605021975170654*sin(X0) + 2.0560826457618817*cos(X1) 	 loss: 39.863294860119176 	 reward -1.5909937294753245
simplified: -0.722500241493704*X0*sin(X1) + 0.7605021975170654*sin(X0) + 1.07072949009279*cos(X1) 	 loss: 75.18653425021584 	 reward -1.8649113305382063
simplified: 1.4322965496119305*X0*sin(X1)*cos(X1) + 0.10985987359306028*X0*sin(X1) - 2.5110078432452722*X1*cos(X1)**2 + 0.7605021975170654*sin(X0) 	 loss: 42.63548792297986 	 reward -1.59748361915699
simplified: -0.7332258943291089*X0*X1 + 0.7482634884911342*X0*sin(X1) + 0.7605021975170654*sin(X0) - 0.7793463576433016 	 loss: 6.49151923542612 	 reward -0.8074844391885043
simplified: 0.2582406808362354*X0*sin(X1) + 0.602877856146734*X0*cos(X1) + 0.02806319996802939*X1**2 + 0.18804105135694396*X1*sin(X1) + 0.24683546947026749*X1*sin(2*X1) - 0.379233454183648*X1*cos(X1) - 2.2373015627484499*X1 + 0.7605021975170654*sin(X0) 	 loss: 16.486317827292982 	 reward -1.1858708714424613
simplified: -0.072860782248457014*X0*X1*sin(X1) + 0.4748148001848427*X0*sin(X1) - 2.323363439598156*X1 + 0.7605021975170654*sin(X0) + 0.6854433383272045 	 loss: 25.834117923333586 	 reward -1.3953402087858306
simplified: -1.208765229735344*X0*sin(X1) + 0.736699436208955*X0*cos(X1) - 3.1798702531731628*X1*sin(X1)**2 - 0.35045760951887932*X1*sin(X1) + 0.7605021975170654*sin(X0) + 6.0648056561284744*sin(X1)**3 - 3.5549056872163348*sin(X1)**2*cos(X1) + 0.66841006809079384*sin(X1)**2 - 0.39179074931239404*sin(X1)*cos(X1) 	 loss: 57.7615162961807 	 reward -1.7267385252290874
simplified: 1.4198706048047498*X0*sin(X1) - 0.9000400182570362*X0 + 0.7605021975170654*sin(X0) - 7.0233719909693418*sin(X1)**2 	 loss: 41.60876121341663 	 reward -1.606276554384479
simplified: -0.42731122198330974*X0*X1*sin(X1)*cos(X1) - 0.5815280584180355*X0*X1*sin(X1) - 1.9847312159747559*X0*sin(X1)**2 + 2.5296477543490798*X0*sin(X1) - 1.8609758646313448*X1 + 0.7605021975170654*sin(X0) 	 loss: 14.754790399147392 	 reward -1.1480701461332534
simplified: -0.45632459844912758*X0*sin(X1) + 0.7605021975170654*sin(X0) + 3.7016323017077526*cos(X1) 	 loss: 99.78570137935 	 reward -1.9871038504516818
simplified: -0.44051055219116986*X0*sin(X1) + 0.6167779800720818*X0*cos(X1) + 0.7605021975170654*sin(X0) - 0.022501585488298274*cos(X1) 	 loss: 53.37923528018533 	 reward -1.7170339896983213
simplified: 0.8026399122062833*X0*X1*cos(X1) - 0.5340722441888278*X0*sin(X1) + 0.7605021975170654*sin(X0) - 1.0051481857818234*sin(X1) - 0.19153912154538358*cos(X1) 	 loss: 33.60478246824106 	 reward -1.5112055827707676
simplified: 0.04236772747718919*X0*sin(X1) - 2.4772823740703562*X1 + 0.7605021975170654*sin(X0) 	 loss: 48.074866058484915 	 reward -1.6685097378963296
simplified: -0.5092807180714446*X0*X1 + 0.5701673009581891*X0*sin(X1) - 0.015518044066941329*X1**2*sin(X1)**2*cos(X1) - 0.47384007261642021*X1*sin(X1)**2*cos(X1)**2 - 0.019713040859730401*X1*cos(X1) - 0.9120439264903211*X1 + 0.7605021975170654*sin(X0) - 0.1277826821869157*sin(X1) 	 loss: 2.0145408686004007 	 reward -0.2969591964531184
simplified: -0.79795113638627554*X0*sin(X1)*cos(X1) + 0.5778438485465391*X0*sin(X1) + 0.53378668980684542*X0*cos(X1) + 0.7605021975170654*sin(X0) - 1.9162455472972677*sin(X1) 	 loss: 67.43669963159135 	 reward -1.8106894258329658
simplified: 0.3947170025896441*X0*sin(X1) - 1.8775818012510512*X1 + 0.7605021975170654*sin(X0) 	 loss: 18.065869136387516 	 reward -1.249336534616331
simplified: 1.3829284097474834*X0*sin(X1) + 0.7605021975170654*sin(X0) - 3.8236959142750965 	 loss: 36.177431780333904 	 reward -1.5460137804744976
simplified: -0.6117519902563716*X0*X1 + 0.35750679323089773*X0*sin(X1) - 1.0709019545987903*X1 + 0.7605021975170654*sin(X0) + 1.1169361497387023 	 loss: 2.239118631195911 	 reward -0.3465920441296621
simplified: 0.26168669893556353*X0*sin(X1) + 0.7605021975170654*sin(X0) + 1.438760457551656*cos(X1) 	 loss: 50.44174184715652 	 reward -1.69259884252606
simplified: 0.45255107956277085*X0*sin(X1) - 0.29737924245847097*X0 + 0.7605021975170654*sin(X0) - 2.3453288086519493 	 loss: 33.71358297264763 	 reward -1.518660967491567
simplified: 0.056092089621264142*X0*sin(X1) + 0.7605021975170654*sin(X0) - 4.058100277480233 	 loss: 69.06895689212496 	 reward -1.82827475226369
simplified: 0.18491568952407772*X0*sin(X1) + 0.05903643596301137*X0*cos(X1) - 2.0424778717555887*X1 + 0.7605021975170654*sin(X0) + 0.05729801661842185*cos(X1) 	 loss: 24.59198055647594 	 reward -1.374195471785909
simplified: -0.51686941105500155*X0*sin(X1) + 0.7605021975170654*sin(X0) + 1.8420320049652903*cos(X1) 	 loss: 72.23085405150616 	 reward -1.8475982571468073
simplified: -0.35544706046646153*X0*sin(X1) + 0.7605021975170654*sin(X0) + 1.6838525454394082*cos(X1) 	 loss: 39.634003816877325 	 reward -1.5885034782678487
simplified: -0.5713891558024211*X0*X1 + 0.5638867081873721*X0*sin(X1) - 0.9125196370117332*X1 + 0.7605021975170654*sin(X0) 	 loss: 2.9131009617877197 	 reward -0.4615763594305887
simplified: -0.00020235922182243153*X0*X1**3*sin(X1) + 0.00036006858853389436*X0*X1**3*cos(X1) - 3.2393109695856694e-5*X0*X1**2*sin(X1)*cos(X1) + 5.7638792941423543e-5*X0*X1**2*cos(X1)**2 - 0.02922626658786779*X0*X1*cos(X1) - 0.7105906132841083*X0*X1 + 0.04075681737123321*X0*sin(X1) + 0.7367069919909116*X0 - 0.8901601475857711*X1 + 0.7605021975170654*sin(X0) 	 loss: 0.05920784880831888 	 reward 1.1984941721800089
simplified: -0.087993080641302385*X0*X1*sin(X1)**2*cos(X1) - 0.6855386977498109*X0*X1 + 0.19267444327785864*X0*sin(X1)**4 - 0.38269032472537599*X0*sin(X1)**2 + 0.14259841766486304*X0*sin(X1) + 0.09660671565157393*X0*cos(X1) + 0.5797047200409069*X0 - 0.11434619247074524*X1**2 + 0.0070481972971510196*X1*sin(X1) + 0.7605021975170654*sin(X0) 	 loss: 0.720456161484885 	 reward 0.1384588125594023
simplified: -0.17518264359965408*X0*sin(X1) + 0.29693114832096185*X0*cos(X1) - 2.1351616802761972*X1 + 0.7605021975170654*sin(X0) 	 loss: 30.186001511337714 	 reward -1.4709489234266302
simplified: 1.5236758506036865*X0*sin(X1) + 1.6295471457156792*X0*cos(X1) - 2.1188520756357185*X0 + 0.7605021975170654*sin(X0) - 1.5218867643828533*sin(X1) 	 loss: 40.40686759628501 	 reward -1.5936484339781118
simplified: -0.79684302191255614*X0*X1 + 1.2046107810573856*X0*sin(X1) + 0.7605021975170654*sin(X0) - 2.340083210457832*sin(X1) 	 loss: 7.1121114894709905 	 reward -0.8452063758756156
simplified: -1.0011197825937979*X0*X1*sin(X1) + 2.292271446844424*X0*sin(X1) + 0.7605021975170654*sin(X0) + 2.643827596662757*cos(X1) - 4.702734128956189 	 loss: 27.022465058587745 	 reward -1.4146384439582305
simplified: -0.5488730767544294*X0*X1 + 0.715001486514627*X0*sin(X1) - 0.9484595537748246*X1 + 0.7605021975170654*sin(X0) 	 loss: 2.015193902384898 	 reward -0.3024954980233437
simplified: 0.5626861751719767*X0*sin(X1) - 0.621084432771481*X0 - 2.0964918389780973*X1 + 0.7605021975170654*sin(X0) - 1.543205097635898*sin(X1) + 0.10368792440628664*cos(X1) + 2.8553121875083918 	 loss: 14.710430268236305 	 reward -1.149082832961109
simplified: 0.29990139530035429*X0*sin(X1) + 0.7605021975170654*sin(X0) - 3.7436277752630187 	 loss: 55.80026984637831 	 reward -1.7361826460047467
simplified: -0.9275444266559761*X0*X1 + 0.016597807296164158*X0*sin(X1) - 0.07479455373224214*X0*cos(X1) + 1.2652167953203097*X0 + 0.7605021975170654*sin(X0) - 2.1400072746428545 	 loss: 2.367791027054915 	 reward -0.36839858875684994
uniform_random_policy...  [2, 4]
state: f->B,B->(A)*X0 + 0.7605021975170654*sin(X0) + 0.0*cos(X0) + (A),A->(A+A) 	 action: A->A*A
simplified: -0.013816530899314376*X0*X1**2 - 0.70240441911661201*X0*X1 + 0.73310510243992673*X0*cos(X1)**2 + 0.01047265055286899*X0*cos(X1) + 0.7605021975170654*sin(X0) - 0.05490699643640963*sin(X1) - 0.25533985530820247*cos(X1) 	 loss: 5.5571303594292845 	 reward -0.7330219415580804
simplified: -0.7239066514245717*X0*X1 + 0.604109556857395*X0*cos(X1) + 0.7605021975170654*sin(X0) - 0.41425347985285227*cos(X1) 	 loss: 7.190926678040055 	 reward -0.8499545236837461
simplified: -0.039464233359561865*X0*X1*cos(X1) + 2.5546684138472128*X0*cos(X1) - 2.1081367530865993*X0 + 0.7605021975170654*sin(X0) - 1.2738124926319803*cos(X1) 	 loss: 39.73755824868964 	 reward -1.5832809382361992
simplified: -1.0629930222239458*X0*sin(X1)**2 + 0.9702559036883792*X0*cos(X1) + 0.7605021975170654*sin(X0) - 3.231968018805815 	 loss: 30.739404142608954 	 reward -1.4728852584490002
simplified: 0.48211745232979407*X0*X1*sin(X1) + 0.1800169193086237*X0*X1*cos(X1) + 1.5889614878291088*X0*sin(X1)**2*cos(X1) - 1.4857971121327962*X0*sin(X1)**2 + 0.7605021975170654*sin(X0) - 1.4080010765588207*sin(X1) 	 loss: 27.969462357095928 	 reward -1.420863970689661
simplified: 0.2154651017293607*X0*sin(X1) + 0.52244177579332*X0*cos(X1) - 1.6951144034660195*X1 + 0.7605021975170654*sin(X0) 	 loss: 10.330833937719213 	 reward -1.0060506365897768
simplified: -0.12141986172419061*X0*X1*cos(X1) - 0.7348599167378211*X0*X1 + 0.6839125445259445*X0*cos(X1) + 0.7605021975170654*sin(X0) - 0.3048928000264623*cos(X1) 	 loss: 7.553168462538149 	 reward -0.8676493848352146
simplified: -0.20316778673122124*X0*X1*sin(X1) - 0.5687058526518208*X0*X1 + 0.046785978232160569*X0*sin(X1)**2 + 0.35646075531289176*X0*sin(X1)*cos(X1) + 1.0535350221135686*X0*sin(X1) - 0.9106314718819845*X1 + 0.7605021975170654*sin(X0) 	 loss: 0.9448916722527974 	 reward 0.024227031380652554
simplified: 0.32212791234803372*X0*X1*cos(X1)**3 - 1.3342600621105066*X0*X1*cos(X1)**2 - 0.38720462014149559*X0*sin(X1)*cos(X1)**3 + 1.6038090482556116*X0*sin(X1)*cos(X1)**2 - 0.099048758824806445*X0*sin(2*X1)*cos(X1) + 0.41026188056243282*X0*sin(2*X1) - 1.0613861621555951*X0*cos(X1)**3 + 4.3962820741560021*X0*cos(X1)**2 + 0.079019238398665629*X0*cos(X1)*cos(2*X1) - 0.079019238398665629*X0*cos(X1) - 0.32729921839190814*X0*cos(2*X1) - 2.2905257121844973*X0 + 0.7605021975170654*sin(X0) - 0.8075454523125737*cos(X1) 	 loss: 9.61946639616348 	 reward -0.9540801582800953
simplified: -0.11745144964601457*X0*X1*sin(X1) + 0.27535703455011455*X0*X1*cos(X1) + 0.7102239028863924*X0*cos(X1) - 0.26281194425534886*X1**2 + 0.7605021975170654*sin(X0) - 1.6328348234226546*cos(X1) 	 loss: 31.341240106673766 	 reward -1.4753061535960779
simplified: -0.011767492108972669*X0*sin(X1) + 1.5304745473735384*X0*cos(X1) + 0.7605021975170654*sin(X0) - 4.876926178557914 	 loss: 41.8671085516522 	 reward -1.6089433064362235
simplified: 0.03075087375636302*X0*X1*cos(X1) + 0.5367841864931511*X0*sin(X1) - 2.108131502556551*X1 + 0.7605021975170654*sin(X0) 	 loss: 22.82039964217377 	 reward -1.34749461684343
simplified: 0.0003922706459145343*X0*X1*sin(X1) - 0.73050595033147506*X0*X1 - 0.010629641822898282*X0*sin(2*X1) - 0.065199324517060978*X0*cos(X1) + 0.8181211986287974*X0 - 0.8871563408709752*X1 + 0.7605021975170654*sin(X0) 	 loss: 0.06542760571576092 	 reward 1.1584574588772683
simplified: -0.082161149406278198*X0*X1**2*cos(X1) - 0.14991771707087319*X0*X1**2 + 0.12472334564073371*X0*X1*sin(X1)*cos(X1) + 0.23801423604337196*X0*X1*sin(X1) + 0.26726229187057113*X0*X1*cos(X1)**2 + 0.48766786913163289*X0*X1*cos(X1) - 0.015839426021083714*X0*sin(X1)**2 - 0.033941370627622395*X0*sin(X1)*cos(X1) + 0.034820286513420645*X0 + 0.7605021975170654*sin(X0) - 1.6533918942275247*sin(X1) 	 loss: 5.903820655838167 	 reward -0.752837240563074
simplified: -0.07299375832735334*X0*X1**2 - 0.05133493393396386*X0*X1*sin(X1) + 0.21866180483308412*X0 - 1.0464715389603079*X1 + 0.7605021975170654*sin(X0) 	 loss: 2.8170727172882173 	 reward -0.4453202640583797
simplified: -0.01568310131582454*X0*X1**2*sin(X1) - 0.030258990130185931*X0*X1**2 - 0.34736490583905823*X0*X1 - 0.21141515814023755*X0*sin(X1)**2 + 0.7367072659703536*X0*sin(X1) - 0.8991638956322054*X1 + 0.7605021975170654*sin(X0) 	 loss: 1.0507641673906685 	 reward -0.021079210784088892
simplified: 0.12533580353198104*X0*X1*sin(X1) + 0.19819334489737945*X0*sin(X1)*cos(X1) + 0.62815035632551*X0*cos(X1) - 0.7798946368132115*X0 - 1.7790282972535933*X1 + 0.7605021975170654*sin(X0) + 0.2902785615052098*sin(X1) + 1.4879420231788016 	 loss: 10.585712112356134 	 reward -1.004419210806857
simplified: -0.29347200090963843*X0*X1*sin(X1) - 0.8752374196278017*X0 + 0.7605021975170654*sin(X0) - 2.1274343689466668*cos(X1)**2 	 loss: 49.696889940702356 	 reward -1.6794420506898946
simplified: 1.8938536748682717*X0*cos(X1) - 0.96491604521498592*X0 + 0.7605021975170654*sin(X0) - 2.759531618601352 	 loss: 31.549104348555847 	 reward -1.4870370260375554
simplified: 1.7678568882083165*X0*sin(X1)*cos(X1) - 0.16117402439430412*X0*sin(X1) - 2.293074353283715*X1 + 0.7605021975170654*sin(X0) 	 loss: 31.843763236626007 	 reward -1.4880615983990986
simplified: 0.29711001785900817*X0*sin(X1) + 0.8602939567340867*X0*cos(X1) + 0.7605021975170654*sin(X0) + 0.06598095387176782*cos(X1) 	 loss: 107.76279367777929 	 reward -2.0162658863707894
simplified: 0.047431760930901722*X0*X1*cos(X1) - 0.93165229314399192*X0*X1 + 0.015297576012422775*X0*sin(X1) - 0.18648914760515825*X0*cos(X1) + 1.2908173855336849*X0 + 0.7605021975170654*sin(X0) - 1.9826490647556874 	 loss: 2.0391097377367915 	 reward -0.30452650918252655
simplified: 0.30541681993030519*X0*X1*cos(X1) + 0.43835012996119144*X0*sin(X1) - 1.7491769659338896*X1 + 0.7605021975170654*sin(X0) + 0.3140759455643001*sin(X1) 	 loss: 11.647591018995474 	 reward -1.0535114170703737
simplified: -0.08861799319803025*X0*X1**2 + 0.033010267875444518*X0*X1*sin(X1) - 0.058097887198140291*X0*X1*cos(X1) + 0.33493992225844355*X0*sin(X1) + 0.05726319324503915*X0*sin(2*X1) + 0.12544984480525043*X0 - 0.9402148758100447*X1 + 0.7605021975170654*sin(X0) - 0.301959379150176*sin(X1) 	 loss: 1.6266187616869077 	 reward -0.20627280803169198
simplified: -0.08312913196663371*X0*X1**2 - 0.10267133724550725*X0*X1*cos(X1) + 0.18111538431584717*X0 + 0.2099561829632717*X1*sin(X1) - 0.9134557695395484*X1 + 0.7605021975170654*sin(X0) - 1.3448518135930021*sin(X1)**2 + 0.8247364705420069*cos(X1) 	 loss: 2.662910307268434 	 reward -0.4160963002435361
simplified: -0.025881170181324416*X0*X1**2*sin(X1) + 0.0094565069263764168*X0*X1**2*cos(X1) + 0.21250712022745889*X0*X1*sin(X1) - 0.016490080002315357*X0*X1*cos(X1) - 0.91880596796400675*X0*X1 + 0.8254299535307701*X0 + 0.7605021975170654*sin(X0) - 1.2379187291907854*sin(X1) 	 loss: 4.793198164284737 	 reward -0.6644768573177006
simplified: 0.00055687088681087687*X0*X1**2*sin(X1)*cos(X1) - 0.027332801612124359*X0*X1**2*cos(X1)**2 + 0.013880176741965832*X0*X1*sin(X1)*cos(X1) + 0.11010818329591372*X0*X1*sin(X1) - 0.68127841877684697*X0*X1*cos(X1)**2 - 0.14039667646117313*X0*X1*cos(X1) + 0.7605021975170654*sin(X0) - 1.7325805248091024 	 loss: 19.136461378867324 	 reward -1.2464498779552553
simplified: -0.094493576435209559*X0*X1**2*sin(X1) + 0.415154750917454*X0*cos(X1) + 0.7605021975170654*sin(X0) + 0.6292881714431826*sin(X1) 	 loss: 44.601492606758946 	 reward -1.62640799337374
simplified: 0.014850654483082383*X0*sin(X1)*cos(X1) - 0.51236211728933957*X0*sin(X1) + 0.7605021975170654*sin(X0) + 2.255958108507409*cos(X1) 	 loss: 56.0701793039561 	 reward -1.727862194021476
simplified: -3.2307898561300657*X0*sin(X1)**2 + 1.4492747769944472*X0*cos(X1) + 0.7605021975170654*sin(X0) - 0.6908224692370354*cos(X1) 	 loss: 79.67611251035824 	 reward -1.8861706419595106
simplified: 0.5435326080192397*X0*sin(X1) - 1.3056907977142189*X0*cos(X1)**2 + 0.7605021975170654*sin(X0) + 1.9609697237563422*cos(X1) 	 loss: 38.75293908274646 	 reward -1.5756425921864674
simplified: -0.7458241678015926*X0*X1 + 0.4385265298411971*X0*cos(X1) + 0.7605021975170654*sin(X0) - 0.33045361450175864*cos(X1) 	 loss: 7.254633879999071 	 reward -0.8537546248652652
simplified: -0.019993099256611698*X0*X1**2*sin(2*X1) - 0.066277553748090741*X0*X1**2*cos(2*X1) - 0.064566341933236829*X0*X1**2 - 0.22363469389958711*X0*X1*sin(X1) + 0.10317559095780819*X0*X1*sin(2*X1) + 0.34202930158193273*X0*X1*cos(2*X1) - 0.29689771686783442*X0*X1 + 1.154080285682972*X0*sin(X1) + 0.7605021975170654*sin(X0) + 1.3544785966120785*cos(X1) - 2.009646141386875 	 loss: 2.2248506302115874 	 reward -0.3377065840588426
simplified: -0.0056276968835027531*X0*X1**2*sin(X1) - 0.7414887609254311*X0*X1 + 0.7605021975170654*sin(X0) + 0.9834229996107916*cos(X1) 	 loss: 7.254510625442945 	 reward -0.8503374349117824
simplified: -0.8044632329033098*X0*X1 + 0.96544785592487297*X0 - 0.095023772927069387*X1**2*cos(X1)**2 - 0.043423341400573572*X1*sin(X1) - 0.45315439967873717*X1*cos(X1) + 0.7605021975170654*sin(X0) + 1.277440265611486*cos(X1) - 2.1084640015996294 	 loss: 0.8591680564291455 	 reward 0.06410076952467057
simplified: -0.6532095908389022*X0*X1 + 0.76955500028799972*X0*cos(X1)**2 - 0.8672423998017371*X1 + 0.7605021975170654*sin(X0) 	 loss: 1.2769702726578893 	 reward -0.10512374472854732
simplified: 0.024037099873118765*X0*X1*cos(X1) + 0.96427702255589182*X0*sin(X1)*cos(X1) + 0.5932658717846699*X0*sin(X1) - 0.78096481657417544*X0*cos(X1)**2 + 0.7605021975170654*sin(X0) - 1.9676900392650705*sin(X1) 	 loss: 51.517661866987595 	 reward -1.6915252839003505
simplified: -0.2088972057190141*X0*X1*sin(X1) - 1.1058216614089147*X0 + 0.7605021975170654*sin(X0) + 2.9223420820923636*cos(X1) 	 loss: 49.75832584016949 	 reward -1.683338250990861
simplified: 0.63743914327873483*X0*sin(X1) - 1.7378851644059548*X1 + 0.7605021975170654*sin(X0) 	 loss: 8.336114912474327 	 reward -0.9117953888175245
simplified: -0.7687097033354465*X0*X1 + 0.3698813341702834*X0*sin(X1)*cos(X1) + 0.8641815084887747*X0*sin(X1) + 0.7605021975170654*sin(X0) - 1.7729804951257941*sin(X1) 	 loss: 7.404134614949179 	 reward -0.8608185852111778
uniform_random_policy...  [4]
state: f->B,B->(A)*X0 + 0.7605021975170654*sin(X0) + 0.0*cos(X0) + (A),A->(A+A) 	 action: A->C*X1
simplified: 0.029503663049459675*X0*X1*cos(X1)**2 - 0.06264249941703125*X0*X1*cos(X1) - 0.9468129398665883*X0*X1 - 0.21137062635336676*X0*cos(X1)**2 + 0.00079850382539660468*X0*cos(X1) + 0.95116858901439751*X0 + 0.020861264507758034*X1*sin(X1)*cos(X1) - 0.18295020269734177*X1*sin(X1) + 0.7605021975170654*sin(X0) 	 loss: 4.159807992386831 	 reward -0.6043851439427982
simplified: -0.7224079191692808*X0*X1 + 0.5592643225958296*X0*sin(X1) + 0.7605021975170654*sin(X0) - 0.7374652688906931 	 loss: 6.255680276060677 	 reward -0.7915088250373897
simplified: -0.75354770188891348*X0*X1 + 0.44529595353384827*X0*sin(X1) + 0.7605021975170654*sin(X0) + 0.9746569259300717*cos(X1) 	 loss: 7.121140161715237 	 reward -0.8457529612804043
simplified: -0.9490146497524027*X0*X1 + 0.8026248786153286*X0 - 0.094545955262110832*X1*sin(X1) + 0.7605021975170654*sin(X0) 	 loss: 3.414525820954865 	 reward -0.5290786614533257
simplified: -0.7069762810396744*X0*X1 + 0.3103663652527939*X0*sin(X1) + 0.7605021975170654*sin(X0) + 1.0864314979032215*cos(X1) 	 loss: 7.868892221868888 	 reward -0.8905515361518531
simplified: -0.8163015237205281*X0*X1 + 0.8087768914177609*X0*sin(X1) + 0.7605021975170654*sin(X0) - 0.5879983645675256*sin(X1) 	 loss: 6.695720021426091 	 reward -0.8208548722755374
simplified: -0.7305913637077883*X0*X1 + 0.071822518142720075*X0*sin(X1)**4*cos(X1) + 2.6655487635948408*X0*sin(X1)**3*cos(X1)**2 + 0.7605021975170654*sin(X0) - 0.442330514759922 	 loss: 7.016262487618298 	 reward -0.8326691953556332
simplified: -0.781076038865303*X0*X1 + 0.9386274866879026*X0*sin(X1) + 0.7605021975170654*sin(X0) - 1.8156398977711423*sin(X1) 	 loss: 7.477279690768643 	 reward -0.8685142528540438
simplified: -0.9811585079634047*X0*X1 + 0.02370394167016682*X0*cos(X1)**2 - 0.2531979828702518*X0*cos(X1) + 1.0034461188541964*X0 + 0.7605021975170654*sin(X0) - 0.6476417043445978*sin(X1) 	 loss: 4.5201537424017815 	 reward -0.6447490079517098
simplified: -0.5672637827306409*X0*X1 + 0.5535286958341155*X0*sin(X1) - 1.1442013403887642*X1 + 0.7605021975170654*sin(X0) - 1.1047628933335988*sin(X1) - 0.390678388495291*cos(X1) + 1.479919707206634 	 loss: 1.441606106794743 	 reward -0.15569968162731826
simplified: -0.9474337279244056*X0*X1 + 0.13250638718920074*X0*sin(X1) - 0.032205234362352035*X0*cos(X1) + 0.9161021509214738*X0 + 0.7605021975170654*sin(X0) - 0.9671037029807994*sin(X1) - 0.459366827022713*sin(2*X1) 	 loss: 4.6294219050084 	 reward -0.651037890113995
simplified: -0.5884502565016799*X0*X1 + 0.6353979536337901*X0*sin(X1) + 0.022481784658947719*X1**2*sin(X1)**3 - 0.028989660108290507*X1**2*sin(X1)**2 + 0.044713135136058177*X1**2*sin(X1)*cos(X1) + 0.098993628316254245*X1**2*sin(X1) - 0.057656392036229881*X1**2*cos(X1) - 0.12764963641943257*X1**2 - 0.16270898993657564*X1*sin(X1)**3 - 0.48358908853890034*X1*sin(X1)*cos(X1) - 0.71645349859197663*X1*sin(X1) + 0.20629456547048065*X1*cos(X1) + 0.7605021975170654*sin(X0) + 1.1578604320202923*sin(X1)*cos(X1) 	 loss: 2.1185198920304416 	 reward -0.31639207917074597
simplified: -0.7206802492926335*X0*X1 + 0.7641010939724096*X0 - 0.890389579689343*X1 + 0.7605021975170654*sin(X0) 	 loss: 0.07123910735260228 	 reward 1.140415028123361
simplified: -0.7535874053117243*X0*X1 + 0.5073342175213428*X0*cos(X1) + 0.7605021975170654*sin(X0) - 0.136625742479834*cos(X1) 	 loss: 7.278558838038523 	 reward -0.8568860381518465
simplified: -0.61490354395711441*X0*X1 + 0.5423508723107603*X0*sin(X1) - 0.8537943027504561*X1 + 0.7605021975170654*sin(X0) + 0.5851330088996143*cos(X1) 	 loss: 2.411845787195676 	 reward -0.3785432002480449
simplified: -0.7353880889326797*X0*X1 + 0.4167367137644129*X0*cos(X1) + 0.7605021975170654*sin(X0) + 0.41155510033158643*sin(X1) 	 loss: 6.273853019096862 	 reward -0.7927610810684659
simplified: -0.7443929120632966*X0*X1 + 0.7605021975170654*sin(X0) + 0.526228795427193*sin(X1) 	 loss: 8.881612990526422 	 reward -0.9428151025518713
simplified: -0.732641364528073*X0*X1 + 0.7274426867073445*X0*sin(X1) + 0.7605021975170654*sin(X0) - 1.4764385907741708*sin(X1) 	 loss: 7.08887052441289 	 reward -0.8454863235887614
simplified: -0.7590743627326795*X0*X1 + 0.5609171015082813*X0*sin(X1) + 0.5042690702216336*X0*cos(X1) + 0.7605021975170654*sin(X0) - 1.2055248562829899*sin(X1) 	 loss: 5.620850496145833 	 reward -0.7438245702935273
simplified: 0.03834397134652737*X0*X1*cos(X1) - 0.7413655970095684*X0*X1 + 0.7605021975170654*sin(X0) + 0.1660158913757885*sin(X1) 	 loss: 8.53331204034764 	 reward -0.9218482393933936
simplified: -0.54055617766950581*X0*X1 - 0.9029873478901435*X1 + 0.7605021975170654*sin(X0) 	 loss: 3.397638808535582 	 reward -0.5279981024035286
simplified: -0.782900929782497*X0*X1 + 0.4773460833622098*X0*sin(X1) + 0.53530472603797831*X0*sin(2*X1) + 0.083978778673725978*X0*sin(4*X1) + 0.7605021975170654*sin(X0) - 0.6312418122764701*sin(X1) 	 loss: 6.600704282770105 	 reward -0.8065747253489961
simplified: -0.74875719851195948*X0*X1 + 0.7605021975170654*sin(X0) - 0.24982666973107182 	 loss: 8.83046668748944 	 reward -0.9403219254261739
simplified: -0.7873845167588577*X0*X1 + 0.6780344756431177*X0 - 0.10664301960361379*X1**2*cos(X1)**2 + 0.7605021975170654*sin(X0) 	 loss: 2.478138914535897 	 reward -0.3894220655400459
simplified: -0.6856416928074274*X0*X1 + 0.551149264069286*X0*cos(X1) + 0.7605021975170654*sin(X0) - 0.992132001199349 	 loss: 6.225497510010744 	 reward -0.7894209161115663
simplified: -0.5666072274873447*X0*X1 + 0.30265367691286565*X0*sin(X1) + 0.468429374490987*X0*cos(X1) - 0.8951823298617986*X1 + 0.7605021975170654*sin(X0) - 0.4443665949964754*cos(X1) 	 loss: 1.7226684916919708 	 reward -0.23338282730766194
simplified: -0.7246262464607018*X0*X1 + 0.4053481642596391*X0*sin(X1) + 0.7605021975170654*sin(X0) + 0.9959618822961531*cos(X1) 	 loss: 7.653871955799704 	 reward -0.8768348421886184
simplified: -0.51330881056876218*X0*X1 - 0.9474078140279764*X1 + 0.7605021975170654*sin(X0) 	 loss: 3.5482178354630434 	 reward -0.5467184521003416
simplified: -0.7460265689847342*X0*X1 + 0.7984061160674893*X0*sin(X1) + 0.7605021975170654*sin(X0) - 0.7908519776841314 	 loss: 6.591258630203411 	 reward -0.8140668110196796
simplified: -0.5433799433812032*X0*X1 + 0.39119282048604953*X0*sin(X1) + 0.4121662388307881*X0*cos(X1) - 0.9584660011559375*X1 + 0.7605021975170654*sin(X0) + 0.041482721647863478*sin(X1) - 0.4505282449978546*cos(X1) 	 loss: 1.6425486699771983 	 reward -0.2108262998571134
simplified: -0.7207241576591129*X0*X1 - 0.006923938808381369*X0*sin(X1) + 0.7717169525163042*X0 - 0.8843474276462341*X1 + 0.7605021975170654*sin(X0) 	 loss: 0.07136927178150426 	 reward 1.1373488622421093
simplified: -0.04093799270976435*X0*X1**2*sin(X1) + 0.009016843679042091*X0*X1*sin(X1)**2 + 0.092922356384865106*X0*X1*sin(X1)*cos(X1) - 0.6769530210909224*X0*X1 + 1.1296214254178639*X0*sin(X1) + 0.7605021975170654*sin(X0) - 1.1447033116588081 	 loss: 4.012110963431809 	 reward -0.5914194330585061
simplified: -0.7345868046998362*X0*X1 + 0.5091947359060923*X0*cos(X1) + 0.7605021975170654*sin(X0) - 0.238682091378973*cos(X1) 	 loss: 6.964791750548443 	 reward -0.8378633133773086
simplified: -0.74331983674499241*X0*X1 + 0.38713478070638313*X0*cos(X1) + 0.7605021975170654*sin(X0) + 0.09661599459314306*cos(X1) 	 loss: 8.005727164290242 	 reward -0.8926194019639815
simplified: -0.9185176880516136*X0*X1 - 0.039178576883319986*X0*cos(X1) + 1.1899326292671915*X0 + 0.7605021975170654*sin(X0) - 1.918157067695365 	 loss: 2.133023030970584 	 reward -0.3263727738159683
simplified: -0.60888210802661*X0*X1 + 0.53377525772425283*X0*sin(X1) - 0.087221489497513495*X1**2 - 0.27082885741600221*X1 + 0.7605021975170654*sin(X0) 	 loss: 2.3961992358995765 	 reward -0.37424400320688495
simplified: -0.749091602044496*X0*X1 + 0.8233285395890001*X0*sin(X1) + 0.7605021975170654*sin(X0) - 0.6100748822874412 	 loss: 6.106594787671595 	 reward -0.7810960793513283
simplified: -0.51440767018611194*X0*X1 - 0.9474810175070878*X1 + 0.7605021975170654*sin(X0) 	 loss: 3.721708019834368 	 reward -0.5673263942471127
simplified: -0.60453687997372104*X0*X1 - 0.850697850010704*X1 + 0.7605021975170654*sin(X0) 	 loss: 3.9698208872500427 	 reward -0.5951872565698706
simplified: -0.8843118729920789*X0*X1 + 0.7573250590244077*X0 + 0.7605021975170654*sin(X0) - 0.3704604169136593*sin(X1) 	 loss: 4.775396285407011 	 reward -0.6749455323328274
	ITER 5/30...
	Iteration 5/30...
#QN: 23
PRINT HOF (free variables=[1 1 0 0])
====================
        {'reward': 1.3998285912876267, 'pretty-eq': '-0.7350339627612732*X0*X1 + 0.835985156916749*X0 - 0.8153610283030157*X1 + 0.7605021975170654*sin(X0) + 0.04658465182223262*sin(X1) - 0.3582530896052598', 'rules': 'f->B,B->(A)*X0 + 0.7605021975170654*sin(X0) + 0.0*cos(X0) + (A),A->(A-A),A->C,A->C*X1,A->(A-A),A->(A-A),A->C*X1,A->C,A->C*sin(X1)'}
------------------------------
neg_nmse -0.0007662949976704908
neg_nrmse -0.02768203384273798
inv_nrmse 0.9730636199416385
inv_nmse 0.9992342917607229
neg_mse -0.040732517758627046
neg_rmse -0.20182298619985545
neglog_mse -0.039924809218140574
inv_mse 0.9608616843775089
------------------------------
        {'reward': 2.3413907721162075, 'pretty-eq': '-0.7295464838246581*X0*X1 + 0.8169911349401107*X0 - 0.8926938681645094*X1 + 0.7605021975170654*sin(X0) - 0.3773424932337462*cos(X1)', 'rules': 'f->B,B->(A)*X0 + 0.7605021975170654*sin(X0) + 0.0*cos(X0) + (A),A->(A+A),A->C,A->C*X1,A->(A-A),A->C*X1,A->C*cos(X1)'}
------------------------------
neg_nmse -8.006460654430545e-05
neg_nrmse -0.008947882796746135
inv_nrmse 0.9911314717545735
inv_nmse 0.9999199418032838
neg_mse -0.004255845356967538
neg_rmse -0.06523684048884908
neglog_mse -0.00424681485965005
inv_mse 0.9957621901065912
------------------------------
        {'reward': 2.440140995508234, 'pretty-eq': '-0.7302563797744418*X0*X1 - 0.00458162677459883*X0*sin(X1) + 0.8218614562591634*X0 + 0.007913028204192567*X1*sin(X1) + 0.01250877509595721*X1*cos(X1) - 0.89091343632354702*X1 + 0.7605021975170654*sin(X0) - 0.4109803627144135*cos(X1)', 'rules': 'f->B,B->(A)*X0 + 0.7605021975170654*sin(X0) + 0.0*cos(X0) + (A),A->(A-A),A->(A+A)'}
------------------------------
neg_nmse -6.365002890051965e-05
neg_nrmse -0.007978096821956954
inv_nrmse 0.9920850494201104
inv_nmse 0.9999363540221677
neg_mse -0.0033833261869241358
neg_rmse -0.05816636645798099
neglog_mse -0.00337761561573881
inv_mse 0.9966280821111694
------------------------------
        {'reward': 2.4901394702033426, 'pretty-eq': '-0.7283494199069427*X0*X1 + 0.01407859503851022*X0*cos(X1) + 0.8105974885916766*X0 - 0.8929255574561926*X1 + 0.7605021975170654*sin(X0) - 0.40935987601337215*cos(X1)', 'rules': 'f->B,B->(A)*X0 + 0.7605021975170654*sin(X0) + 0.0*cos(X0) + (A),A->(A-A),A->(A-A)'}
------------------------------
neg_nmse -7.64524603742071e-05
neg_nrmse -0.00874370976040531
inv_nrmse 0.9913320800161598
inv_nmse 0.9999235533841576
neg_mse -0.0040638412221792874
neg_rmse -0.06374826446405649
neglog_mse -0.004055606122658509
inv_mse 0.9959526067413873
------------------------------
        {'reward': 9.61078649860876, 'pretty-eq': '-0.7330989020828333*X0*X1 + 0.8329523511652334*X0 - 0.86320534333220969*X1 + 0.7605021975170654*sin(X0) + 0.04099992330602399*sin(X1) - 0.32048645811693174*cos(X1) - 0.14486661710747892', 'rules': 'f->B,B->(A)*X0 + 0.7605021975170654*sin(X0) + 0.0*cos(X0) + (A),A->(A+A),A->(A+A)'}
------------------------------
neg_nmse -3.1420923142179937e-12
neg_nrmse -1.7725947969623497e-06
inv_nrmse 0.9999982274083451
inv_nmse 0.9999999999968578
neg_mse -1.670183563473607e-10
neg_rmse -1.2923558192207001e-05
neglog_mse -1.6701839909698217e-10
inv_mse 0.9999999998329816
------------------------------
====================
[1.3998285912876267, 2.3413907721162075, 2.440140995508234, 2.4901394702033426, 9.61078649860876] 9.5
Time usage of round 1 is 31.563 mins
MCTS:   19.44 KB, 
[('f->B,B->(A)*X0 + 0.7605021975170654*sin(X0) + 0.0*cos(X0) + (A),A->(A-A),A->C,A->C*X1,A->(A-A),A->(A-A),A->C*X1,A->C,A->C*sin(X1)', 1.3998285912876267, '-0.7350339627612732*X0*X1 + 0.835985156916749*X0 - 0.8153610283030157*X1 + 0.7605021975170654*sin(X0) + 0.04658465182223262*sin(X1) - 0.3582530896052598'), ('f->B,B->(A)*X0 + 0.7605021975170654*sin(X0) + 0.0*cos(X0) + (A),A->(A+A),A->C,A->C*X1,A->(A-A),A->C*X1,A->C*cos(X1)', 2.3413907721162075, '-0.7295464838246581*X0*X1 + 0.8169911349401107*X0 - 0.8926938681645094*X1 + 0.7605021975170654*sin(X0) - 0.3773424932337462*cos(X1)'), ('f->B,B->(A)*X0 + 0.7605021975170654*sin(X0) + 0.0*cos(X0) + (A),A->(A-A),A->(A+A)', 2.440140995508234, '-0.7302563797744418*X0*X1 - 0.00458162677459883*X0*sin(X1) + 0.8218614562591634*X0 + 0.007913028204192567*X1*sin(X1) + 0.01250877509595721*X1*cos(X1) - 0.89091343632354702*X1 + 0.7605021975170654*sin(X0) - 0.4109803627144135*cos(X1)'), ('f->B,B->(A)*X0 + 0.7605021975170654*sin(X0) + 0.0*cos(X0) + (A),A->(A-A),A->(A-A)', 2.4901394702033426, '-0.7283494199069427*X0*X1 + 0.01407859503851022*X0*cos(X1) + 0.8105974885916766*X0 - 0.8929255574561926*X1 + 0.7605021975170654*sin(X0) - 0.40935987601337215*cos(X1)'), ('f->B,B->(A)*X0 + 0.7605021975170654*sin(X0) + 0.0*cos(X0) + (A),A->(A+A),A->(A+A)', 9.61078649860876, '-0.7330989020828333*X0*X1 + 0.8329523511652334*X0 - 0.86320534333220969*X1 + 0.7605021975170654*sin(X0) + 0.04099992330602399*sin(X1) - 0.32048645811693174*cos(X1) - 0.14486661710747892')]
---------Freeze Equation----------
expr template is" C*X0*X1 + C*X0 + C*X1 + C*sin(X1) + C*cos(X1) + C + 0.7605021975170654*sin(X0)
simplified: -0.7330998403770169*X0*X1 + 0.8489108657852412*X0 - 0.8632008369171451*X1 + 0.7605021975170654*sin(X0) + 0.38944684108637984*sin(X1) + 0.059095651860928*cos(X1) + 1.7738546847544991 	 loss: 5.2691505191918955e-12 	 reward 11.23321398201529
simplified: -0.7330999182495526*X0*X1 + 5.909769508497447*X0 - 0.8631998684090468*X1 + 0.7605021975170654*sin(X0) + 0.022289818215459816*sin(X1) + 0.3326865580359641*cos(X1) + 6.427923648516819 	 loss: 3.631851957448578e-12 	 reward 11.394180968654283
simplified: -0.7331001324872024*X0*X1 + 0.7837974160574581*X0 - 0.8631997368593636*X1 + 0.7605021975170654*sin(X0) + 0.3334084218175661*sin(X1) - 0.029312938702637546*cos(X1) + 1.3458728553260637 	 loss: 1.3488791245208098e-11 	 reward 10.826612035318993
simplified: -0.7330999818012945*X0*X1 + 5.58629383197767*X0 - 0.8631974837512645*X1 + 0.7605021975170654*sin(X0) + 0.2584265962756545*sin(X1) + 0.27189224959354164*cos(X1) + 6.106887170448919 	 loss: 7.11005918849629e-11 	 reward 10.107595124964043
simplified: -0.7331000710357805*X0*X1 + 1.4580632725984783*X0 - 0.863199808481516*X1 + 0.7605021975170654*sin(X0) - 0.08203557531313622*sin(X1) + 0.39565318430382773*cos(X1) + 3.009126877811162 	 loss: 1.5324108965381136e-11 	 reward 10.771431113960213
[5.2692e-12 3.6319e-12 1.3489e-11 7.1101e-11 1.5324e-11]
std 1.0436902285319384e-07	c0 -0.7330999887901694 is a stand-alone constant
std 2.325417834489775	c1  is a summary constant
std 1.107122798494361e-06	c2 -0.8631995468836673 is a stand-alone constant
std 0.18275406291441315	c3  is a summary constant
std 0.16328666169645817	c4  is a summary constant
std 2.142828601692333	c5  is a summary constant
AUG grammars
['B->-0.7330999887901694*X0*X1 + (A)*X0 + -0.8631995468836673*X1 + (A)*sin(X1) + (A)*cos(X1) + (A) + 0.7605021975170654*sin(X0)B->-0.7330999887901694*X0*X1 + (A)*X0 + -0.8631995468836673*X1 + (C)*sin(X1) + (C)*cos(X1) + (C) + 0.7605021975170654*sin(X0)', 'B->-0.7330999887901694*X0*X1 + (A)*X0 + -0.8631995468836673*X1 + (A)*sin(X1) + (A)*cos(X1) + (A) + 0.7605021975170654*sin(X0)B->-0.7330999887901694*X0*X1 + (C)*X0 + -0.8631995468836673*X1 + (A)*sin(X1) + (C)*cos(X1) + (A) + 0.7605021975170654*sin(X0)']
++++++++++++ ROUND 2  ++++++++++++
xi is: 2 , new vf is: [1 1 1 0]
grammars: ['A->(A+A)', 'A->(A-A)', 'A->A*A', 'A->C', 'A->C*X2', 'A->C*sin(X2)', 'A->C*cos(X2)']
aug grammars: ['B->-0.7330999887901694*X0*X1 + (A)*X0 + -0.8631995468836673*X1 + (A)*sin(X1) + (A)*cos(X1) + (A) + 0.7605021975170654*sin(X0)B->-0.7330999887901694*X0*X1 + (A)*X0 + -0.8631995468836673*X1 + (C)*sin(X1) + (C)*cos(X1) + (C) + 0.7605021975170654*sin(X0)', 'B->-0.7330999887901694*X0*X1 + (A)*X0 + -0.8631995468836673*X1 + (A)*sin(X1) + (A)*cos(X1) + (A) + 0.7605021975170654*sin(X0)B->-0.7330999887901694*X0*X1 + (C)*X0 + -0.8631995468836673*X1 + (A)*sin(X1) + (C)*cos(X1) + (A) + 0.7605021975170654*sin(X0)']
aug ntn nodes: [['A'], ['A'], ['A', 'A'], ['A', 'A']]
num_rollouts: 32
	ITER 1/30...
uniform_random_policy...  [7, 8]
state: f->B 	 action: B->-0.7330999887901694*X0*X1 + (A)*X0 + -0.8631995468836673*X1 + (A)*sin(X1) + (A)*cos(X1) + (A) + 0.7605021975170654*sin(X0)B->-0.7330999887901694*X0*X1 + (A)*X0 + -0.8631995468836673*X1 + (C)*sin(X1) + (C)*cos(X1) + (C) + 0.7605021975170654*sin(X0)
uniform_random_policy...  [8]
state: f->B 	 action: B->-0.7330999887901694*X0*X1 + (A)*X0 + -0.8631995468836673*X1 + (A)*sin(X1) + (A)*cos(X1) + (A) + 0.7605021975170654*sin(X0)B->-0.7330999887901694*X0*X1 + (C)*X0 + -0.8631995468836673*X1 + (A)*sin(X1) + (C)*cos(X1) + (A) + 0.7605021975170654*sin(X0)
	ITER 2/30...
UCB_policy... prob= [0.  0.  0.  0.  0.  0.  0.  0.1 0.9]
state: f->B 	 action: B->-0.7330999887901694*X0*X1 + (A)*X0 + -0.8631995468836673*X1 + (A)*sin(X1) + (A)*cos(X1) + (A) + 0.7605021975170654*sin(X0)B->-0.7330999887901694*X0*X1 + (C)*X0 + -0.8631995468836673*X1 + (A)*sin(X1) + (C)*cos(X1) + (A) + 0.7605021975170654*sin(X0)
uniform_random_policy...  [0, 1, 2, 3, 4, 5, 6]
state: f->B,B->-0.7330999887901694*X0*X1 + (A)*X0 + -0.8631995468836673*X1 + (A)*sin(X1) + (A)*cos(X1) + (A) + 0.7605021975170654*sin(X0)B->-0.7330999887901694*X0*X1 + (C)*X0 + -0.8631995468836673*X1 + (A)*sin(X1) + (C)*cos(X1) + (A) + 0.7605021975170654*sin(X0) 	 action: A->C*cos(X2)
uniform_random_policy...  [0, 1, 2, 3, 4, 5]
state: f->B,B->-0.7330999887901694*X0*X1 + (A)*X0 + -0.8631995468836673*X1 + (A)*sin(X1) + (A)*cos(X1) + (A) + 0.7605021975170654*sin(X0)B->-0.7330999887901694*X0*X1 + (C)*X0 + -0.8631995468836673*X1 + (A)*sin(X1) + (C)*cos(X1) + (A) + 0.7605021975170654*sin(X0) 	 action: A->C*sin(X2)
uniform_random_policy...  [0, 1, 2, 3, 4]
state: f->B,B->-0.7330999887901694*X0*X1 + (A)*X0 + -0.8631995468836673*X1 + (A)*sin(X1) + (A)*cos(X1) + (A) + 0.7605021975170654*sin(X0)B->-0.7330999887901694*X0*X1 + (C)*X0 + -0.8631995468836673*X1 + (A)*sin(X1) + (C)*cos(X1) + (A) + 0.7605021975170654*sin(X0) 	 action: A->C
uniform_random_policy...  [0, 1, 2, 4]
state: f->B,B->-0.7330999887901694*X0*X1 + (A)*X0 + -0.8631995468836673*X1 + (A)*sin(X1) + (A)*cos(X1) + (A) + 0.7605021975170654*sin(X0)B->-0.7330999887901694*X0*X1 + (C)*X0 + -0.8631995468836673*X1 + (A)*sin(X1) + (C)*cos(X1) + (A) + 0.7605021975170654*sin(X0) 	 action: A->(A-A)
uniform_random_policy...  [0, 2, 4]
state: f->B,B->-0.7330999887901694*X0*X1 + (A)*X0 + -0.8631995468836673*X1 + (A)*sin(X1) + (A)*cos(X1) + (A) + 0.7605021975170654*sin(X0)B->-0.7330999887901694*X0*X1 + (C)*X0 + -0.8631995468836673*X1 + (A)*sin(X1) + (C)*cos(X1) + (A) + 0.7605021975170654*sin(X0) 	 action: A->C*X2
uniform_random_policy...  [0, 2]
state: f->B,B->-0.7330999887901694*X0*X1 + (A)*X0 + -0.8631995468836673*X1 + (A)*sin(X1) + (A)*cos(X1) + (A) + 0.7605021975170654*sin(X0)B->-0.7330999887901694*X0*X1 + (C)*X0 + -0.8631995468836673*X1 + (A)*sin(X1) + (C)*cos(X1) + (A) + 0.7605021975170654*sin(X0) 	 action: A->A*A
uniform_random_policy...  [0]
state: f->B,B->-0.7330999887901694*X0*X1 + (A)*X0 + -0.8631995468836673*X1 + (A)*sin(X1) + (A)*cos(X1) + (A) + 0.7605021975170654*sin(X0)B->-0.7330999887901694*X0*X1 + (C)*X0 + -0.8631995468836673*X1 + (A)*sin(X1) + (C)*cos(X1) + (A) + 0.7605021975170654*sin(X0) 	 action: A->(A+A)
	ITER 3/30...
UCB_policy... prob= [0.  0.  0.  0.  0.  0.  0.  0.1 0.9]
state: f->B 	 action: B->-0.7330999887901694*X0*X1 + (A)*X0 + -0.8631995468836673*X1 + (A)*sin(X1) + (A)*cos(X1) + (A) + 0.7605021975170654*sin(X0)B->-0.7330999887901694*X0*X1 + (C)*X0 + -0.8631995468836673*X1 + (A)*sin(X1) + (C)*cos(X1) + (A) + 0.7605021975170654*sin(X0)
UCB_policy... prob= [0.8286 0.0286 0.0286 0.0286 0.0286 0.0286 0.0286 0.     0.    ]
state: f->B,B->-0.7330999887901694*X0*X1 + (A)*X0 + -0.8631995468836673*X1 + (A)*sin(X1) + (A)*cos(X1) + (A) + 0.7605021975170654*sin(X0)B->-0.7330999887901694*X0*X1 + (C)*X0 + -0.8631995468836673*X1 + (A)*sin(X1) + (C)*cos(X1) + (A) + 0.7605021975170654*sin(X0) 	 action: A->(A+A)
uniform_random_policy...  [0, 1, 2, 3, 4, 5, 6]
state: f->B,B->-0.7330999887901694*X0*X1 + (A)*X0 + -0.8631995468836673*X1 + (A)*sin(X1) + (A)*cos(X1) + (A) + 0.7605021975170654*sin(X0)B->-0.7330999887901694*X0*X1 + (C)*X0 + -0.8631995468836673*X1 + (A)*sin(X1) + (C)*cos(X1) + (A) + 0.7605021975170654*sin(X0),A->(A+A) 	 action: A->C*X2
uniform_random_policy...  [0, 1, 2, 3, 5, 6]
state: f->B,B->-0.7330999887901694*X0*X1 + (A)*X0 + -0.8631995468836673*X1 + (A)*sin(X1) + (A)*cos(X1) + (A) + 0.7605021975170654*sin(X0)B->-0.7330999887901694*X0*X1 + (C)*X0 + -0.8631995468836673*X1 + (A)*sin(X1) + (C)*cos(X1) + (A) + 0.7605021975170654*sin(X0),A->(A+A) 	 action: A->A*A
uniform_random_policy...  [0, 1, 3, 5, 6]
state: f->B,B->-0.7330999887901694*X0*X1 + (A)*X0 + -0.8631995468836673*X1 + (A)*sin(X1) + (A)*cos(X1) + (A) + 0.7605021975170654*sin(X0)B->-0.7330999887901694*X0*X1 + (C)*X0 + -0.8631995468836673*X1 + (A)*sin(X1) + (C)*cos(X1) + (A) + 0.7605021975170654*sin(X0),A->(A+A) 	 action: A->C*cos(X2)
uniform_random_policy...  [0, 1, 3, 5]
state: f->B,B->-0.7330999887901694*X0*X1 + (A)*X0 + -0.8631995468836673*X1 + (A)*sin(X1) + (A)*cos(X1) + (A) + 0.7605021975170654*sin(X0)B->-0.7330999887901694*X0*X1 + (C)*X0 + -0.8631995468836673*X1 + (A)*sin(X1) + (C)*cos(X1) + (A) + 0.7605021975170654*sin(X0),A->(A+A) 	 action: A->C*sin(X2)
uniform_random_policy...  [0, 1, 3]
state: f->B,B->-0.7330999887901694*X0*X1 + (A)*X0 + -0.8631995468836673*X1 + (A)*sin(X1) + (A)*cos(X1) + (A) + 0.7605021975170654*sin(X0)B->-0.7330999887901694*X0*X1 + (C)*X0 + -0.8631995468836673*X1 + (A)*sin(X1) + (C)*cos(X1) + (A) + 0.7605021975170654*sin(X0),A->(A+A) 	 action: A->(A-A)
uniform_random_policy...  [0, 3]
state: f->B,B->-0.7330999887901694*X0*X1 + (A)*X0 + -0.8631995468836673*X1 + (A)*sin(X1) + (A)*cos(X1) + (A) + 0.7605021975170654*sin(X0)B->-0.7330999887901694*X0*X1 + (C)*X0 + -0.8631995468836673*X1 + (A)*sin(X1) + (C)*cos(X1) + (A) + 0.7605021975170654*sin(X0),A->(A+A) 	 action: A->C
uniform_random_policy...  [0]
state: f->B,B->-0.7330999887901694*X0*X1 + (A)*X0 + -0.8631995468836673*X1 + (A)*sin(X1) + (A)*cos(X1) + (A) + 0.7605021975170654*sin(X0)B->-0.7330999887901694*X0*X1 + (C)*X0 + -0.8631995468836673*X1 + (A)*sin(X1) + (C)*cos(X1) + (A) + 0.7605021975170654*sin(X0),A->(A+A) 	 action: A->(A+A)
	ITER 4/30...
UCB_policy... prob= [0.  0.  0.  0.  0.  0.  0.  0.1 0.9]
state: f->B 	 action: B->-0.7330999887901694*X0*X1 + (A)*X0 + -0.8631995468836673*X1 + (A)*sin(X1) + (A)*cos(X1) + (A) + 0.7605021975170654*sin(X0)B->-0.7330999887901694*X0*X1 + (C)*X0 + -0.8631995468836673*X1 + (A)*sin(X1) + (C)*cos(X1) + (A) + 0.7605021975170654*sin(X0)
UCB_policy... prob= [0.0286 0.0286 0.8286 0.0286 0.0286 0.0286 0.0286 0.     0.    ]
state: f->B,B->-0.7330999887901694*X0*X1 + (A)*X0 + -0.8631995468836673*X1 + (A)*sin(X1) + (A)*cos(X1) + (A) + 0.7605021975170654*sin(X0)B->-0.7330999887901694*X0*X1 + (C)*X0 + -0.8631995468836673*X1 + (A)*sin(X1) + (C)*cos(X1) + (A) + 0.7605021975170654*sin(X0) 	 action: A->C
uniform_random_policy...  [0, 1, 2, 3, 4, 5, 6]
state: f->B,B->-0.7330999887901694*X0*X1 + (A)*X0 + -0.8631995468836673*X1 + (A)*sin(X1) + (A)*cos(X1) + (A) + 0.7605021975170654*sin(X0)B->-0.7330999887901694*X0*X1 + (C)*X0 + -0.8631995468836673*X1 + (A)*sin(X1) + (C)*cos(X1) + (A) + 0.7605021975170654*sin(X0),A->C 	 action: A->C
uniform_random_policy...  [0, 1, 2, 4, 5, 6]
state: f->B,B->-0.7330999887901694*X0*X1 + (A)*X0 + -0.8631995468836673*X1 + (A)*sin(X1) + (A)*cos(X1) + (A) + 0.7605021975170654*sin(X0)B->-0.7330999887901694*X0*X1 + (C)*X0 + -0.8631995468836673*X1 + (A)*sin(X1) + (C)*cos(X1) + (A) + 0.7605021975170654*sin(X0),A->C 	 action: A->C*sin(X2)
uniform_random_policy...  [0, 1, 2, 4, 6]
state: f->B,B->-0.7330999887901694*X0*X1 + (A)*X0 + -0.8631995468836673*X1 + (A)*sin(X1) + (A)*cos(X1) + (A) + 0.7605021975170654*sin(X0)B->-0.7330999887901694*X0*X1 + (C)*X0 + -0.8631995468836673*X1 + (A)*sin(X1) + (C)*cos(X1) + (A) + 0.7605021975170654*sin(X0),A->C 	 action: A->(A+A)
uniform_random_policy...  [1, 2, 4, 6]
state: f->B,B->-0.7330999887901694*X0*X1 + (A)*X0 + -0.8631995468836673*X1 + (A)*sin(X1) + (A)*cos(X1) + (A) + 0.7605021975170654*sin(X0)B->-0.7330999887901694*X0*X1 + (C)*X0 + -0.8631995468836673*X1 + (A)*sin(X1) + (C)*cos(X1) + (A) + 0.7605021975170654*sin(X0),A->C 	 action: A->A*A
uniform_random_policy...  [1, 4, 6]
state: f->B,B->-0.7330999887901694*X0*X1 + (A)*X0 + -0.8631995468836673*X1 + (A)*sin(X1) + (A)*cos(X1) + (A) + 0.7605021975170654*sin(X0)B->-0.7330999887901694*X0*X1 + (C)*X0 + -0.8631995468836673*X1 + (A)*sin(X1) + (C)*cos(X1) + (A) + 0.7605021975170654*sin(X0),A->C 	 action: A->(A-A)
uniform_random_policy...  [4, 6]
state: f->B,B->-0.7330999887901694*X0*X1 + (A)*X0 + -0.8631995468836673*X1 + (A)*sin(X1) + (A)*cos(X1) + (A) + 0.7605021975170654*sin(X0)B->-0.7330999887901694*X0*X1 + (C)*X0 + -0.8631995468836673*X1 + (A)*sin(X1) + (C)*cos(X1) + (A) + 0.7605021975170654*sin(X0),A->C 	 action: A->C*cos(X2)
uniform_random_policy...  [4]
state: f->B,B->-0.7330999887901694*X0*X1 + (A)*X0 + -0.8631995468836673*X1 + (A)*sin(X1) + (A)*cos(X1) + (A) + 0.7605021975170654*sin(X0)B->-0.7330999887901694*X0*X1 + (C)*X0 + -0.8631995468836673*X1 + (A)*sin(X1) + (C)*cos(X1) + (A) + 0.7605021975170654*sin(X0),A->C 	 action: A->C*X2
	ITER 5/30...
UCB_policy... prob= [0.  0.  0.  0.  0.  0.  0.  0.1 0.9]
state: f->B 	 action: B->-0.7330999887901694*X0*X1 + (A)*X0 + -0.8631995468836673*X1 + (A)*sin(X1) + (A)*cos(X1) + (A) + 0.7605021975170654*sin(X0)B->-0.7330999887901694*X0*X1 + (C)*X0 + -0.8631995468836673*X1 + (A)*sin(X1) + (C)*cos(X1) + (A) + 0.7605021975170654*sin(X0)
UCB_policy... prob= [0.0286 0.0286 0.8286 0.0286 0.0286 0.0286 0.0286 0.     0.    ]
state: f->B,B->-0.7330999887901694*X0*X1 + (A)*X0 + -0.8631995468836673*X1 + (A)*sin(X1) + (A)*cos(X1) + (A) + 0.7605021975170654*sin(X0)B->-0.7330999887901694*X0*X1 + (C)*X0 + -0.8631995468836673*X1 + (A)*sin(X1) + (C)*cos(X1) + (A) + 0.7605021975170654*sin(X0) 	 action: A->C*cos(X2)
uniform_random_policy...  [0, 1, 2, 3, 4, 5, 6]
state: f->B,B->-0.7330999887901694*X0*X1 + (A)*X0 + -0.8631995468836673*X1 + (A)*sin(X1) + (A)*cos(X1) + (A) + 0.7605021975170654*sin(X0)B->-0.7330999887901694*X0*X1 + (C)*X0 + -0.8631995468836673*X1 + (A)*sin(X1) + (C)*cos(X1) + (A) + 0.7605021975170654*sin(X0),A->C*cos(X2) 	 action: A->C*sin(X2)
uniform_random_policy...  [0, 1, 2, 3, 4, 6]
state: f->B,B->-0.7330999887901694*X0*X1 + (A)*X0 + -0.8631995468836673*X1 + (A)*sin(X1) + (A)*cos(X1) + (A) + 0.7605021975170654*sin(X0)B->-0.7330999887901694*X0*X1 + (C)*X0 + -0.8631995468836673*X1 + (A)*sin(X1) + (C)*cos(X1) + (A) + 0.7605021975170654*sin(X0),A->C*cos(X2) 	 action: A->(A-A)
uniform_random_policy...  [0, 2, 3, 4, 6]
state: f->B,B->-0.7330999887901694*X0*X1 + (A)*X0 + -0.8631995468836673*X1 + (A)*sin(X1) + (A)*cos(X1) + (A) + 0.7605021975170654*sin(X0)B->-0.7330999887901694*X0*X1 + (C)*X0 + -0.8631995468836673*X1 + (A)*sin(X1) + (C)*cos(X1) + (A) + 0.7605021975170654*sin(X0),A->C*cos(X2) 	 action: A->C*X2
uniform_random_policy...  [0, 2, 3, 6]
state: f->B,B->-0.7330999887901694*X0*X1 + (A)*X0 + -0.8631995468836673*X1 + (A)*sin(X1) + (A)*cos(X1) + (A) + 0.7605021975170654*sin(X0)B->-0.7330999887901694*X0*X1 + (C)*X0 + -0.8631995468836673*X1 + (A)*sin(X1) + (C)*cos(X1) + (A) + 0.7605021975170654*sin(X0),A->C*cos(X2) 	 action: A->C
uniform_random_policy...  [0, 2, 6]
state: f->B,B->-0.7330999887901694*X0*X1 + (A)*X0 + -0.8631995468836673*X1 + (A)*sin(X1) + (A)*cos(X1) + (A) + 0.7605021975170654*sin(X0)B->-0.7330999887901694*X0*X1 + (C)*X0 + -0.8631995468836673*X1 + (A)*sin(X1) + (C)*cos(X1) + (A) + 0.7605021975170654*sin(X0),A->C*cos(X2) 	 action: A->C*cos(X2)
uniform_random_policy...  [0, 2]
state: f->B,B->-0.7330999887901694*X0*X1 + (A)*X0 + -0.8631995468836673*X1 + (A)*sin(X1) + (A)*cos(X1) + (A) + 0.7605021975170654*sin(X0)B->-0.7330999887901694*X0*X1 + (C)*X0 + -0.8631995468836673*X1 + (A)*sin(X1) + (C)*cos(X1) + (A) + 0.7605021975170654*sin(X0),A->C*cos(X2) 	 action: A->(A+A)
uniform_random_policy...  [2]
state: f->B,B->-0.7330999887901694*X0*X1 + (A)*X0 + -0.8631995468836673*X1 + (A)*sin(X1) + (A)*cos(X1) + (A) + 0.7605021975170654*sin(X0)B->-0.7330999887901694*X0*X1 + (C)*X0 + -0.8631995468836673*X1 + (A)*sin(X1) + (C)*cos(X1) + (A) + 0.7605021975170654*sin(X0),A->C*cos(X2) 	 action: A->A*A
	ITER 6/30...
UCB_policy... prob= [0.  0.  0.  0.  0.  0.  0.  0.1 0.9]
state: f->B 	 action: B->-0.7330999887901694*X0*X1 + (A)*X0 + -0.8631995468836673*X1 + (A)*sin(X1) + (A)*cos(X1) + (A) + 0.7605021975170654*sin(X0)B->-0.7330999887901694*X0*X1 + (C)*X0 + -0.8631995468836673*X1 + (A)*sin(X1) + (C)*cos(X1) + (A) + 0.7605021975170654*sin(X0)
UCB_policy... prob= [0.0286 0.0286 0.8286 0.0286 0.0286 0.0286 0.0286 0.     0.    ]
state: f->B,B->-0.7330999887901694*X0*X1 + (A)*X0 + -0.8631995468836673*X1 + (A)*sin(X1) + (A)*cos(X1) + (A) + 0.7605021975170654*sin(X0)B->-0.7330999887901694*X0*X1 + (C)*X0 + -0.8631995468836673*X1 + (A)*sin(X1) + (C)*cos(X1) + (A) + 0.7605021975170654*sin(X0) 	 action: A->A*A
uniform_random_policy...  [0, 1, 2, 3, 4, 5, 6]
state: f->B,B->-0.7330999887901694*X0*X1 + (A)*X0 + -0.8631995468836673*X1 + (A)*sin(X1) + (A)*cos(X1) + (A) + 0.7605021975170654*sin(X0)B->-0.7330999887901694*X0*X1 + (C)*X0 + -0.8631995468836673*X1 + (A)*sin(X1) + (C)*cos(X1) + (A) + 0.7605021975170654*sin(X0),A->A*A 	 action: A->A*A
uniform_random_policy...  [0, 1, 3, 4, 5, 6]
state: f->B,B->-0.7330999887901694*X0*X1 + (A)*X0 + -0.8631995468836673*X1 + (A)*sin(X1) + (A)*cos(X1) + (A) + 0.7605021975170654*sin(X0)B->-0.7330999887901694*X0*X1 + (C)*X0 + -0.8631995468836673*X1 + (A)*sin(X1) + (C)*cos(X1) + (A) + 0.7605021975170654*sin(X0),A->A*A 	 action: A->(A-A)
uniform_random_policy...  [0, 3, 4, 5, 6]
state: f->B,B->-0.7330999887901694*X0*X1 + (A)*X0 + -0.8631995468836673*X1 + (A)*sin(X1) + (A)*cos(X1) + (A) + 0.7605021975170654*sin(X0)B->-0.7330999887901694*X0*X1 + (C)*X0 + -0.8631995468836673*X1 + (A)*sin(X1) + (C)*cos(X1) + (A) + 0.7605021975170654*sin(X0),A->A*A 	 action: A->(A+A)
uniform_random_policy...  [3, 4, 5, 6]
state: f->B,B->-0.7330999887901694*X0*X1 + (A)*X0 + -0.8631995468836673*X1 + (A)*sin(X1) + (A)*cos(X1) + (A) + 0.7605021975170654*sin(X0)B->-0.7330999887901694*X0*X1 + (C)*X0 + -0.8631995468836673*X1 + (A)*sin(X1) + (C)*cos(X1) + (A) + 0.7605021975170654*sin(X0),A->A*A 	 action: A->C*X2
uniform_random_policy...  [3, 5, 6]
state: f->B,B->-0.7330999887901694*X0*X1 + (A)*X0 + -0.8631995468836673*X1 + (A)*sin(X1) + (A)*cos(X1) + (A) + 0.7605021975170654*sin(X0)B->-0.7330999887901694*X0*X1 + (C)*X0 + -0.8631995468836673*X1 + (A)*sin(X1) + (C)*cos(X1) + (A) + 0.7605021975170654*sin(X0),A->A*A 	 action: A->C*cos(X2)
uniform_random_policy...  [3, 5]
state: f->B,B->-0.7330999887901694*X0*X1 + (A)*X0 + -0.8631995468836673*X1 + (A)*sin(X1) + (A)*cos(X1) + (A) + 0.7605021975170654*sin(X0)B->-0.7330999887901694*X0*X1 + (C)*X0 + -0.8631995468836673*X1 + (A)*sin(X1) + (C)*cos(X1) + (A) + 0.7605021975170654*sin(X0),A->A*A 	 action: A->C
uniform_random_policy...  [5]
state: f->B,B->-0.7330999887901694*X0*X1 + (A)*X0 + -0.8631995468836673*X1 + (A)*sin(X1) + (A)*cos(X1) + (A) + 0.7605021975170654*sin(X0)B->-0.7330999887901694*X0*X1 + (C)*X0 + -0.8631995468836673*X1 + (A)*sin(X1) + (C)*cos(X1) + (A) + 0.7605021975170654*sin(X0),A->A*A 	 action: A->C*sin(X2)
	ITER 7/30...
UCB_policy... prob= [0.  0.  0.  0.  0.  0.  0.  0.1 0.9]
state: f->B 	 action: B->-0.7330999887901694*X0*X1 + (A)*X0 + -0.8631995468836673*X1 + (A)*sin(X1) + (A)*cos(X1) + (A) + 0.7605021975170654*sin(X0)B->-0.7330999887901694*X0*X1 + (C)*X0 + -0.8631995468836673*X1 + (A)*sin(X1) + (C)*cos(X1) + (A) + 0.7605021975170654*sin(X0)
UCB_policy... prob= [0.0286 0.0286 0.0286 0.0286 0.8286 0.0286 0.0286 0.     0.    ]
state: f->B,B->-0.7330999887901694*X0*X1 + (A)*X0 + -0.8631995468836673*X1 + (A)*sin(X1) + (A)*cos(X1) + (A) + 0.7605021975170654*sin(X0)B->-0.7330999887901694*X0*X1 + (C)*X0 + -0.8631995468836673*X1 + (A)*sin(X1) + (C)*cos(X1) + (A) + 0.7605021975170654*sin(X0) 	 action: A->C*X2
uniform_random_policy...  [0, 1, 2, 3, 4, 5, 6]
state: f->B,B->-0.7330999887901694*X0*X1 + (A)*X0 + -0.8631995468836673*X1 + (A)*sin(X1) + (A)*cos(X1) + (A) + 0.7605021975170654*sin(X0)B->-0.7330999887901694*X0*X1 + (C)*X0 + -0.8631995468836673*X1 + (A)*sin(X1) + (C)*cos(X1) + (A) + 0.7605021975170654*sin(X0),A->C*X2 	 action: A->(A-A)
uniform_random_policy...  [0, 2, 3, 4, 5, 6]
state: f->B,B->-0.7330999887901694*X0*X1 + (A)*X0 + -0.8631995468836673*X1 + (A)*sin(X1) + (A)*cos(X1) + (A) + 0.7605021975170654*sin(X0)B->-0.7330999887901694*X0*X1 + (C)*X0 + -0.8631995468836673*X1 + (A)*sin(X1) + (C)*cos(X1) + (A) + 0.7605021975170654*sin(X0),A->C*X2 	 action: A->C*sin(X2)
uniform_random_policy...  [0, 2, 3, 4, 6]
state: f->B,B->-0.7330999887901694*X0*X1 + (A)*X0 + -0.8631995468836673*X1 + (A)*sin(X1) + (A)*cos(X1) + (A) + 0.7605021975170654*sin(X0)B->-0.7330999887901694*X0*X1 + (C)*X0 + -0.8631995468836673*X1 + (A)*sin(X1) + (C)*cos(X1) + (A) + 0.7605021975170654*sin(X0),A->C*X2 	 action: A->(A+A)
uniform_random_policy...  [2, 3, 4, 6]
state: f->B,B->-0.7330999887901694*X0*X1 + (A)*X0 + -0.8631995468836673*X1 + (A)*sin(X1) + (A)*cos(X1) + (A) + 0.7605021975170654*sin(X0)B->-0.7330999887901694*X0*X1 + (C)*X0 + -0.8631995468836673*X1 + (A)*sin(X1) + (C)*cos(X1) + (A) + 0.7605021975170654*sin(X0),A->C*X2 	 action: A->C*cos(X2)
uniform_random_policy...  [2, 3, 4]
state: f->B,B->-0.7330999887901694*X0*X1 + (A)*X0 + -0.8631995468836673*X1 + (A)*sin(X1) + (A)*cos(X1) + (A) + 0.7605021975170654*sin(X0)B->-0.7330999887901694*X0*X1 + (C)*X0 + -0.8631995468836673*X1 + (A)*sin(X1) + (C)*cos(X1) + (A) + 0.7605021975170654*sin(X0),A->C*X2 	 action: A->C*X2
uniform_random_policy...  [2, 3]
state: f->B,B->-0.7330999887901694*X0*X1 + (A)*X0 + -0.8631995468836673*X1 + (A)*sin(X1) + (A)*cos(X1) + (A) + 0.7605021975170654*sin(X0)B->-0.7330999887901694*X0*X1 + (C)*X0 + -0.8631995468836673*X1 + (A)*sin(X1) + (C)*cos(X1) + (A) + 0.7605021975170654*sin(X0),A->C*X2 	 action: A->A*A
uniform_random_policy...  [3]
state: f->B,B->-0.7330999887901694*X0*X1 + (A)*X0 + -0.8631995468836673*X1 + (A)*sin(X1) + (A)*cos(X1) + (A) + 0.7605021975170654*sin(X0)B->-0.7330999887901694*X0*X1 + (C)*X0 + -0.8631995468836673*X1 + (A)*sin(X1) + (C)*cos(X1) + (A) + 0.7605021975170654*sin(X0),A->C*X2 	 action: A->C
	ITER 8/30...
UCB_policy... prob= [0.  0.  0.  0.  0.  0.  0.  0.1 0.9]
state: f->B 	 action: B->-0.7330999887901694*X0*X1 + (A)*X0 + -0.8631995468836673*X1 + (A)*sin(X1) + (A)*cos(X1) + (A) + 0.7605021975170654*sin(X0)B->-0.7330999887901694*X0*X1 + (C)*X0 + -0.8631995468836673*X1 + (A)*sin(X1) + (C)*cos(X1) + (A) + 0.7605021975170654*sin(X0)
UCB_policy... prob= [0.0286 0.8286 0.0286 0.0286 0.0286 0.0286 0.0286 0.     0.    ]
state: f->B,B->-0.7330999887901694*X0*X1 + (A)*X0 + -0.8631995468836673*X1 + (A)*sin(X1) + (A)*cos(X1) + (A) + 0.7605021975170654*sin(X0)B->-0.7330999887901694*X0*X1 + (C)*X0 + -0.8631995468836673*X1 + (A)*sin(X1) + (C)*cos(X1) + (A) + 0.7605021975170654*sin(X0) 	 action: A->(A-A)
uniform_random_policy...  [0, 1, 2, 3, 4, 5, 6]
state: f->B,B->-0.7330999887901694*X0*X1 + (A)*X0 + -0.8631995468836673*X1 + (A)*sin(X1) + (A)*cos(X1) + (A) + 0.7605021975170654*sin(X0)B->-0.7330999887901694*X0*X1 + (C)*X0 + -0.8631995468836673*X1 + (A)*sin(X1) + (C)*cos(X1) + (A) + 0.7605021975170654*sin(X0),A->(A-A) 	 action: A->(A+A)
uniform_random_policy...  [1, 2, 3, 4, 5, 6]
state: f->B,B->-0.7330999887901694*X0*X1 + (A)*X0 + -0.8631995468836673*X1 + (A)*sin(X1) + (A)*cos(X1) + (A) + 0.7605021975170654*sin(X0)B->-0.7330999887901694*X0*X1 + (C)*X0 + -0.8631995468836673*X1 + (A)*sin(X1) + (C)*cos(X1) + (A) + 0.7605021975170654*sin(X0),A->(A-A) 	 action: A->C
uniform_random_policy...  [1, 2, 4, 5, 6]
state: f->B,B->-0.7330999887901694*X0*X1 + (A)*X0 + -0.8631995468836673*X1 + (A)*sin(X1) + (A)*cos(X1) + (A) + 0.7605021975170654*sin(X0)B->-0.7330999887901694*X0*X1 + (C)*X0 + -0.8631995468836673*X1 + (A)*sin(X1) + (C)*cos(X1) + (A) + 0.7605021975170654*sin(X0),A->(A-A) 	 action: A->C*X2
uniform_random_policy...  [1, 2, 5, 6]
state: f->B,B->-0.7330999887901694*X0*X1 + (A)*X0 + -0.8631995468836673*X1 + (A)*sin(X1) + (A)*cos(X1) + (A) + 0.7605021975170654*sin(X0)B->-0.7330999887901694*X0*X1 + (C)*X0 + -0.8631995468836673*X1 + (A)*sin(X1) + (C)*cos(X1) + (A) + 0.7605021975170654*sin(X0),A->(A-A) 	 action: A->A*A
uniform_random_policy...  [1, 5, 6]
state: f->B,B->-0.7330999887901694*X0*X1 + (A)*X0 + -0.8631995468836673*X1 + (A)*sin(X1) + (A)*cos(X1) + (A) + 0.7605021975170654*sin(X0)B->-0.7330999887901694*X0*X1 + (C)*X0 + -0.8631995468836673*X1 + (A)*sin(X1) + (C)*cos(X1) + (A) + 0.7605021975170654*sin(X0),A->(A-A) 	 action: A->C*sin(X2)
uniform_random_policy...  [1, 6]
state: f->B,B->-0.7330999887901694*X0*X1 + (A)*X0 + -0.8631995468836673*X1 + (A)*sin(X1) + (A)*cos(X1) + (A) + 0.7605021975170654*sin(X0)B->-0.7330999887901694*X0*X1 + (C)*X0 + -0.8631995468836673*X1 + (A)*sin(X1) + (C)*cos(X1) + (A) + 0.7605021975170654*sin(X0),A->(A-A) 	 action: A->C*cos(X2)
uniform_random_policy...  [1]
state: f->B,B->-0.7330999887901694*X0*X1 + (A)*X0 + -0.8631995468836673*X1 + (A)*sin(X1) + (A)*cos(X1) + (A) + 0.7605021975170654*sin(X0)B->-0.7330999887901694*X0*X1 + (C)*X0 + -0.8631995468836673*X1 + (A)*sin(X1) + (C)*cos(X1) + (A) + 0.7605021975170654*sin(X0),A->(A-A) 	 action: A->(A-A)
	ITER 9/30...
UCB_policy... prob= [0.  0.  0.  0.  0.  0.  0.  0.1 0.9]
state: f->B 	 action: B->-0.7330999887901694*X0*X1 + (A)*X0 + -0.8631995468836673*X1 + (A)*sin(X1) + (A)*cos(X1) + (A) + 0.7605021975170654*sin(X0)B->-0.7330999887901694*X0*X1 + (A)*X0 + -0.8631995468836673*X1 + (C)*sin(X1) + (C)*cos(X1) + (C) + 0.7605021975170654*sin(X0)
uniform_random_policy...  [0, 1, 2, 3, 4, 5, 6]
state: f->B,B->-0.7330999887901694*X0*X1 + (A)*X0 + -0.8631995468836673*X1 + (A)*sin(X1) + (A)*cos(X1) + (A) + 0.7605021975170654*sin(X0)B->-0.7330999887901694*X0*X1 + (A)*X0 + -0.8631995468836673*X1 + (C)*sin(X1) + (C)*cos(X1) + (C) + 0.7605021975170654*sin(X0) 	 action: A->(A+A)
uniform_random_policy...  [1, 2, 3, 4, 5, 6]
state: f->B,B->-0.7330999887901694*X0*X1 + (A)*X0 + -0.8631995468836673*X1 + (A)*sin(X1) + (A)*cos(X1) + (A) + 0.7605021975170654*sin(X0)B->-0.7330999887901694*X0*X1 + (A)*X0 + -0.8631995468836673*X1 + (C)*sin(X1) + (C)*cos(X1) + (C) + 0.7605021975170654*sin(X0) 	 action: A->C*cos(X2)
uniform_random_policy...  [1, 2, 3, 4, 5]
state: f->B,B->-0.7330999887901694*X0*X1 + (A)*X0 + -0.8631995468836673*X1 + (A)*sin(X1) + (A)*cos(X1) + (A) + 0.7605021975170654*sin(X0)B->-0.7330999887901694*X0*X1 + (A)*X0 + -0.8631995468836673*X1 + (C)*sin(X1) + (C)*cos(X1) + (C) + 0.7605021975170654*sin(X0) 	 action: A->C*sin(X2)
uniform_random_policy...  [1, 2, 3, 4]
state: f->B,B->-0.7330999887901694*X0*X1 + (A)*X0 + -0.8631995468836673*X1 + (A)*sin(X1) + (A)*cos(X1) + (A) + 0.7605021975170654*sin(X0)B->-0.7330999887901694*X0*X1 + (A)*X0 + -0.8631995468836673*X1 + (C)*sin(X1) + (C)*cos(X1) + (C) + 0.7605021975170654*sin(X0) 	 action: A->(A-A)
uniform_random_policy...  [2, 3, 4]
state: f->B,B->-0.7330999887901694*X0*X1 + (A)*X0 + -0.8631995468836673*X1 + (A)*sin(X1) + (A)*cos(X1) + (A) + 0.7605021975170654*sin(X0)B->-0.7330999887901694*X0*X1 + (A)*X0 + -0.8631995468836673*X1 + (C)*sin(X1) + (C)*cos(X1) + (C) + 0.7605021975170654*sin(X0) 	 action: A->C
uniform_random_policy...  [2, 4]
state: f->B,B->-0.7330999887901694*X0*X1 + (A)*X0 + -0.8631995468836673*X1 + (A)*sin(X1) + (A)*cos(X1) + (A) + 0.7605021975170654*sin(X0)B->-0.7330999887901694*X0*X1 + (A)*X0 + -0.8631995468836673*X1 + (C)*sin(X1) + (C)*cos(X1) + (C) + 0.7605021975170654*sin(X0) 	 action: A->A*A
uniform_random_policy...  [4]
state: f->B,B->-0.7330999887901694*X0*X1 + (A)*X0 + -0.8631995468836673*X1 + (A)*sin(X1) + (A)*cos(X1) + (A) + 0.7605021975170654*sin(X0)B->-0.7330999887901694*X0*X1 + (A)*X0 + -0.8631995468836673*X1 + (C)*sin(X1) + (C)*cos(X1) + (C) + 0.7605021975170654*sin(X0) 	 action: A->C*X2
	ITER 10/30...
UCB_policy... prob= [0.  0.  0.  0.  0.  0.  0.  0.9 0.1]
state: f->B 	 action: B->-0.7330999887901694*X0*X1 + (A)*X0 + -0.8631995468836673*X1 + (A)*sin(X1) + (A)*cos(X1) + (A) + 0.7605021975170654*sin(X0)B->-0.7330999887901694*X0*X1 + (A)*X0 + -0.8631995468836673*X1 + (C)*sin(X1) + (C)*cos(X1) + (C) + 0.7605021975170654*sin(X0)
UCB_policy... prob= [0.0286 0.0286 0.0286 0.0286 0.8286 0.0286 0.0286 0.     0.    ]
state: f->B,B->-0.7330999887901694*X0*X1 + (A)*X0 + -0.8631995468836673*X1 + (A)*sin(X1) + (A)*cos(X1) + (A) + 0.7605021975170654*sin(X0)B->-0.7330999887901694*X0*X1 + (A)*X0 + -0.8631995468836673*X1 + (C)*sin(X1) + (C)*cos(X1) + (C) + 0.7605021975170654*sin(X0) 	 action: A->C*X2
uniform_random_policy...  [0, 1, 2, 3, 4, 5, 6]
state: f->B,B->-0.7330999887901694*X0*X1 + (A)*X0 + -0.8631995468836673*X1 + (A)*sin(X1) + (A)*cos(X1) + (A) + 0.7605021975170654*sin(X0)B->-0.7330999887901694*X0*X1 + (A)*X0 + -0.8631995468836673*X1 + (C)*sin(X1) + (C)*cos(X1) + (C) + 0.7605021975170654*sin(X0),A->C*X2 	 action: A->C
uniform_random_policy...  [0, 1, 2, 4, 5, 6]
state: f->B,B->-0.7330999887901694*X0*X1 + (A)*X0 + -0.8631995468836673*X1 + (A)*sin(X1) + (A)*cos(X1) + (A) + 0.7605021975170654*sin(X0)B->-0.7330999887901694*X0*X1 + (A)*X0 + -0.8631995468836673*X1 + (C)*sin(X1) + (C)*cos(X1) + (C) + 0.7605021975170654*sin(X0),A->C*X2 	 action: A->(A-A)
uniform_random_policy...  [0, 2, 4, 5, 6]
state: f->B,B->-0.7330999887901694*X0*X1 + (A)*X0 + -0.8631995468836673*X1 + (A)*sin(X1) + (A)*cos(X1) + (A) + 0.7605021975170654*sin(X0)B->-0.7330999887901694*X0*X1 + (A)*X0 + -0.8631995468836673*X1 + (C)*sin(X1) + (C)*cos(X1) + (C) + 0.7605021975170654*sin(X0),A->C*X2 	 action: A->(A+A)
uniform_random_policy...  [2, 4, 5, 6]
state: f->B,B->-0.7330999887901694*X0*X1 + (A)*X0 + -0.8631995468836673*X1 + (A)*sin(X1) + (A)*cos(X1) + (A) + 0.7605021975170654*sin(X0)B->-0.7330999887901694*X0*X1 + (A)*X0 + -0.8631995468836673*X1 + (C)*sin(X1) + (C)*cos(X1) + (C) + 0.7605021975170654*sin(X0),A->C*X2 	 action: A->A*A
uniform_random_policy...  [4, 5, 6]
state: f->B,B->-0.7330999887901694*X0*X1 + (A)*X0 + -0.8631995468836673*X1 + (A)*sin(X1) + (A)*cos(X1) + (A) + 0.7605021975170654*sin(X0)B->-0.7330999887901694*X0*X1 + (A)*X0 + -0.8631995468836673*X1 + (C)*sin(X1) + (C)*cos(X1) + (C) + 0.7605021975170654*sin(X0),A->C*X2 	 action: A->C*cos(X2)
uniform_random_policy...  [4, 5]
state: f->B,B->-0.7330999887901694*X0*X1 + (A)*X0 + -0.8631995468836673*X1 + (A)*sin(X1) + (A)*cos(X1) + (A) + 0.7605021975170654*sin(X0)B->-0.7330999887901694*X0*X1 + (A)*X0 + -0.8631995468836673*X1 + (C)*sin(X1) + (C)*cos(X1) + (C) + 0.7605021975170654*sin(X0),A->C*X2 	 action: A->C*sin(X2)
uniform_random_policy...  [4]
state: f->B,B->-0.7330999887901694*X0*X1 + (A)*X0 + -0.8631995468836673*X1 + (A)*sin(X1) + (A)*cos(X1) + (A) + 0.7605021975170654*sin(X0)B->-0.7330999887901694*X0*X1 + (A)*X0 + -0.8631995468836673*X1 + (C)*sin(X1) + (C)*cos(X1) + (C) + 0.7605021975170654*sin(X0),A->C*X2 	 action: A->C*X2
	ITER 11/30...
UCB_policy... prob= [0.  0.  0.  0.  0.  0.  0.  0.9 0.1]
state: f->B 	 action: B->-0.7330999887901694*X0*X1 + (A)*X0 + -0.8631995468836673*X1 + (A)*sin(X1) + (A)*cos(X1) + (A) + 0.7605021975170654*sin(X0)B->-0.7330999887901694*X0*X1 + (A)*X0 + -0.8631995468836673*X1 + (C)*sin(X1) + (C)*cos(X1) + (C) + 0.7605021975170654*sin(X0)
UCB_policy... prob= [0.0286 0.0286 0.8286 0.0286 0.0286 0.0286 0.0286 0.     0.    ]
state: f->B,B->-0.7330999887901694*X0*X1 + (A)*X0 + -0.8631995468836673*X1 + (A)*sin(X1) + (A)*cos(X1) + (A) + 0.7605021975170654*sin(X0)B->-0.7330999887901694*X0*X1 + (A)*X0 + -0.8631995468836673*X1 + (C)*sin(X1) + (C)*cos(X1) + (C) + 0.7605021975170654*sin(X0) 	 action: A->A*A
uniform_random_policy...  [0, 1, 2, 3, 4, 5, 6]
state: f->B,B->-0.7330999887901694*X0*X1 + (A)*X0 + -0.8631995468836673*X1 + (A)*sin(X1) + (A)*cos(X1) + (A) + 0.7605021975170654*sin(X0)B->-0.7330999887901694*X0*X1 + (A)*X0 + -0.8631995468836673*X1 + (C)*sin(X1) + (C)*cos(X1) + (C) + 0.7605021975170654*sin(X0),A->A*A 	 action: A->C*sin(X2)
uniform_random_policy...  [0, 1, 2, 3, 4, 6]
state: f->B,B->-0.7330999887901694*X0*X1 + (A)*X0 + -0.8631995468836673*X1 + (A)*sin(X1) + (A)*cos(X1) + (A) + 0.7605021975170654*sin(X0)B->-0.7330999887901694*X0*X1 + (A)*X0 + -0.8631995468836673*X1 + (C)*sin(X1) + (C)*cos(X1) + (C) + 0.7605021975170654*sin(X0),A->A*A 	 action: A->C*X2
uniform_random_policy...  [0, 1, 2, 3, 6]
state: f->B,B->-0.7330999887901694*X0*X1 + (A)*X0 + -0.8631995468836673*X1 + (A)*sin(X1) + (A)*cos(X1) + (A) + 0.7605021975170654*sin(X0)B->-0.7330999887901694*X0*X1 + (A)*X0 + -0.8631995468836673*X1 + (C)*sin(X1) + (C)*cos(X1) + (C) + 0.7605021975170654*sin(X0),A->A*A 	 action: A->A*A
uniform_random_policy...  [0, 1, 3, 6]
state: f->B,B->-0.7330999887901694*X0*X1 + (A)*X0 + -0.8631995468836673*X1 + (A)*sin(X1) + (A)*cos(X1) + (A) + 0.7605021975170654*sin(X0)B->-0.7330999887901694*X0*X1 + (A)*X0 + -0.8631995468836673*X1 + (C)*sin(X1) + (C)*cos(X1) + (C) + 0.7605021975170654*sin(X0),A->A*A 	 action: A->C
uniform_random_policy...  [0, 1, 6]
state: f->B,B->-0.7330999887901694*X0*X1 + (A)*X0 + -0.8631995468836673*X1 + (A)*sin(X1) + (A)*cos(X1) + (A) + 0.7605021975170654*sin(X0)B->-0.7330999887901694*X0*X1 + (A)*X0 + -0.8631995468836673*X1 + (C)*sin(X1) + (C)*cos(X1) + (C) + 0.7605021975170654*sin(X0),A->A*A 	 action: A->(A+A)
uniform_random_policy...  [1, 6]
state: f->B,B->-0.7330999887901694*X0*X1 + (A)*X0 + -0.8631995468836673*X1 + (A)*sin(X1) + (A)*cos(X1) + (A) + 0.7605021975170654*sin(X0)B->-0.7330999887901694*X0*X1 + (A)*X0 + -0.8631995468836673*X1 + (C)*sin(X1) + (C)*cos(X1) + (C) + 0.7605021975170654*sin(X0),A->A*A 	 action: A->C*cos(X2)
uniform_random_policy...  [1]
state: f->B,B->-0.7330999887901694*X0*X1 + (A)*X0 + -0.8631995468836673*X1 + (A)*sin(X1) + (A)*cos(X1) + (A) + 0.7605021975170654*sin(X0)B->-0.7330999887901694*X0*X1 + (A)*X0 + -0.8631995468836673*X1 + (C)*sin(X1) + (C)*cos(X1) + (C) + 0.7605021975170654*sin(X0),A->A*A 	 action: A->(A-A)
	ITER 12/30...
UCB_policy... prob= [0.  0.  0.  0.  0.  0.  0.  0.9 0.1]
state: f->B 	 action: B->-0.7330999887901694*X0*X1 + (A)*X0 + -0.8631995468836673*X1 + (A)*sin(X1) + (A)*cos(X1) + (A) + 0.7605021975170654*sin(X0)B->-0.7330999887901694*X0*X1 + (A)*X0 + -0.8631995468836673*X1 + (C)*sin(X1) + (C)*cos(X1) + (C) + 0.7605021975170654*sin(X0)
UCB_policy... prob= [0.0286 0.0286 0.0286 0.8286 0.0286 0.0286 0.0286 0.     0.    ]
state: f->B,B->-0.7330999887901694*X0*X1 + (A)*X0 + -0.8631995468836673*X1 + (A)*sin(X1) + (A)*cos(X1) + (A) + 0.7605021975170654*sin(X0)B->-0.7330999887901694*X0*X1 + (A)*X0 + -0.8631995468836673*X1 + (C)*sin(X1) + (C)*cos(X1) + (C) + 0.7605021975170654*sin(X0) 	 action: A->C
uniform_random_policy...  [0, 1, 2, 3, 4, 5, 6]
state: f->B,B->-0.7330999887901694*X0*X1 + (A)*X0 + -0.8631995468836673*X1 + (A)*sin(X1) + (A)*cos(X1) + (A) + 0.7605021975170654*sin(X0)B->-0.7330999887901694*X0*X1 + (A)*X0 + -0.8631995468836673*X1 + (C)*sin(X1) + (C)*cos(X1) + (C) + 0.7605021975170654*sin(X0),A->C 	 action: A->C*sin(X2)
uniform_random_policy...  [0, 1, 2, 3, 4, 6]
state: f->B,B->-0.7330999887901694*X0*X1 + (A)*X0 + -0.8631995468836673*X1 + (A)*sin(X1) + (A)*cos(X1) + (A) + 0.7605021975170654*sin(X0)B->-0.7330999887901694*X0*X1 + (A)*X0 + -0.8631995468836673*X1 + (C)*sin(X1) + (C)*cos(X1) + (C) + 0.7605021975170654*sin(X0),A->C 	 action: A->(A+A)
uniform_random_policy...  [1, 2, 3, 4, 6]
state: f->B,B->-0.7330999887901694*X0*X1 + (A)*X0 + -0.8631995468836673*X1 + (A)*sin(X1) + (A)*cos(X1) + (A) + 0.7605021975170654*sin(X0)B->-0.7330999887901694*X0*X1 + (A)*X0 + -0.8631995468836673*X1 + (C)*sin(X1) + (C)*cos(X1) + (C) + 0.7605021975170654*sin(X0),A->C 	 action: A->C*X2
uniform_random_policy...  [1, 2, 3, 6]
state: f->B,B->-0.7330999887901694*X0*X1 + (A)*X0 + -0.8631995468836673*X1 + (A)*sin(X1) + (A)*cos(X1) + (A) + 0.7605021975170654*sin(X0)B->-0.7330999887901694*X0*X1 + (A)*X0 + -0.8631995468836673*X1 + (C)*sin(X1) + (C)*cos(X1) + (C) + 0.7605021975170654*sin(X0),A->C 	 action: A->C*cos(X2)
uniform_random_policy...  [1, 2, 3]
state: f->B,B->-0.7330999887901694*X0*X1 + (A)*X0 + -0.8631995468836673*X1 + (A)*sin(X1) + (A)*cos(X1) + (A) + 0.7605021975170654*sin(X0)B->-0.7330999887901694*X0*X1 + (A)*X0 + -0.8631995468836673*X1 + (C)*sin(X1) + (C)*cos(X1) + (C) + 0.7605021975170654*sin(X0),A->C 	 action: A->A*A
uniform_random_policy...  [1, 3]
state: f->B,B->-0.7330999887901694*X0*X1 + (A)*X0 + -0.8631995468836673*X1 + (A)*sin(X1) + (A)*cos(X1) + (A) + 0.7605021975170654*sin(X0)B->-0.7330999887901694*X0*X1 + (A)*X0 + -0.8631995468836673*X1 + (C)*sin(X1) + (C)*cos(X1) + (C) + 0.7605021975170654*sin(X0),A->C 	 action: A->C
uniform_random_policy...  [1]
state: f->B,B->-0.7330999887901694*X0*X1 + (A)*X0 + -0.8631995468836673*X1 + (A)*sin(X1) + (A)*cos(X1) + (A) + 0.7605021975170654*sin(X0)B->-0.7330999887901694*X0*X1 + (A)*X0 + -0.8631995468836673*X1 + (C)*sin(X1) + (C)*cos(X1) + (C) + 0.7605021975170654*sin(X0),A->C 	 action: A->(A-A)
	ITER 13/30...
UCB_policy... prob= [0.  0.  0.  0.  0.  0.  0.  0.9 0.1]
state: f->B 	 action: B->-0.7330999887901694*X0*X1 + (A)*X0 + -0.8631995468836673*X1 + (A)*sin(X1) + (A)*cos(X1) + (A) + 0.7605021975170654*sin(X0)B->-0.7330999887901694*X0*X1 + (A)*X0 + -0.8631995468836673*X1 + (C)*sin(X1) + (C)*cos(X1) + (C) + 0.7605021975170654*sin(X0)
UCB_policy... prob= [0.0286 0.8286 0.0286 0.0286 0.0286 0.0286 0.0286 0.     0.    ]
state: f->B,B->-0.7330999887901694*X0*X1 + (A)*X0 + -0.8631995468836673*X1 + (A)*sin(X1) + (A)*cos(X1) + (A) + 0.7605021975170654*sin(X0)B->-0.7330999887901694*X0*X1 + (A)*X0 + -0.8631995468836673*X1 + (C)*sin(X1) + (C)*cos(X1) + (C) + 0.7605021975170654*sin(X0) 	 action: A->(A-A)
uniform_random_policy...  [0, 1, 2, 3, 4, 5, 6]
state: f->B,B->-0.7330999887901694*X0*X1 + (A)*X0 + -0.8631995468836673*X1 + (A)*sin(X1) + (A)*cos(X1) + (A) + 0.7605021975170654*sin(X0)B->-0.7330999887901694*X0*X1 + (A)*X0 + -0.8631995468836673*X1 + (C)*sin(X1) + (C)*cos(X1) + (C) + 0.7605021975170654*sin(X0),A->(A-A) 	 action: A->C*X2
uniform_random_policy...  [0, 1, 2, 3, 5, 6]
state: f->B,B->-0.7330999887901694*X0*X1 + (A)*X0 + -0.8631995468836673*X1 + (A)*sin(X1) + (A)*cos(X1) + (A) + 0.7605021975170654*sin(X0)B->-0.7330999887901694*X0*X1 + (A)*X0 + -0.8631995468836673*X1 + (C)*sin(X1) + (C)*cos(X1) + (C) + 0.7605021975170654*sin(X0),A->(A-A) 	 action: A->(A-A)
uniform_random_policy...  [0, 2, 3, 5, 6]
state: f->B,B->-0.7330999887901694*X0*X1 + (A)*X0 + -0.8631995468836673*X1 + (A)*sin(X1) + (A)*cos(X1) + (A) + 0.7605021975170654*sin(X0)B->-0.7330999887901694*X0*X1 + (A)*X0 + -0.8631995468836673*X1 + (C)*sin(X1) + (C)*cos(X1) + (C) + 0.7605021975170654*sin(X0),A->(A-A) 	 action: A->C*sin(X2)
uniform_random_policy...  [0, 2, 3, 6]
state: f->B,B->-0.7330999887901694*X0*X1 + (A)*X0 + -0.8631995468836673*X1 + (A)*sin(X1) + (A)*cos(X1) + (A) + 0.7605021975170654*sin(X0)B->-0.7330999887901694*X0*X1 + (A)*X0 + -0.8631995468836673*X1 + (C)*sin(X1) + (C)*cos(X1) + (C) + 0.7605021975170654*sin(X0),A->(A-A) 	 action: A->A*A
uniform_random_policy...  [0, 3, 6]
state: f->B,B->-0.7330999887901694*X0*X1 + (A)*X0 + -0.8631995468836673*X1 + (A)*sin(X1) + (A)*cos(X1) + (A) + 0.7605021975170654*sin(X0)B->-0.7330999887901694*X0*X1 + (A)*X0 + -0.8631995468836673*X1 + (C)*sin(X1) + (C)*cos(X1) + (C) + 0.7605021975170654*sin(X0),A->(A-A) 	 action: A->C
uniform_random_policy...  [0, 6]
state: f->B,B->-0.7330999887901694*X0*X1 + (A)*X0 + -0.8631995468836673*X1 + (A)*sin(X1) + (A)*cos(X1) + (A) + 0.7605021975170654*sin(X0)B->-0.7330999887901694*X0*X1 + (A)*X0 + -0.8631995468836673*X1 + (C)*sin(X1) + (C)*cos(X1) + (C) + 0.7605021975170654*sin(X0),A->(A-A) 	 action: A->C*cos(X2)
uniform_random_policy...  [0]
state: f->B,B->-0.7330999887901694*X0*X1 + (A)*X0 + -0.8631995468836673*X1 + (A)*sin(X1) + (A)*cos(X1) + (A) + 0.7605021975170654*sin(X0)B->-0.7330999887901694*X0*X1 + (A)*X0 + -0.8631995468836673*X1 + (C)*sin(X1) + (C)*cos(X1) + (C) + 0.7605021975170654*sin(X0),A->(A-A) 	 action: A->(A+A)
	ITER 14/30...
UCB_policy... prob= [0.  0.  0.  0.  0.  0.  0.  0.9 0.1]
state: f->B 	 action: B->-0.7330999887901694*X0*X1 + (A)*X0 + -0.8631995468836673*X1 + (A)*sin(X1) + (A)*cos(X1) + (A) + 0.7605021975170654*sin(X0)B->-0.7330999887901694*X0*X1 + (A)*X0 + -0.8631995468836673*X1 + (C)*sin(X1) + (C)*cos(X1) + (C) + 0.7605021975170654*sin(X0)
UCB_policy... prob= [0.0286 0.0286 0.0286 0.0286 0.0286 0.8286 0.0286 0.     0.    ]
state: f->B,B->-0.7330999887901694*X0*X1 + (A)*X0 + -0.8631995468836673*X1 + (A)*sin(X1) + (A)*cos(X1) + (A) + 0.7605021975170654*sin(X0)B->-0.7330999887901694*X0*X1 + (A)*X0 + -0.8631995468836673*X1 + (C)*sin(X1) + (C)*cos(X1) + (C) + 0.7605021975170654*sin(X0) 	 action: A->C*sin(X2)
uniform_random_policy...  [0, 1, 2, 3, 4, 5, 6]
state: f->B,B->-0.7330999887901694*X0*X1 + (A)*X0 + -0.8631995468836673*X1 + (A)*sin(X1) + (A)*cos(X1) + (A) + 0.7605021975170654*sin(X0)B->-0.7330999887901694*X0*X1 + (A)*X0 + -0.8631995468836673*X1 + (C)*sin(X1) + (C)*cos(X1) + (C) + 0.7605021975170654*sin(X0),A->C*sin(X2) 	 action: A->C*cos(X2)
uniform_random_policy...  [0, 1, 2, 3, 4, 5]
state: f->B,B->-0.7330999887901694*X0*X1 + (A)*X0 + -0.8631995468836673*X1 + (A)*sin(X1) + (A)*cos(X1) + (A) + 0.7605021975170654*sin(X0)B->-0.7330999887901694*X0*X1 + (A)*X0 + -0.8631995468836673*X1 + (C)*sin(X1) + (C)*cos(X1) + (C) + 0.7605021975170654*sin(X0),A->C*sin(X2) 	 action: A->(A-A)
uniform_random_policy...  [0, 2, 3, 4, 5]
state: f->B,B->-0.7330999887901694*X0*X1 + (A)*X0 + -0.8631995468836673*X1 + (A)*sin(X1) + (A)*cos(X1) + (A) + 0.7605021975170654*sin(X0)B->-0.7330999887901694*X0*X1 + (A)*X0 + -0.8631995468836673*X1 + (C)*sin(X1) + (C)*cos(X1) + (C) + 0.7605021975170654*sin(X0),A->C*sin(X2) 	 action: A->(A+A)
uniform_random_policy...  [2, 3, 4, 5]
state: f->B,B->-0.7330999887901694*X0*X1 + (A)*X0 + -0.8631995468836673*X1 + (A)*sin(X1) + (A)*cos(X1) + (A) + 0.7605021975170654*sin(X0)B->-0.7330999887901694*X0*X1 + (A)*X0 + -0.8631995468836673*X1 + (C)*sin(X1) + (C)*cos(X1) + (C) + 0.7605021975170654*sin(X0),A->C*sin(X2) 	 action: A->C*X2
uniform_random_policy...  [2, 3, 5]
state: f->B,B->-0.7330999887901694*X0*X1 + (A)*X0 + -0.8631995468836673*X1 + (A)*sin(X1) + (A)*cos(X1) + (A) + 0.7605021975170654*sin(X0)B->-0.7330999887901694*X0*X1 + (A)*X0 + -0.8631995468836673*X1 + (C)*sin(X1) + (C)*cos(X1) + (C) + 0.7605021975170654*sin(X0),A->C*sin(X2) 	 action: A->A*A
uniform_random_policy...  [3, 5]
state: f->B,B->-0.7330999887901694*X0*X1 + (A)*X0 + -0.8631995468836673*X1 + (A)*sin(X1) + (A)*cos(X1) + (A) + 0.7605021975170654*sin(X0)B->-0.7330999887901694*X0*X1 + (A)*X0 + -0.8631995468836673*X1 + (C)*sin(X1) + (C)*cos(X1) + (C) + 0.7605021975170654*sin(X0),A->C*sin(X2) 	 action: A->C
uniform_random_policy...  [5]
state: f->B,B->-0.7330999887901694*X0*X1 + (A)*X0 + -0.8631995468836673*X1 + (A)*sin(X1) + (A)*cos(X1) + (A) + 0.7605021975170654*sin(X0)B->-0.7330999887901694*X0*X1 + (A)*X0 + -0.8631995468836673*X1 + (C)*sin(X1) + (C)*cos(X1) + (C) + 0.7605021975170654*sin(X0),A->C*sin(X2) 	 action: A->C*sin(X2)
	ITER 15/30...
UCB_policy... prob= [0.  0.  0.  0.  0.  0.  0.  0.9 0.1]
state: f->B 	 action: B->-0.7330999887901694*X0*X1 + (A)*X0 + -0.8631995468836673*X1 + (A)*sin(X1) + (A)*cos(X1) + (A) + 0.7605021975170654*sin(X0)B->-0.7330999887901694*X0*X1 + (A)*X0 + -0.8631995468836673*X1 + (C)*sin(X1) + (C)*cos(X1) + (C) + 0.7605021975170654*sin(X0)
UCB_policy... prob= [0.0286 0.0286 0.0286 0.0286 0.0286 0.0286 0.8286 0.     0.    ]
state: f->B,B->-0.7330999887901694*X0*X1 + (A)*X0 + -0.8631995468836673*X1 + (A)*sin(X1) + (A)*cos(X1) + (A) + 0.7605021975170654*sin(X0)B->-0.7330999887901694*X0*X1 + (A)*X0 + -0.8631995468836673*X1 + (C)*sin(X1) + (C)*cos(X1) + (C) + 0.7605021975170654*sin(X0) 	 action: A->C*cos(X2)
uniform_random_policy...  [0, 1, 2, 3, 4, 5, 6]
state: f->B,B->-0.7330999887901694*X0*X1 + (A)*X0 + -0.8631995468836673*X1 + (A)*sin(X1) + (A)*cos(X1) + (A) + 0.7605021975170654*sin(X0)B->-0.7330999887901694*X0*X1 + (A)*X0 + -0.8631995468836673*X1 + (C)*sin(X1) + (C)*cos(X1) + (C) + 0.7605021975170654*sin(X0),A->C*cos(X2) 	 action: A->C*sin(X2)
uniform_random_policy...  [0, 1, 2, 3, 4, 6]
state: f->B,B->-0.7330999887901694*X0*X1 + (A)*X0 + -0.8631995468836673*X1 + (A)*sin(X1) + (A)*cos(X1) + (A) + 0.7605021975170654*sin(X0)B->-0.7330999887901694*X0*X1 + (A)*X0 + -0.8631995468836673*X1 + (C)*sin(X1) + (C)*cos(X1) + (C) + 0.7605021975170654*sin(X0),A->C*cos(X2) 	 action: A->C
uniform_random_policy...  [0, 1, 2, 4, 6]
state: f->B,B->-0.7330999887901694*X0*X1 + (A)*X0 + -0.8631995468836673*X1 + (A)*sin(X1) + (A)*cos(X1) + (A) + 0.7605021975170654*sin(X0)B->-0.7330999887901694*X0*X1 + (A)*X0 + -0.8631995468836673*X1 + (C)*sin(X1) + (C)*cos(X1) + (C) + 0.7605021975170654*sin(X0),A->C*cos(X2) 	 action: A->A*A
uniform_random_policy...  [0, 1, 4, 6]
state: f->B,B->-0.7330999887901694*X0*X1 + (A)*X0 + -0.8631995468836673*X1 + (A)*sin(X1) + (A)*cos(X1) + (A) + 0.7605021975170654*sin(X0)B->-0.7330999887901694*X0*X1 + (A)*X0 + -0.8631995468836673*X1 + (C)*sin(X1) + (C)*cos(X1) + (C) + 0.7605021975170654*sin(X0),A->C*cos(X2) 	 action: A->C*X2
uniform_random_policy...  [0, 1, 6]
state: f->B,B->-0.7330999887901694*X0*X1 + (A)*X0 + -0.8631995468836673*X1 + (A)*sin(X1) + (A)*cos(X1) + (A) + 0.7605021975170654*sin(X0)B->-0.7330999887901694*X0*X1 + (A)*X0 + -0.8631995468836673*X1 + (C)*sin(X1) + (C)*cos(X1) + (C) + 0.7605021975170654*sin(X0),A->C*cos(X2) 	 action: A->C*cos(X2)
uniform_random_policy...  [0, 1]
state: f->B,B->-0.7330999887901694*X0*X1 + (A)*X0 + -0.8631995468836673*X1 + (A)*sin(X1) + (A)*cos(X1) + (A) + 0.7605021975170654*sin(X0)B->-0.7330999887901694*X0*X1 + (A)*X0 + -0.8631995468836673*X1 + (C)*sin(X1) + (C)*cos(X1) + (C) + 0.7605021975170654*sin(X0),A->C*cos(X2) 	 action: A->(A-A)
uniform_random_policy...  [0]
state: f->B,B->-0.7330999887901694*X0*X1 + (A)*X0 + -0.8631995468836673*X1 + (A)*sin(X1) + (A)*cos(X1) + (A) + 0.7605021975170654*sin(X0)B->-0.7330999887901694*X0*X1 + (A)*X0 + -0.8631995468836673*X1 + (C)*sin(X1) + (C)*cos(X1) + (C) + 0.7605021975170654*sin(X0),A->C*cos(X2) 	 action: A->(A+A)
	ITER 16/30...
UCB_policy... prob= [0.  0.  0.  0.  0.  0.  0.  0.9 0.1]
state: f->B 	 action: B->-0.7330999887901694*X0*X1 + (A)*X0 + -0.8631995468836673*X1 + (A)*sin(X1) + (A)*cos(X1) + (A) + 0.7605021975170654*sin(X0)B->-0.7330999887901694*X0*X1 + (A)*X0 + -0.8631995468836673*X1 + (C)*sin(X1) + (C)*cos(X1) + (C) + 0.7605021975170654*sin(X0)
UCB_policy... prob= [0.8286 0.0286 0.0286 0.0286 0.0286 0.0286 0.0286 0.     0.    ]
state: f->B,B->-0.7330999887901694*X0*X1 + (A)*X0 + -0.8631995468836673*X1 + (A)*sin(X1) + (A)*cos(X1) + (A) + 0.7605021975170654*sin(X0)B->-0.7330999887901694*X0*X1 + (A)*X0 + -0.8631995468836673*X1 + (C)*sin(X1) + (C)*cos(X1) + (C) + 0.7605021975170654*sin(X0) 	 action: A->(A+A)
uniform_random_policy...  [0, 1, 2, 3, 4, 5, 6]
state: f->B,B->-0.7330999887901694*X0*X1 + (A)*X0 + -0.8631995468836673*X1 + (A)*sin(X1) + (A)*cos(X1) + (A) + 0.7605021975170654*sin(X0)B->-0.7330999887901694*X0*X1 + (A)*X0 + -0.8631995468836673*X1 + (C)*sin(X1) + (C)*cos(X1) + (C) + 0.7605021975170654*sin(X0),A->(A+A) 	 action: A->C*X2
uniform_random_policy...  [0, 1, 2, 3, 5, 6]
state: f->B,B->-0.7330999887901694*X0*X1 + (A)*X0 + -0.8631995468836673*X1 + (A)*sin(X1) + (A)*cos(X1) + (A) + 0.7605021975170654*sin(X0)B->-0.7330999887901694*X0*X1 + (A)*X0 + -0.8631995468836673*X1 + (C)*sin(X1) + (C)*cos(X1) + (C) + 0.7605021975170654*sin(X0),A->(A+A) 	 action: A->C*sin(X2)
uniform_random_policy...  [0, 1, 2, 3, 6]
state: f->B,B->-0.7330999887901694*X0*X1 + (A)*X0 + -0.8631995468836673*X1 + (A)*sin(X1) + (A)*cos(X1) + (A) + 0.7605021975170654*sin(X0)B->-0.7330999887901694*X0*X1 + (A)*X0 + -0.8631995468836673*X1 + (C)*sin(X1) + (C)*cos(X1) + (C) + 0.7605021975170654*sin(X0),A->(A+A) 	 action: A->C
uniform_random_policy...  [0, 1, 2, 6]
state: f->B,B->-0.7330999887901694*X0*X1 + (A)*X0 + -0.8631995468836673*X1 + (A)*sin(X1) + (A)*cos(X1) + (A) + 0.7605021975170654*sin(X0)B->-0.7330999887901694*X0*X1 + (A)*X0 + -0.8631995468836673*X1 + (C)*sin(X1) + (C)*cos(X1) + (C) + 0.7605021975170654*sin(X0),A->(A+A) 	 action: A->C*cos(X2)
uniform_random_policy...  [0, 1, 2]
state: f->B,B->-0.7330999887901694*X0*X1 + (A)*X0 + -0.8631995468836673*X1 + (A)*sin(X1) + (A)*cos(X1) + (A) + 0.7605021975170654*sin(X0)B->-0.7330999887901694*X0*X1 + (A)*X0 + -0.8631995468836673*X1 + (C)*sin(X1) + (C)*cos(X1) + (C) + 0.7605021975170654*sin(X0),A->(A+A) 	 action: A->(A-A)
uniform_random_policy...  [0, 2]
state: f->B,B->-0.7330999887901694*X0*X1 + (A)*X0 + -0.8631995468836673*X1 + (A)*sin(X1) + (A)*cos(X1) + (A) + 0.7605021975170654*sin(X0)B->-0.7330999887901694*X0*X1 + (A)*X0 + -0.8631995468836673*X1 + (C)*sin(X1) + (C)*cos(X1) + (C) + 0.7605021975170654*sin(X0),A->(A+A) 	 action: A->A*A
uniform_random_policy...  [0]
state: f->B,B->-0.7330999887901694*X0*X1 + (A)*X0 + -0.8631995468836673*X1 + (A)*sin(X1) + (A)*cos(X1) + (A) + 0.7605021975170654*sin(X0)B->-0.7330999887901694*X0*X1 + (A)*X0 + -0.8631995468836673*X1 + (C)*sin(X1) + (C)*cos(X1) + (C) + 0.7605021975170654*sin(X0),A->(A+A) 	 action: A->(A+A)
	ITER 17/30...
UCB_policy... prob= [0.  0.  0.  0.  0.  0.  0.  0.9 0.1]
state: f->B 	 action: B->-0.7330999887901694*X0*X1 + (A)*X0 + -0.8631995468836673*X1 + (A)*sin(X1) + (A)*cos(X1) + (A) + 0.7605021975170654*sin(X0)B->-0.7330999887901694*X0*X1 + (C)*X0 + -0.8631995468836673*X1 + (A)*sin(X1) + (C)*cos(X1) + (A) + 0.7605021975170654*sin(X0)
UCB_policy... prob= [0.0286 0.0286 0.0286 0.0286 0.0286 0.8286 0.0286 0.     0.    ]
state: f->B,B->-0.7330999887901694*X0*X1 + (A)*X0 + -0.8631995468836673*X1 + (A)*sin(X1) + (A)*cos(X1) + (A) + 0.7605021975170654*sin(X0)B->-0.7330999887901694*X0*X1 + (C)*X0 + -0.8631995468836673*X1 + (A)*sin(X1) + (C)*cos(X1) + (A) + 0.7605021975170654*sin(X0) 	 action: A->C
UCB_policy... prob= [0.0286 0.0286 0.0286 0.0286 0.8286 0.0286 0.0286 0.     0.    ]
state: f->B,B->-0.7330999887901694*X0*X1 + (A)*X0 + -0.8631995468836673*X1 + (A)*sin(X1) + (A)*cos(X1) + (A) + 0.7605021975170654*sin(X0)B->-0.7330999887901694*X0*X1 + (C)*X0 + -0.8631995468836673*X1 + (A)*sin(X1) + (C)*cos(X1) + (A) + 0.7605021975170654*sin(X0),A->C 	 action: A->C*X2
uniform_random_policy...  [0, 1, 2, 3, 4, 5, 6]
state: f->B,B->-0.7330999887901694*X0*X1 + (A)*X0 + -0.8631995468836673*X1 + (A)*sin(X1) + (A)*cos(X1) + (A) + 0.7605021975170654*sin(X0)B->-0.7330999887901694*X0*X1 + (C)*X0 + -0.8631995468836673*X1 + (A)*sin(X1) + (C)*cos(X1) + (A) + 0.7605021975170654*sin(X0),A->C,A->C*X2 	 action: A->(A+A)
uniform_random_policy...  [1, 2, 3, 4, 5, 6]
state: f->B,B->-0.7330999887901694*X0*X1 + (A)*X0 + -0.8631995468836673*X1 + (A)*sin(X1) + (A)*cos(X1) + (A) + 0.7605021975170654*sin(X0)B->-0.7330999887901694*X0*X1 + (C)*X0 + -0.8631995468836673*X1 + (A)*sin(X1) + (C)*cos(X1) + (A) + 0.7605021975170654*sin(X0),A->C,A->C*X2 	 action: A->C*cos(X2)
uniform_random_policy...  [1, 2, 3, 4, 5]
state: f->B,B->-0.7330999887901694*X0*X1 + (A)*X0 + -0.8631995468836673*X1 + (A)*sin(X1) + (A)*cos(X1) + (A) + 0.7605021975170654*sin(X0)B->-0.7330999887901694*X0*X1 + (C)*X0 + -0.8631995468836673*X1 + (A)*sin(X1) + (C)*cos(X1) + (A) + 0.7605021975170654*sin(X0),A->C,A->C*X2 	 action: A->(A-A)
uniform_random_policy...  [2, 3, 4, 5]
state: f->B,B->-0.7330999887901694*X0*X1 + (A)*X0 + -0.8631995468836673*X1 + (A)*sin(X1) + (A)*cos(X1) + (A) + 0.7605021975170654*sin(X0)B->-0.7330999887901694*X0*X1 + (C)*X0 + -0.8631995468836673*X1 + (A)*sin(X1) + (C)*cos(X1) + (A) + 0.7605021975170654*sin(X0),A->C,A->C*X2 	 action: A->C*X2
uniform_random_policy...  [2, 3, 5]
state: f->B,B->-0.7330999887901694*X0*X1 + (A)*X0 + -0.8631995468836673*X1 + (A)*sin(X1) + (A)*cos(X1) + (A) + 0.7605021975170654*sin(X0)B->-0.7330999887901694*X0*X1 + (C)*X0 + -0.8631995468836673*X1 + (A)*sin(X1) + (C)*cos(X1) + (A) + 0.7605021975170654*sin(X0),A->C,A->C*X2 	 action: A->A*A
uniform_random_policy...  [3, 5]
state: f->B,B->-0.7330999887901694*X0*X1 + (A)*X0 + -0.8631995468836673*X1 + (A)*sin(X1) + (A)*cos(X1) + (A) + 0.7605021975170654*sin(X0)B->-0.7330999887901694*X0*X1 + (C)*X0 + -0.8631995468836673*X1 + (A)*sin(X1) + (C)*cos(X1) + (A) + 0.7605021975170654*sin(X0),A->C,A->C*X2 	 action: A->C*sin(X2)
uniform_random_policy...  [3]
state: f->B,B->-0.7330999887901694*X0*X1 + (A)*X0 + -0.8631995468836673*X1 + (A)*sin(X1) + (A)*cos(X1) + (A) + 0.7605021975170654*sin(X0)B->-0.7330999887901694*X0*X1 + (C)*X0 + -0.8631995468836673*X1 + (A)*sin(X1) + (C)*cos(X1) + (A) + 0.7605021975170654*sin(X0),A->C,A->C*X2 	 action: A->C
	ITER 18/30...
UCB_policy... prob= [0.  0.  0.  0.  0.  0.  0.  0.1 0.9]
state: f->B 	 action: B->-0.7330999887901694*X0*X1 + (A)*X0 + -0.8631995468836673*X1 + (A)*sin(X1) + (A)*cos(X1) + (A) + 0.7605021975170654*sin(X0)B->-0.7330999887901694*X0*X1 + (C)*X0 + -0.8631995468836673*X1 + (A)*sin(X1) + (C)*cos(X1) + (A) + 0.7605021975170654*sin(X0)
UCB_policy... prob= [0.0286 0.0286 0.0286 0.0286 0.0286 0.8286 0.0286 0.     0.    ]
state: f->B,B->-0.7330999887901694*X0*X1 + (A)*X0 + -0.8631995468836673*X1 + (A)*sin(X1) + (A)*cos(X1) + (A) + 0.7605021975170654*sin(X0)B->-0.7330999887901694*X0*X1 + (C)*X0 + -0.8631995468836673*X1 + (A)*sin(X1) + (C)*cos(X1) + (A) + 0.7605021975170654*sin(X0) 	 action: A->C*sin(X2)
uniform_random_policy...  [0, 1, 2, 3, 4, 5, 6]
state: f->B,B->-0.7330999887901694*X0*X1 + (A)*X0 + -0.8631995468836673*X1 + (A)*sin(X1) + (A)*cos(X1) + (A) + 0.7605021975170654*sin(X0)B->-0.7330999887901694*X0*X1 + (C)*X0 + -0.8631995468836673*X1 + (A)*sin(X1) + (C)*cos(X1) + (A) + 0.7605021975170654*sin(X0),A->C*sin(X2) 	 action: A->C*cos(X2)
uniform_random_policy...  [0, 1, 2, 3, 4, 5]
state: f->B,B->-0.7330999887901694*X0*X1 + (A)*X0 + -0.8631995468836673*X1 + (A)*sin(X1) + (A)*cos(X1) + (A) + 0.7605021975170654*sin(X0)B->-0.7330999887901694*X0*X1 + (C)*X0 + -0.8631995468836673*X1 + (A)*sin(X1) + (C)*cos(X1) + (A) + 0.7605021975170654*sin(X0),A->C*sin(X2) 	 action: A->A*A
uniform_random_policy...  [0, 1, 3, 4, 5]
state: f->B,B->-0.7330999887901694*X0*X1 + (A)*X0 + -0.8631995468836673*X1 + (A)*sin(X1) + (A)*cos(X1) + (A) + 0.7605021975170654*sin(X0)B->-0.7330999887901694*X0*X1 + (C)*X0 + -0.8631995468836673*X1 + (A)*sin(X1) + (C)*cos(X1) + (A) + 0.7605021975170654*sin(X0),A->C*sin(X2) 	 action: A->C*sin(X2)
uniform_random_policy...  [0, 1, 3, 4]
state: f->B,B->-0.7330999887901694*X0*X1 + (A)*X0 + -0.8631995468836673*X1 + (A)*sin(X1) + (A)*cos(X1) + (A) + 0.7605021975170654*sin(X0)B->-0.7330999887901694*X0*X1 + (C)*X0 + -0.8631995468836673*X1 + (A)*sin(X1) + (C)*cos(X1) + (A) + 0.7605021975170654*sin(X0),A->C*sin(X2) 	 action: A->C*X2
uniform_random_policy...  [0, 1, 3]
state: f->B,B->-0.7330999887901694*X0*X1 + (A)*X0 + -0.8631995468836673*X1 + (A)*sin(X1) + (A)*cos(X1) + (A) + 0.7605021975170654*sin(X0)B->-0.7330999887901694*X0*X1 + (C)*X0 + -0.8631995468836673*X1 + (A)*sin(X1) + (C)*cos(X1) + (A) + 0.7605021975170654*sin(X0),A->C*sin(X2) 	 action: A->(A+A)
uniform_random_policy...  [1, 3]
state: f->B,B->-0.7330999887901694*X0*X1 + (A)*X0 + -0.8631995468836673*X1 + (A)*sin(X1) + (A)*cos(X1) + (A) + 0.7605021975170654*sin(X0)B->-0.7330999887901694*X0*X1 + (C)*X0 + -0.8631995468836673*X1 + (A)*sin(X1) + (C)*cos(X1) + (A) + 0.7605021975170654*sin(X0),A->C*sin(X2) 	 action: A->C
uniform_random_policy...  [1]
state: f->B,B->-0.7330999887901694*X0*X1 + (A)*X0 + -0.8631995468836673*X1 + (A)*sin(X1) + (A)*cos(X1) + (A) + 0.7605021975170654*sin(X0)B->-0.7330999887901694*X0*X1 + (C)*X0 + -0.8631995468836673*X1 + (A)*sin(X1) + (C)*cos(X1) + (A) + 0.7605021975170654*sin(X0),A->C*sin(X2) 	 action: A->(A-A)
	ITER 19/30...
UCB_policy... prob= [0.  0.  0.  0.  0.  0.  0.  0.9 0.1]
state: f->B 	 action: B->-0.7330999887901694*X0*X1 + (A)*X0 + -0.8631995468836673*X1 + (A)*sin(X1) + (A)*cos(X1) + (A) + 0.7605021975170654*sin(X0)B->-0.7330999887901694*X0*X1 + (A)*X0 + -0.8631995468836673*X1 + (C)*sin(X1) + (C)*cos(X1) + (C) + 0.7605021975170654*sin(X0)
UCB_policy... prob= [0.8286 0.0286 0.0286 0.0286 0.0286 0.0286 0.0286 0.     0.    ]
state: f->B,B->-0.7330999887901694*X0*X1 + (A)*X0 + -0.8631995468836673*X1 + (A)*sin(X1) + (A)*cos(X1) + (A) + 0.7605021975170654*sin(X0)B->-0.7330999887901694*X0*X1 + (A)*X0 + -0.8631995468836673*X1 + (C)*sin(X1) + (C)*cos(X1) + (C) + 0.7605021975170654*sin(X0) 	 action: A->(A+A)
UCB_policy... prob= [0.8286 0.0286 0.0286 0.0286 0.0286 0.0286 0.0286 0.     0.    ]
state: f->B,B->-0.7330999887901694*X0*X1 + (A)*X0 + -0.8631995468836673*X1 + (A)*sin(X1) + (A)*cos(X1) + (A) + 0.7605021975170654*sin(X0)B->-0.7330999887901694*X0*X1 + (A)*X0 + -0.8631995468836673*X1 + (C)*sin(X1) + (C)*cos(X1) + (C) + 0.7605021975170654*sin(X0),A->(A+A) 	 action: A->(A+A)
uniform_random_policy...  [0, 1, 2, 3, 4, 5, 6]
state: f->B,B->-0.7330999887901694*X0*X1 + (A)*X0 + -0.8631995468836673*X1 + (A)*sin(X1) + (A)*cos(X1) + (A) + 0.7605021975170654*sin(X0)B->-0.7330999887901694*X0*X1 + (A)*X0 + -0.8631995468836673*X1 + (C)*sin(X1) + (C)*cos(X1) + (C) + 0.7605021975170654*sin(X0),A->(A+A),A->(A+A) 	 action: A->C*X2
uniform_random_policy...  [0, 1, 2, 3, 5, 6]
state: f->B,B->-0.7330999887901694*X0*X1 + (A)*X0 + -0.8631995468836673*X1 + (A)*sin(X1) + (A)*cos(X1) + (A) + 0.7605021975170654*sin(X0)B->-0.7330999887901694*X0*X1 + (A)*X0 + -0.8631995468836673*X1 + (C)*sin(X1) + (C)*cos(X1) + (C) + 0.7605021975170654*sin(X0),A->(A+A),A->(A+A) 	 action: A->A*A
uniform_random_policy...  [0, 1, 3, 5, 6]
state: f->B,B->-0.7330999887901694*X0*X1 + (A)*X0 + -0.8631995468836673*X1 + (A)*sin(X1) + (A)*cos(X1) + (A) + 0.7605021975170654*sin(X0)B->-0.7330999887901694*X0*X1 + (A)*X0 + -0.8631995468836673*X1 + (C)*sin(X1) + (C)*cos(X1) + (C) + 0.7605021975170654*sin(X0),A->(A+A),A->(A+A) 	 action: A->(A+A)
uniform_random_policy...  [1, 3, 5, 6]
state: f->B,B->-0.7330999887901694*X0*X1 + (A)*X0 + -0.8631995468836673*X1 + (A)*sin(X1) + (A)*cos(X1) + (A) + 0.7605021975170654*sin(X0)B->-0.7330999887901694*X0*X1 + (A)*X0 + -0.8631995468836673*X1 + (C)*sin(X1) + (C)*cos(X1) + (C) + 0.7605021975170654*sin(X0),A->(A+A),A->(A+A) 	 action: A->C
uniform_random_policy...  [1, 5, 6]
state: f->B,B->-0.7330999887901694*X0*X1 + (A)*X0 + -0.8631995468836673*X1 + (A)*sin(X1) + (A)*cos(X1) + (A) + 0.7605021975170654*sin(X0)B->-0.7330999887901694*X0*X1 + (A)*X0 + -0.8631995468836673*X1 + (C)*sin(X1) + (C)*cos(X1) + (C) + 0.7605021975170654*sin(X0),A->(A+A),A->(A+A) 	 action: A->C*sin(X2)
uniform_random_policy...  [1, 6]
state: f->B,B->-0.7330999887901694*X0*X1 + (A)*X0 + -0.8631995468836673*X1 + (A)*sin(X1) + (A)*cos(X1) + (A) + 0.7605021975170654*sin(X0)B->-0.7330999887901694*X0*X1 + (A)*X0 + -0.8631995468836673*X1 + (C)*sin(X1) + (C)*cos(X1) + (C) + 0.7605021975170654*sin(X0),A->(A+A),A->(A+A) 	 action: A->(A-A)
uniform_random_policy...  [6]
state: f->B,B->-0.7330999887901694*X0*X1 + (A)*X0 + -0.8631995468836673*X1 + (A)*sin(X1) + (A)*cos(X1) + (A) + 0.7605021975170654*sin(X0)B->-0.7330999887901694*X0*X1 + (A)*X0 + -0.8631995468836673*X1 + (C)*sin(X1) + (C)*cos(X1) + (C) + 0.7605021975170654*sin(X0),A->(A+A),A->(A+A) 	 action: A->C*cos(X2)
	ITER 20/30...
UCB_policy... prob= [0.  0.  0.  0.  0.  0.  0.  0.9 0.1]
state: f->B 	 action: B->-0.7330999887901694*X0*X1 + (A)*X0 + -0.8631995468836673*X1 + (A)*sin(X1) + (A)*cos(X1) + (A) + 0.7605021975170654*sin(X0)B->-0.7330999887901694*X0*X1 + (A)*X0 + -0.8631995468836673*X1 + (C)*sin(X1) + (C)*cos(X1) + (C) + 0.7605021975170654*sin(X0)
UCB_policy... prob= [0.0286 0.0286 0.0286 0.0286 0.0286 0.0286 0.8286 0.     0.    ]
state: f->B,B->-0.7330999887901694*X0*X1 + (A)*X0 + -0.8631995468836673*X1 + (A)*sin(X1) + (A)*cos(X1) + (A) + 0.7605021975170654*sin(X0)B->-0.7330999887901694*X0*X1 + (A)*X0 + -0.8631995468836673*X1 + (C)*sin(X1) + (C)*cos(X1) + (C) + 0.7605021975170654*sin(X0) 	 action: A->C*cos(X2)
UCB_policy... prob= [0.8286 0.0286 0.0286 0.0286 0.0286 0.0286 0.0286 0.     0.    ]
state: f->B,B->-0.7330999887901694*X0*X1 + (A)*X0 + -0.8631995468836673*X1 + (A)*sin(X1) + (A)*cos(X1) + (A) + 0.7605021975170654*sin(X0)B->-0.7330999887901694*X0*X1 + (A)*X0 + -0.8631995468836673*X1 + (C)*sin(X1) + (C)*cos(X1) + (C) + 0.7605021975170654*sin(X0),A->C*cos(X2) 	 action: A->A*A
uniform_random_policy...  [0, 1, 2, 3, 4, 5, 6]
state: f->B,B->-0.7330999887901694*X0*X1 + (A)*X0 + -0.8631995468836673*X1 + (A)*sin(X1) + (A)*cos(X1) + (A) + 0.7605021975170654*sin(X0)B->-0.7330999887901694*X0*X1 + (A)*X0 + -0.8631995468836673*X1 + (C)*sin(X1) + (C)*cos(X1) + (C) + 0.7605021975170654*sin(X0),A->C*cos(X2),A->A*A 	 action: A->C*cos(X2)
uniform_random_policy...  [0, 1, 2, 3, 4, 5]
state: f->B,B->-0.7330999887901694*X0*X1 + (A)*X0 + -0.8631995468836673*X1 + (A)*sin(X1) + (A)*cos(X1) + (A) + 0.7605021975170654*sin(X0)B->-0.7330999887901694*X0*X1 + (A)*X0 + -0.8631995468836673*X1 + (C)*sin(X1) + (C)*cos(X1) + (C) + 0.7605021975170654*sin(X0),A->C*cos(X2),A->A*A 	 action: A->A*A
uniform_random_policy...  [0, 1, 3, 4, 5]
state: f->B,B->-0.7330999887901694*X0*X1 + (A)*X0 + -0.8631995468836673*X1 + (A)*sin(X1) + (A)*cos(X1) + (A) + 0.7605021975170654*sin(X0)B->-0.7330999887901694*X0*X1 + (A)*X0 + -0.8631995468836673*X1 + (C)*sin(X1) + (C)*cos(X1) + (C) + 0.7605021975170654*sin(X0),A->C*cos(X2),A->A*A 	 action: A->(A+A)
uniform_random_policy...  [1, 3, 4, 5]
state: f->B,B->-0.7330999887901694*X0*X1 + (A)*X0 + -0.8631995468836673*X1 + (A)*sin(X1) + (A)*cos(X1) + (A) + 0.7605021975170654*sin(X0)B->-0.7330999887901694*X0*X1 + (A)*X0 + -0.8631995468836673*X1 + (C)*sin(X1) + (C)*cos(X1) + (C) + 0.7605021975170654*sin(X0),A->C*cos(X2),A->A*A 	 action: A->C*sin(X2)
uniform_random_policy...  [1, 3, 4]
state: f->B,B->-0.7330999887901694*X0*X1 + (A)*X0 + -0.8631995468836673*X1 + (A)*sin(X1) + (A)*cos(X1) + (A) + 0.7605021975170654*sin(X0)B->-0.7330999887901694*X0*X1 + (A)*X0 + -0.8631995468836673*X1 + (C)*sin(X1) + (C)*cos(X1) + (C) + 0.7605021975170654*sin(X0),A->C*cos(X2),A->A*A 	 action: A->C
uniform_random_policy...  [1, 4]
state: f->B,B->-0.7330999887901694*X0*X1 + (A)*X0 + -0.8631995468836673*X1 + (A)*sin(X1) + (A)*cos(X1) + (A) + 0.7605021975170654*sin(X0)B->-0.7330999887901694*X0*X1 + (A)*X0 + -0.8631995468836673*X1 + (C)*sin(X1) + (C)*cos(X1) + (C) + 0.7605021975170654*sin(X0),A->C*cos(X2),A->A*A 	 action: A->C*X2
uniform_random_policy...  [1]
state: f->B,B->-0.7330999887901694*X0*X1 + (A)*X0 + -0.8631995468836673*X1 + (A)*sin(X1) + (A)*cos(X1) + (A) + 0.7605021975170654*sin(X0)B->-0.7330999887901694*X0*X1 + (A)*X0 + -0.8631995468836673*X1 + (C)*sin(X1) + (C)*cos(X1) + (C) + 0.7605021975170654*sin(X0),A->C*cos(X2),A->A*A 	 action: A->(A-A)
	ITER 21/30...
UCB_policy... prob= [0.  0.  0.  0.  0.  0.  0.  0.1 0.9]
state: f->B 	 action: B->-0.7330999887901694*X0*X1 + (A)*X0 + -0.8631995468836673*X1 + (A)*sin(X1) + (A)*cos(X1) + (A) + 0.7605021975170654*sin(X0)B->-0.7330999887901694*X0*X1 + (C)*X0 + -0.8631995468836673*X1 + (A)*sin(X1) + (C)*cos(X1) + (A) + 0.7605021975170654*sin(X0)
UCB_policy... prob= [0.0286 0.0286 0.0286 0.0286 0.0286 0.8286 0.0286 0.     0.    ]
state: f->B,B->-0.7330999887901694*X0*X1 + (A)*X0 + -0.8631995468836673*X1 + (A)*sin(X1) + (A)*cos(X1) + (A) + 0.7605021975170654*sin(X0)B->-0.7330999887901694*X0*X1 + (C)*X0 + -0.8631995468836673*X1 + (A)*sin(X1) + (C)*cos(X1) + (A) + 0.7605021975170654*sin(X0) 	 action: A->C*sin(X2)
UCB_policy... prob= [0.0286 0.8286 0.0286 0.0286 0.0286 0.0286 0.0286 0.     0.    ]
state: f->B,B->-0.7330999887901694*X0*X1 + (A)*X0 + -0.8631995468836673*X1 + (A)*sin(X1) + (A)*cos(X1) + (A) + 0.7605021975170654*sin(X0)B->-0.7330999887901694*X0*X1 + (C)*X0 + -0.8631995468836673*X1 + (A)*sin(X1) + (C)*cos(X1) + (A) + 0.7605021975170654*sin(X0),A->C*sin(X2) 	 action: A->(A-A)
uniform_random_policy...  [0, 1, 2, 3, 4, 5, 6]
state: f->B,B->-0.7330999887901694*X0*X1 + (A)*X0 + -0.8631995468836673*X1 + (A)*sin(X1) + (A)*cos(X1) + (A) + 0.7605021975170654*sin(X0)B->-0.7330999887901694*X0*X1 + (C)*X0 + -0.8631995468836673*X1 + (A)*sin(X1) + (C)*cos(X1) + (A) + 0.7605021975170654*sin(X0),A->C*sin(X2),A->(A-A) 	 action: A->C*sin(X2)
uniform_random_policy...  [0, 1, 2, 3, 4, 6]
state: f->B,B->-0.7330999887901694*X0*X1 + (A)*X0 + -0.8631995468836673*X1 + (A)*sin(X1) + (A)*cos(X1) + (A) + 0.7605021975170654*sin(X0)B->-0.7330999887901694*X0*X1 + (C)*X0 + -0.8631995468836673*X1 + (A)*sin(X1) + (C)*cos(X1) + (A) + 0.7605021975170654*sin(X0),A->C*sin(X2),A->(A-A) 	 action: A->C*X2
uniform_random_policy...  [0, 1, 2, 3, 6]
state: f->B,B->-0.7330999887901694*X0*X1 + (A)*X0 + -0.8631995468836673*X1 + (A)*sin(X1) + (A)*cos(X1) + (A) + 0.7605021975170654*sin(X0)B->-0.7330999887901694*X0*X1 + (C)*X0 + -0.8631995468836673*X1 + (A)*sin(X1) + (C)*cos(X1) + (A) + 0.7605021975170654*sin(X0),A->C*sin(X2),A->(A-A) 	 action: A->C*cos(X2)
uniform_random_policy...  [0, 1, 2, 3]
state: f->B,B->-0.7330999887901694*X0*X1 + (A)*X0 + -0.8631995468836673*X1 + (A)*sin(X1) + (A)*cos(X1) + (A) + 0.7605021975170654*sin(X0)B->-0.7330999887901694*X0*X1 + (C)*X0 + -0.8631995468836673*X1 + (A)*sin(X1) + (C)*cos(X1) + (A) + 0.7605021975170654*sin(X0),A->C*sin(X2),A->(A-A) 	 action: A->(A-A)
uniform_random_policy...  [0, 2, 3]
state: f->B,B->-0.7330999887901694*X0*X1 + (A)*X0 + -0.8631995468836673*X1 + (A)*sin(X1) + (A)*cos(X1) + (A) + 0.7605021975170654*sin(X0)B->-0.7330999887901694*X0*X1 + (C)*X0 + -0.8631995468836673*X1 + (A)*sin(X1) + (C)*cos(X1) + (A) + 0.7605021975170654*sin(X0),A->C*sin(X2),A->(A-A) 	 action: A->C
uniform_random_policy...  [0, 2]
state: f->B,B->-0.7330999887901694*X0*X1 + (A)*X0 + -0.8631995468836673*X1 + (A)*sin(X1) + (A)*cos(X1) + (A) + 0.7605021975170654*sin(X0)B->-0.7330999887901694*X0*X1 + (C)*X0 + -0.8631995468836673*X1 + (A)*sin(X1) + (C)*cos(X1) + (A) + 0.7605021975170654*sin(X0),A->C*sin(X2),A->(A-A) 	 action: A->A*A
uniform_random_policy...  [0]
state: f->B,B->-0.7330999887901694*X0*X1 + (A)*X0 + -0.8631995468836673*X1 + (A)*sin(X1) + (A)*cos(X1) + (A) + 0.7605021975170654*sin(X0)B->-0.7330999887901694*X0*X1 + (C)*X0 + -0.8631995468836673*X1 + (A)*sin(X1) + (C)*cos(X1) + (A) + 0.7605021975170654*sin(X0),A->C*sin(X2),A->(A-A) 	 action: A->(A+A)
	ITER 22/30...
UCB_policy... prob= [0.  0.  0.  0.  0.  0.  0.  0.1 0.9]
state: f->B 	 action: B->-0.7330999887901694*X0*X1 + (A)*X0 + -0.8631995468836673*X1 + (A)*sin(X1) + (A)*cos(X1) + (A) + 0.7605021975170654*sin(X0)B->-0.7330999887901694*X0*X1 + (C)*X0 + -0.8631995468836673*X1 + (A)*sin(X1) + (C)*cos(X1) + (A) + 0.7605021975170654*sin(X0)
UCB_policy... prob= [0.0286 0.8286 0.0286 0.0286 0.0286 0.0286 0.0286 0.     0.    ]
state: f->B,B->-0.7330999887901694*X0*X1 + (A)*X0 + -0.8631995468836673*X1 + (A)*sin(X1) + (A)*cos(X1) + (A) + 0.7605021975170654*sin(X0)B->-0.7330999887901694*X0*X1 + (C)*X0 + -0.8631995468836673*X1 + (A)*sin(X1) + (C)*cos(X1) + (A) + 0.7605021975170654*sin(X0) 	 action: A->(A-A)
UCB_policy... prob= [0.0286 0.8286 0.0286 0.0286 0.0286 0.0286 0.0286 0.     0.    ]
state: f->B,B->-0.7330999887901694*X0*X1 + (A)*X0 + -0.8631995468836673*X1 + (A)*sin(X1) + (A)*cos(X1) + (A) + 0.7605021975170654*sin(X0)B->-0.7330999887901694*X0*X1 + (C)*X0 + -0.8631995468836673*X1 + (A)*sin(X1) + (C)*cos(X1) + (A) + 0.7605021975170654*sin(X0),A->(A-A) 	 action: A->(A-A)
uniform_random_policy...  [0, 1, 2, 3, 4, 5, 6]
state: f->B,B->-0.7330999887901694*X0*X1 + (A)*X0 + -0.8631995468836673*X1 + (A)*sin(X1) + (A)*cos(X1) + (A) + 0.7605021975170654*sin(X0)B->-0.7330999887901694*X0*X1 + (C)*X0 + -0.8631995468836673*X1 + (A)*sin(X1) + (C)*cos(X1) + (A) + 0.7605021975170654*sin(X0),A->(A-A),A->(A-A) 	 action: A->C*cos(X2)
uniform_random_policy...  [0, 1, 2, 3, 4, 5]
state: f->B,B->-0.7330999887901694*X0*X1 + (A)*X0 + -0.8631995468836673*X1 + (A)*sin(X1) + (A)*cos(X1) + (A) + 0.7605021975170654*sin(X0)B->-0.7330999887901694*X0*X1 + (C)*X0 + -0.8631995468836673*X1 + (A)*sin(X1) + (C)*cos(X1) + (A) + 0.7605021975170654*sin(X0),A->(A-A),A->(A-A) 	 action: A->(A+A)
uniform_random_policy...  [1, 2, 3, 4, 5]
state: f->B,B->-0.7330999887901694*X0*X1 + (A)*X0 + -0.8631995468836673*X1 + (A)*sin(X1) + (A)*cos(X1) + (A) + 0.7605021975170654*sin(X0)B->-0.7330999887901694*X0*X1 + (C)*X0 + -0.8631995468836673*X1 + (A)*sin(X1) + (C)*cos(X1) + (A) + 0.7605021975170654*sin(X0),A->(A-A),A->(A-A) 	 action: A->A*A
uniform_random_policy...  [1, 3, 4, 5]
state: f->B,B->-0.7330999887901694*X0*X1 + (A)*X0 + -0.8631995468836673*X1 + (A)*sin(X1) + (A)*cos(X1) + (A) + 0.7605021975170654*sin(X0)B->-0.7330999887901694*X0*X1 + (C)*X0 + -0.8631995468836673*X1 + (A)*sin(X1) + (C)*cos(X1) + (A) + 0.7605021975170654*sin(X0),A->(A-A),A->(A-A) 	 action: A->(A-A)
uniform_random_policy...  [3, 4, 5]
state: f->B,B->-0.7330999887901694*X0*X1 + (A)*X0 + -0.8631995468836673*X1 + (A)*sin(X1) + (A)*cos(X1) + (A) + 0.7605021975170654*sin(X0)B->-0.7330999887901694*X0*X1 + (C)*X0 + -0.8631995468836673*X1 + (A)*sin(X1) + (C)*cos(X1) + (A) + 0.7605021975170654*sin(X0),A->(A-A),A->(A-A) 	 action: A->C
uniform_random_policy...  [4, 5]
state: f->B,B->-0.7330999887901694*X0*X1 + (A)*X0 + -0.8631995468836673*X1 + (A)*sin(X1) + (A)*cos(X1) + (A) + 0.7605021975170654*sin(X0)B->-0.7330999887901694*X0*X1 + (C)*X0 + -0.8631995468836673*X1 + (A)*sin(X1) + (C)*cos(X1) + (A) + 0.7605021975170654*sin(X0),A->(A-A),A->(A-A) 	 action: A->C*X2
uniform_random_policy...  [5]
state: f->B,B->-0.7330999887901694*X0*X1 + (A)*X0 + -0.8631995468836673*X1 + (A)*sin(X1) + (A)*cos(X1) + (A) + 0.7605021975170654*sin(X0)B->-0.7330999887901694*X0*X1 + (C)*X0 + -0.8631995468836673*X1 + (A)*sin(X1) + (C)*cos(X1) + (A) + 0.7605021975170654*sin(X0),A->(A-A),A->(A-A) 	 action: A->C*sin(X2)
	ITER 23/30...
UCB_policy... prob= [0.  0.  0.  0.  0.  0.  0.  0.9 0.1]
state: f->B 	 action: B->-0.7330999887901694*X0*X1 + (A)*X0 + -0.8631995468836673*X1 + (A)*sin(X1) + (A)*cos(X1) + (A) + 0.7605021975170654*sin(X0)B->-0.7330999887901694*X0*X1 + (A)*X0 + -0.8631995468836673*X1 + (C)*sin(X1) + (C)*cos(X1) + (C) + 0.7605021975170654*sin(X0)
UCB_policy... prob= [0.0286 0.0286 0.0286 0.0286 0.0286 0.8286 0.0286 0.     0.    ]
state: f->B,B->-0.7330999887901694*X0*X1 + (A)*X0 + -0.8631995468836673*X1 + (A)*sin(X1) + (A)*cos(X1) + (A) + 0.7605021975170654*sin(X0)B->-0.7330999887901694*X0*X1 + (A)*X0 + -0.8631995468836673*X1 + (C)*sin(X1) + (C)*cos(X1) + (C) + 0.7605021975170654*sin(X0) 	 action: A->C*sin(X2)
UCB_policy... prob= [0.0286 0.0286 0.0286 0.0286 0.0286 0.8286 0.0286 0.     0.    ]
state: f->B,B->-0.7330999887901694*X0*X1 + (A)*X0 + -0.8631995468836673*X1 + (A)*sin(X1) + (A)*cos(X1) + (A) + 0.7605021975170654*sin(X0)B->-0.7330999887901694*X0*X1 + (A)*X0 + -0.8631995468836673*X1 + (C)*sin(X1) + (C)*cos(X1) + (C) + 0.7605021975170654*sin(X0),A->C*sin(X2) 	 action: A->C*sin(X2)
uniform_random_policy...  [0, 1, 2, 3, 4, 5, 6]
state: f->B,B->-0.7330999887901694*X0*X1 + (A)*X0 + -0.8631995468836673*X1 + (A)*sin(X1) + (A)*cos(X1) + (A) + 0.7605021975170654*sin(X0)B->-0.7330999887901694*X0*X1 + (A)*X0 + -0.8631995468836673*X1 + (C)*sin(X1) + (C)*cos(X1) + (C) + 0.7605021975170654*sin(X0),A->C*sin(X2),A->C*sin(X2) 	 action: A->C*X2
uniform_random_policy...  [0, 1, 2, 3, 5, 6]
state: f->B,B->-0.7330999887901694*X0*X1 + (A)*X0 + -0.8631995468836673*X1 + (A)*sin(X1) + (A)*cos(X1) + (A) + 0.7605021975170654*sin(X0)B->-0.7330999887901694*X0*X1 + (A)*X0 + -0.8631995468836673*X1 + (C)*sin(X1) + (C)*cos(X1) + (C) + 0.7605021975170654*sin(X0),A->C*sin(X2),A->C*sin(X2) 	 action: A->(A-A)
uniform_random_policy...  [0, 2, 3, 5, 6]
state: f->B,B->-0.7330999887901694*X0*X1 + (A)*X0 + -0.8631995468836673*X1 + (A)*sin(X1) + (A)*cos(X1) + (A) + 0.7605021975170654*sin(X0)B->-0.7330999887901694*X0*X1 + (A)*X0 + -0.8631995468836673*X1 + (C)*sin(X1) + (C)*cos(X1) + (C) + 0.7605021975170654*sin(X0),A->C*sin(X2),A->C*sin(X2) 	 action: A->C*sin(X2)
uniform_random_policy...  [0, 2, 3, 6]
state: f->B,B->-0.7330999887901694*X0*X1 + (A)*X0 + -0.8631995468836673*X1 + (A)*sin(X1) + (A)*cos(X1) + (A) + 0.7605021975170654*sin(X0)B->-0.7330999887901694*X0*X1 + (A)*X0 + -0.8631995468836673*X1 + (C)*sin(X1) + (C)*cos(X1) + (C) + 0.7605021975170654*sin(X0),A->C*sin(X2),A->C*sin(X2) 	 action: A->(A+A)
uniform_random_policy...  [2, 3, 6]
state: f->B,B->-0.7330999887901694*X0*X1 + (A)*X0 + -0.8631995468836673*X1 + (A)*sin(X1) + (A)*cos(X1) + (A) + 0.7605021975170654*sin(X0)B->-0.7330999887901694*X0*X1 + (A)*X0 + -0.8631995468836673*X1 + (C)*sin(X1) + (C)*cos(X1) + (C) + 0.7605021975170654*sin(X0),A->C*sin(X2),A->C*sin(X2) 	 action: A->C*cos(X2)
uniform_random_policy...  [2, 3]
state: f->B,B->-0.7330999887901694*X0*X1 + (A)*X0 + -0.8631995468836673*X1 + (A)*sin(X1) + (A)*cos(X1) + (A) + 0.7605021975170654*sin(X0)B->-0.7330999887901694*X0*X1 + (A)*X0 + -0.8631995468836673*X1 + (C)*sin(X1) + (C)*cos(X1) + (C) + 0.7605021975170654*sin(X0),A->C*sin(X2),A->C*sin(X2) 	 action: A->A*A
uniform_random_policy...  [3]
state: f->B,B->-0.7330999887901694*X0*X1 + (A)*X0 + -0.8631995468836673*X1 + (A)*sin(X1) + (A)*cos(X1) + (A) + 0.7605021975170654*sin(X0)B->-0.7330999887901694*X0*X1 + (A)*X0 + -0.8631995468836673*X1 + (C)*sin(X1) + (C)*cos(X1) + (C) + 0.7605021975170654*sin(X0),A->C*sin(X2),A->C*sin(X2) 	 action: A->C
	ITER 24/30...
UCB_policy... prob= [0.  0.  0.  0.  0.  0.  0.  0.9 0.1]
state: f->B 	 action: B->-0.7330999887901694*X0*X1 + (A)*X0 + -0.8631995468836673*X1 + (A)*sin(X1) + (A)*cos(X1) + (A) + 0.7605021975170654*sin(X0)B->-0.7330999887901694*X0*X1 + (A)*X0 + -0.8631995468836673*X1 + (C)*sin(X1) + (C)*cos(X1) + (C) + 0.7605021975170654*sin(X0)
UCB_policy... prob= [0.0286 0.8286 0.0286 0.0286 0.0286 0.0286 0.0286 0.     0.    ]
state: f->B,B->-0.7330999887901694*X0*X1 + (A)*X0 + -0.8631995468836673*X1 + (A)*sin(X1) + (A)*cos(X1) + (A) + 0.7605021975170654*sin(X0)B->-0.7330999887901694*X0*X1 + (A)*X0 + -0.8631995468836673*X1 + (C)*sin(X1) + (C)*cos(X1) + (C) + 0.7605021975170654*sin(X0) 	 action: A->(A-A)
UCB_policy... prob= [0.8286 0.0286 0.0286 0.0286 0.0286 0.0286 0.0286 0.     0.    ]
state: f->B,B->-0.7330999887901694*X0*X1 + (A)*X0 + -0.8631995468836673*X1 + (A)*sin(X1) + (A)*cos(X1) + (A) + 0.7605021975170654*sin(X0)B->-0.7330999887901694*X0*X1 + (A)*X0 + -0.8631995468836673*X1 + (C)*sin(X1) + (C)*cos(X1) + (C) + 0.7605021975170654*sin(X0),A->(A-A) 	 action: A->(A+A)
uniform_random_policy...  [0, 1, 2, 3, 4, 5, 6]
state: f->B,B->-0.7330999887901694*X0*X1 + (A)*X0 + -0.8631995468836673*X1 + (A)*sin(X1) + (A)*cos(X1) + (A) + 0.7605021975170654*sin(X0)B->-0.7330999887901694*X0*X1 + (A)*X0 + -0.8631995468836673*X1 + (C)*sin(X1) + (C)*cos(X1) + (C) + 0.7605021975170654*sin(X0),A->(A-A),A->(A+A) 	 action: A->C*X2
uniform_random_policy...  [0, 1, 2, 3, 5, 6]
state: f->B,B->-0.7330999887901694*X0*X1 + (A)*X0 + -0.8631995468836673*X1 + (A)*sin(X1) + (A)*cos(X1) + (A) + 0.7605021975170654*sin(X0)B->-0.7330999887901694*X0*X1 + (A)*X0 + -0.8631995468836673*X1 + (C)*sin(X1) + (C)*cos(X1) + (C) + 0.7605021975170654*sin(X0),A->(A-A),A->(A+A) 	 action: A->A*A
uniform_random_policy...  [0, 1, 3, 5, 6]
state: f->B,B->-0.7330999887901694*X0*X1 + (A)*X0 + -0.8631995468836673*X1 + (A)*sin(X1) + (A)*cos(X1) + (A) + 0.7605021975170654*sin(X0)B->-0.7330999887901694*X0*X1 + (A)*X0 + -0.8631995468836673*X1 + (C)*sin(X1) + (C)*cos(X1) + (C) + 0.7605021975170654*sin(X0),A->(A-A),A->(A+A) 	 action: A->C
uniform_random_policy...  [0, 1, 5, 6]
state: f->B,B->-0.7330999887901694*X0*X1 + (A)*X0 + -0.8631995468836673*X1 + (A)*sin(X1) + (A)*cos(X1) + (A) + 0.7605021975170654*sin(X0)B->-0.7330999887901694*X0*X1 + (A)*X0 + -0.8631995468836673*X1 + (C)*sin(X1) + (C)*cos(X1) + (C) + 0.7605021975170654*sin(X0),A->(A-A),A->(A+A) 	 action: A->(A+A)
uniform_random_policy...  [1, 5, 6]
state: f->B,B->-0.7330999887901694*X0*X1 + (A)*X0 + -0.8631995468836673*X1 + (A)*sin(X1) + (A)*cos(X1) + (A) + 0.7605021975170654*sin(X0)B->-0.7330999887901694*X0*X1 + (A)*X0 + -0.8631995468836673*X1 + (C)*sin(X1) + (C)*cos(X1) + (C) + 0.7605021975170654*sin(X0),A->(A-A),A->(A+A) 	 action: A->(A-A)
uniform_random_policy...  [5, 6]
state: f->B,B->-0.7330999887901694*X0*X1 + (A)*X0 + -0.8631995468836673*X1 + (A)*sin(X1) + (A)*cos(X1) + (A) + 0.7605021975170654*sin(X0)B->-0.7330999887901694*X0*X1 + (A)*X0 + -0.8631995468836673*X1 + (C)*sin(X1) + (C)*cos(X1) + (C) + 0.7605021975170654*sin(X0),A->(A-A),A->(A+A) 	 action: A->C*cos(X2)
uniform_random_policy...  [5]
state: f->B,B->-0.7330999887901694*X0*X1 + (A)*X0 + -0.8631995468836673*X1 + (A)*sin(X1) + (A)*cos(X1) + (A) + 0.7605021975170654*sin(X0)B->-0.7330999887901694*X0*X1 + (A)*X0 + -0.8631995468836673*X1 + (C)*sin(X1) + (C)*cos(X1) + (C) + 0.7605021975170654*sin(X0),A->(A-A),A->(A+A) 	 action: A->C*sin(X2)
	ITER 25/30...
UCB_policy... prob= [0.  0.  0.  0.  0.  0.  0.  0.1 0.9]
state: f->B 	 action: B->-0.7330999887901694*X0*X1 + (A)*X0 + -0.8631995468836673*X1 + (A)*sin(X1) + (A)*cos(X1) + (A) + 0.7605021975170654*sin(X0)B->-0.7330999887901694*X0*X1 + (C)*X0 + -0.8631995468836673*X1 + (A)*sin(X1) + (C)*cos(X1) + (A) + 0.7605021975170654*sin(X0)
UCB_policy... prob= [0.0286 0.0286 0.0286 0.0286 0.8286 0.0286 0.0286 0.     0.    ]
state: f->B,B->-0.7330999887901694*X0*X1 + (A)*X0 + -0.8631995468836673*X1 + (A)*sin(X1) + (A)*cos(X1) + (A) + 0.7605021975170654*sin(X0)B->-0.7330999887901694*X0*X1 + (C)*X0 + -0.8631995468836673*X1 + (A)*sin(X1) + (C)*cos(X1) + (A) + 0.7605021975170654*sin(X0) 	 action: A->C*cos(X2)
UCB_policy... prob= [0.0286 0.0286 0.8286 0.0286 0.0286 0.0286 0.0286 0.     0.    ]
state: f->B,B->-0.7330999887901694*X0*X1 + (A)*X0 + -0.8631995468836673*X1 + (A)*sin(X1) + (A)*cos(X1) + (A) + 0.7605021975170654*sin(X0)B->-0.7330999887901694*X0*X1 + (C)*X0 + -0.8631995468836673*X1 + (A)*sin(X1) + (C)*cos(X1) + (A) + 0.7605021975170654*sin(X0),A->C*cos(X2) 	 action: A->A*A
uniform_random_policy...  [0, 1, 2, 3, 4, 5, 6]
state: f->B,B->-0.7330999887901694*X0*X1 + (A)*X0 + -0.8631995468836673*X1 + (A)*sin(X1) + (A)*cos(X1) + (A) + 0.7605021975170654*sin(X0)B->-0.7330999887901694*X0*X1 + (C)*X0 + -0.8631995468836673*X1 + (A)*sin(X1) + (C)*cos(X1) + (A) + 0.7605021975170654*sin(X0),A->C*cos(X2),A->A*A 	 action: A->(A+A)
uniform_random_policy...  [1, 2, 3, 4, 5, 6]
state: f->B,B->-0.7330999887901694*X0*X1 + (A)*X0 + -0.8631995468836673*X1 + (A)*sin(X1) + (A)*cos(X1) + (A) + 0.7605021975170654*sin(X0)B->-0.7330999887901694*X0*X1 + (C)*X0 + -0.8631995468836673*X1 + (A)*sin(X1) + (C)*cos(X1) + (A) + 0.7605021975170654*sin(X0),A->C*cos(X2),A->A*A 	 action: A->C*cos(X2)
uniform_random_policy...  [1, 2, 3, 4, 5]
state: f->B,B->-0.7330999887901694*X0*X1 + (A)*X0 + -0.8631995468836673*X1 + (A)*sin(X1) + (A)*cos(X1) + (A) + 0.7605021975170654*sin(X0)B->-0.7330999887901694*X0*X1 + (C)*X0 + -0.8631995468836673*X1 + (A)*sin(X1) + (C)*cos(X1) + (A) + 0.7605021975170654*sin(X0),A->C*cos(X2),A->A*A 	 action: A->C
uniform_random_policy...  [1, 2, 4, 5]
state: f->B,B->-0.7330999887901694*X0*X1 + (A)*X0 + -0.8631995468836673*X1 + (A)*sin(X1) + (A)*cos(X1) + (A) + 0.7605021975170654*sin(X0)B->-0.7330999887901694*X0*X1 + (C)*X0 + -0.8631995468836673*X1 + (A)*sin(X1) + (C)*cos(X1) + (A) + 0.7605021975170654*sin(X0),A->C*cos(X2),A->A*A 	 action: A->C*X2
uniform_random_policy...  [1, 2, 5]
state: f->B,B->-0.7330999887901694*X0*X1 + (A)*X0 + -0.8631995468836673*X1 + (A)*sin(X1) + (A)*cos(X1) + (A) + 0.7605021975170654*sin(X0)B->-0.7330999887901694*X0*X1 + (C)*X0 + -0.8631995468836673*X1 + (A)*sin(X1) + (C)*cos(X1) + (A) + 0.7605021975170654*sin(X0),A->C*cos(X2),A->A*A 	 action: A->A*A
uniform_random_policy...  [1, 5]
state: f->B,B->-0.7330999887901694*X0*X1 + (A)*X0 + -0.8631995468836673*X1 + (A)*sin(X1) + (A)*cos(X1) + (A) + 0.7605021975170654*sin(X0)B->-0.7330999887901694*X0*X1 + (C)*X0 + -0.8631995468836673*X1 + (A)*sin(X1) + (C)*cos(X1) + (A) + 0.7605021975170654*sin(X0),A->C*cos(X2),A->A*A 	 action: A->C*sin(X2)
uniform_random_policy...  [1]
state: f->B,B->-0.7330999887901694*X0*X1 + (A)*X0 + -0.8631995468836673*X1 + (A)*sin(X1) + (A)*cos(X1) + (A) + 0.7605021975170654*sin(X0)B->-0.7330999887901694*X0*X1 + (C)*X0 + -0.8631995468836673*X1 + (A)*sin(X1) + (C)*cos(X1) + (A) + 0.7605021975170654*sin(X0),A->C*cos(X2),A->A*A 	 action: A->(A-A)
	ITER 26/30...
UCB_policy... prob= [0.  0.  0.  0.  0.  0.  0.  0.1 0.9]
state: f->B 	 action: B->-0.7330999887901694*X0*X1 + (A)*X0 + -0.8631995468836673*X1 + (A)*sin(X1) + (A)*cos(X1) + (A) + 0.7605021975170654*sin(X0)B->-0.7330999887901694*X0*X1 + (C)*X0 + -0.8631995468836673*X1 + (A)*sin(X1) + (C)*cos(X1) + (A) + 0.7605021975170654*sin(X0)
UCB_policy... prob= [0.0286 0.0286 0.0286 0.0286 0.8286 0.0286 0.0286 0.     0.    ]
state: f->B,B->-0.7330999887901694*X0*X1 + (A)*X0 + -0.8631995468836673*X1 + (A)*sin(X1) + (A)*cos(X1) + (A) + 0.7605021975170654*sin(X0)B->-0.7330999887901694*X0*X1 + (C)*X0 + -0.8631995468836673*X1 + (A)*sin(X1) + (C)*cos(X1) + (A) + 0.7605021975170654*sin(X0) 	 action: A->C*X2
UCB_policy... prob= [0.0286 0.0286 0.0286 0.8286 0.0286 0.0286 0.0286 0.     0.    ]
state: f->B,B->-0.7330999887901694*X0*X1 + (A)*X0 + -0.8631995468836673*X1 + (A)*sin(X1) + (A)*cos(X1) + (A) + 0.7605021975170654*sin(X0)B->-0.7330999887901694*X0*X1 + (C)*X0 + -0.8631995468836673*X1 + (A)*sin(X1) + (C)*cos(X1) + (A) + 0.7605021975170654*sin(X0),A->C*X2 	 action: A->C
uniform_random_policy...  [0, 1, 2, 3, 4, 5, 6]
state: f->B,B->-0.7330999887901694*X0*X1 + (A)*X0 + -0.8631995468836673*X1 + (A)*sin(X1) + (A)*cos(X1) + (A) + 0.7605021975170654*sin(X0)B->-0.7330999887901694*X0*X1 + (C)*X0 + -0.8631995468836673*X1 + (A)*sin(X1) + (C)*cos(X1) + (A) + 0.7605021975170654*sin(X0),A->C*X2,A->C 	 action: A->(A+A)
uniform_random_policy...  [1, 2, 3, 4, 5, 6]
state: f->B,B->-0.7330999887901694*X0*X1 + (A)*X0 + -0.8631995468836673*X1 + (A)*sin(X1) + (A)*cos(X1) + (A) + 0.7605021975170654*sin(X0)B->-0.7330999887901694*X0*X1 + (C)*X0 + -0.8631995468836673*X1 + (A)*sin(X1) + (C)*cos(X1) + (A) + 0.7605021975170654*sin(X0),A->C*X2,A->C 	 action: A->C*X2
uniform_random_policy...  [1, 2, 3, 5, 6]
state: f->B,B->-0.7330999887901694*X0*X1 + (A)*X0 + -0.8631995468836673*X1 + (A)*sin(X1) + (A)*cos(X1) + (A) + 0.7605021975170654*sin(X0)B->-0.7330999887901694*X0*X1 + (C)*X0 + -0.8631995468836673*X1 + (A)*sin(X1) + (C)*cos(X1) + (A) + 0.7605021975170654*sin(X0),A->C*X2,A->C 	 action: A->A*A
uniform_random_policy...  [1, 3, 5, 6]
state: f->B,B->-0.7330999887901694*X0*X1 + (A)*X0 + -0.8631995468836673*X1 + (A)*sin(X1) + (A)*cos(X1) + (A) + 0.7605021975170654*sin(X0)B->-0.7330999887901694*X0*X1 + (C)*X0 + -0.8631995468836673*X1 + (A)*sin(X1) + (C)*cos(X1) + (A) + 0.7605021975170654*sin(X0),A->C*X2,A->C 	 action: A->C*cos(X2)
uniform_random_policy...  [1, 3, 5]
state: f->B,B->-0.7330999887901694*X0*X1 + (A)*X0 + -0.8631995468836673*X1 + (A)*sin(X1) + (A)*cos(X1) + (A) + 0.7605021975170654*sin(X0)B->-0.7330999887901694*X0*X1 + (C)*X0 + -0.8631995468836673*X1 + (A)*sin(X1) + (C)*cos(X1) + (A) + 0.7605021975170654*sin(X0),A->C*X2,A->C 	 action: A->C
uniform_random_policy...  [1, 5]
state: f->B,B->-0.7330999887901694*X0*X1 + (A)*X0 + -0.8631995468836673*X1 + (A)*sin(X1) + (A)*cos(X1) + (A) + 0.7605021975170654*sin(X0)B->-0.7330999887901694*X0*X1 + (C)*X0 + -0.8631995468836673*X1 + (A)*sin(X1) + (C)*cos(X1) + (A) + 0.7605021975170654*sin(X0),A->C*X2,A->C 	 action: A->C*sin(X2)
uniform_random_policy...  [1]
state: f->B,B->-0.7330999887901694*X0*X1 + (A)*X0 + -0.8631995468836673*X1 + (A)*sin(X1) + (A)*cos(X1) + (A) + 0.7605021975170654*sin(X0)B->-0.7330999887901694*X0*X1 + (C)*X0 + -0.8631995468836673*X1 + (A)*sin(X1) + (C)*cos(X1) + (A) + 0.7605021975170654*sin(X0),A->C*X2,A->C 	 action: A->(A-A)
	ITER 27/30...
UCB_policy... prob= [0.  0.  0.  0.  0.  0.  0.  0.9 0.1]
state: f->B 	 action: B->-0.7330999887901694*X0*X1 + (A)*X0 + -0.8631995468836673*X1 + (A)*sin(X1) + (A)*cos(X1) + (A) + 0.7605021975170654*sin(X0)B->-0.7330999887901694*X0*X1 + (A)*X0 + -0.8631995468836673*X1 + (C)*sin(X1) + (C)*cos(X1) + (C) + 0.7605021975170654*sin(X0)
UCB_policy... prob= [0.0286 0.0286 0.0286 0.8286 0.0286 0.0286 0.0286 0.     0.    ]
state: f->B,B->-0.7330999887901694*X0*X1 + (A)*X0 + -0.8631995468836673*X1 + (A)*sin(X1) + (A)*cos(X1) + (A) + 0.7605021975170654*sin(X0)B->-0.7330999887901694*X0*X1 + (A)*X0 + -0.8631995468836673*X1 + (C)*sin(X1) + (C)*cos(X1) + (C) + 0.7605021975170654*sin(X0) 	 action: A->C
UCB_policy... prob= [0.0286 0.8286 0.0286 0.0286 0.0286 0.0286 0.0286 0.     0.    ]
state: f->B,B->-0.7330999887901694*X0*X1 + (A)*X0 + -0.8631995468836673*X1 + (A)*sin(X1) + (A)*cos(X1) + (A) + 0.7605021975170654*sin(X0)B->-0.7330999887901694*X0*X1 + (A)*X0 + -0.8631995468836673*X1 + (C)*sin(X1) + (C)*cos(X1) + (C) + 0.7605021975170654*sin(X0),A->C 	 action: A->(A-A)
uniform_random_policy...  [0, 1, 2, 3, 4, 5, 6]
state: f->B,B->-0.7330999887901694*X0*X1 + (A)*X0 + -0.8631995468836673*X1 + (A)*sin(X1) + (A)*cos(X1) + (A) + 0.7605021975170654*sin(X0)B->-0.7330999887901694*X0*X1 + (A)*X0 + -0.8631995468836673*X1 + (C)*sin(X1) + (C)*cos(X1) + (C) + 0.7605021975170654*sin(X0),A->C,A->(A-A) 	 action: A->A*A
uniform_random_policy...  [0, 1, 3, 4, 5, 6]
state: f->B,B->-0.7330999887901694*X0*X1 + (A)*X0 + -0.8631995468836673*X1 + (A)*sin(X1) + (A)*cos(X1) + (A) + 0.7605021975170654*sin(X0)B->-0.7330999887901694*X0*X1 + (A)*X0 + -0.8631995468836673*X1 + (C)*sin(X1) + (C)*cos(X1) + (C) + 0.7605021975170654*sin(X0),A->C,A->(A-A) 	 action: A->C*sin(X2)
uniform_random_policy...  [0, 1, 3, 4, 6]
state: f->B,B->-0.7330999887901694*X0*X1 + (A)*X0 + -0.8631995468836673*X1 + (A)*sin(X1) + (A)*cos(X1) + (A) + 0.7605021975170654*sin(X0)B->-0.7330999887901694*X0*X1 + (A)*X0 + -0.8631995468836673*X1 + (C)*sin(X1) + (C)*cos(X1) + (C) + 0.7605021975170654*sin(X0),A->C,A->(A-A) 	 action: A->C
uniform_random_policy...  [0, 1, 4, 6]
state: f->B,B->-0.7330999887901694*X0*X1 + (A)*X0 + -0.8631995468836673*X1 + (A)*sin(X1) + (A)*cos(X1) + (A) + 0.7605021975170654*sin(X0)B->-0.7330999887901694*X0*X1 + (A)*X0 + -0.8631995468836673*X1 + (C)*sin(X1) + (C)*cos(X1) + (C) + 0.7605021975170654*sin(X0),A->C,A->(A-A) 	 action: A->C*cos(X2)
uniform_random_policy...  [0, 1, 4]
state: f->B,B->-0.7330999887901694*X0*X1 + (A)*X0 + -0.8631995468836673*X1 + (A)*sin(X1) + (A)*cos(X1) + (A) + 0.7605021975170654*sin(X0)B->-0.7330999887901694*X0*X1 + (A)*X0 + -0.8631995468836673*X1 + (C)*sin(X1) + (C)*cos(X1) + (C) + 0.7605021975170654*sin(X0),A->C,A->(A-A) 	 action: A->(A+A)
uniform_random_policy...  [1, 4]
state: f->B,B->-0.7330999887901694*X0*X1 + (A)*X0 + -0.8631995468836673*X1 + (A)*sin(X1) + (A)*cos(X1) + (A) + 0.7605021975170654*sin(X0)B->-0.7330999887901694*X0*X1 + (A)*X0 + -0.8631995468836673*X1 + (C)*sin(X1) + (C)*cos(X1) + (C) + 0.7605021975170654*sin(X0),A->C,A->(A-A) 	 action: A->(A-A)
uniform_random_policy...  [4]
state: f->B,B->-0.7330999887901694*X0*X1 + (A)*X0 + -0.8631995468836673*X1 + (A)*sin(X1) + (A)*cos(X1) + (A) + 0.7605021975170654*sin(X0)B->-0.7330999887901694*X0*X1 + (A)*X0 + -0.8631995468836673*X1 + (C)*sin(X1) + (C)*cos(X1) + (C) + 0.7605021975170654*sin(X0),A->C,A->(A-A) 	 action: A->C*X2
	ITER 28/30...
UCB_policy... prob= [0.  0.  0.  0.  0.  0.  0.  0.9 0.1]
state: f->B 	 action: B->-0.7330999887901694*X0*X1 + (A)*X0 + -0.8631995468836673*X1 + (A)*sin(X1) + (A)*cos(X1) + (A) + 0.7605021975170654*sin(X0)B->-0.7330999887901694*X0*X1 + (A)*X0 + -0.8631995468836673*X1 + (C)*sin(X1) + (C)*cos(X1) + (C) + 0.7605021975170654*sin(X0)
UCB_policy... prob= [0.0286 0.0286 0.8286 0.0286 0.0286 0.0286 0.0286 0.     0.    ]
state: f->B,B->-0.7330999887901694*X0*X1 + (A)*X0 + -0.8631995468836673*X1 + (A)*sin(X1) + (A)*cos(X1) + (A) + 0.7605021975170654*sin(X0)B->-0.7330999887901694*X0*X1 + (A)*X0 + -0.8631995468836673*X1 + (C)*sin(X1) + (C)*cos(X1) + (C) + 0.7605021975170654*sin(X0) 	 action: A->A*A
UCB_policy... prob= [0.0286 0.8286 0.0286 0.0286 0.0286 0.0286 0.0286 0.     0.    ]
state: f->B,B->-0.7330999887901694*X0*X1 + (A)*X0 + -0.8631995468836673*X1 + (A)*sin(X1) + (A)*cos(X1) + (A) + 0.7605021975170654*sin(X0)B->-0.7330999887901694*X0*X1 + (A)*X0 + -0.8631995468836673*X1 + (C)*sin(X1) + (C)*cos(X1) + (C) + 0.7605021975170654*sin(X0),A->A*A 	 action: A->(A-A)
uniform_random_policy...  [0, 1, 2, 3, 4, 5, 6]
state: f->B,B->-0.7330999887901694*X0*X1 + (A)*X0 + -0.8631995468836673*X1 + (A)*sin(X1) + (A)*cos(X1) + (A) + 0.7605021975170654*sin(X0)B->-0.7330999887901694*X0*X1 + (A)*X0 + -0.8631995468836673*X1 + (C)*sin(X1) + (C)*cos(X1) + (C) + 0.7605021975170654*sin(X0),A->A*A,A->(A-A) 	 action: A->C*cos(X2)
uniform_random_policy...  [0, 1, 2, 3, 4, 5]
state: f->B,B->-0.7330999887901694*X0*X1 + (A)*X0 + -0.8631995468836673*X1 + (A)*sin(X1) + (A)*cos(X1) + (A) + 0.7605021975170654*sin(X0)B->-0.7330999887901694*X0*X1 + (A)*X0 + -0.8631995468836673*X1 + (C)*sin(X1) + (C)*cos(X1) + (C) + 0.7605021975170654*sin(X0),A->A*A,A->(A-A) 	 action: A->A*A
uniform_random_policy...  [0, 1, 3, 4, 5]
state: f->B,B->-0.7330999887901694*X0*X1 + (A)*X0 + -0.8631995468836673*X1 + (A)*sin(X1) + (A)*cos(X1) + (A) + 0.7605021975170654*sin(X0)B->-0.7330999887901694*X0*X1 + (A)*X0 + -0.8631995468836673*X1 + (C)*sin(X1) + (C)*cos(X1) + (C) + 0.7605021975170654*sin(X0),A->A*A,A->(A-A) 	 action: A->(A-A)
uniform_random_policy...  [0, 3, 4, 5]
state: f->B,B->-0.7330999887901694*X0*X1 + (A)*X0 + -0.8631995468836673*X1 + (A)*sin(X1) + (A)*cos(X1) + (A) + 0.7605021975170654*sin(X0)B->-0.7330999887901694*X0*X1 + (A)*X0 + -0.8631995468836673*X1 + (C)*sin(X1) + (C)*cos(X1) + (C) + 0.7605021975170654*sin(X0),A->A*A,A->(A-A) 	 action: A->C*X2
uniform_random_policy...  [0, 3, 5]
state: f->B,B->-0.7330999887901694*X0*X1 + (A)*X0 + -0.8631995468836673*X1 + (A)*sin(X1) + (A)*cos(X1) + (A) + 0.7605021975170654*sin(X0)B->-0.7330999887901694*X0*X1 + (A)*X0 + -0.8631995468836673*X1 + (C)*sin(X1) + (C)*cos(X1) + (C) + 0.7605021975170654*sin(X0),A->A*A,A->(A-A) 	 action: A->C*sin(X2)
uniform_random_policy...  [0, 3]
state: f->B,B->-0.7330999887901694*X0*X1 + (A)*X0 + -0.8631995468836673*X1 + (A)*sin(X1) + (A)*cos(X1) + (A) + 0.7605021975170654*sin(X0)B->-0.7330999887901694*X0*X1 + (A)*X0 + -0.8631995468836673*X1 + (C)*sin(X1) + (C)*cos(X1) + (C) + 0.7605021975170654*sin(X0),A->A*A,A->(A-A) 	 action: A->C
uniform_random_policy...  [0]
state: f->B,B->-0.7330999887901694*X0*X1 + (A)*X0 + -0.8631995468836673*X1 + (A)*sin(X1) + (A)*cos(X1) + (A) + 0.7605021975170654*sin(X0)B->-0.7330999887901694*X0*X1 + (A)*X0 + -0.8631995468836673*X1 + (C)*sin(X1) + (C)*cos(X1) + (C) + 0.7605021975170654*sin(X0),A->A*A,A->(A-A) 	 action: A->(A+A)
	ITER 29/30...
UCB_policy... prob= [0.  0.  0.  0.  0.  0.  0.  0.1 0.9]
state: f->B 	 action: B->-0.7330999887901694*X0*X1 + (A)*X0 + -0.8631995468836673*X1 + (A)*sin(X1) + (A)*cos(X1) + (A) + 0.7605021975170654*sin(X0)B->-0.7330999887901694*X0*X1 + (C)*X0 + -0.8631995468836673*X1 + (A)*sin(X1) + (C)*cos(X1) + (A) + 0.7605021975170654*sin(X0)
UCB_policy... prob= [0.0286 0.0286 0.8286 0.0286 0.0286 0.0286 0.0286 0.     0.    ]
state: f->B,B->-0.7330999887901694*X0*X1 + (A)*X0 + -0.8631995468836673*X1 + (A)*sin(X1) + (A)*cos(X1) + (A) + 0.7605021975170654*sin(X0)B->-0.7330999887901694*X0*X1 + (C)*X0 + -0.8631995468836673*X1 + (A)*sin(X1) + (C)*cos(X1) + (A) + 0.7605021975170654*sin(X0) 	 action: A->A*A
UCB_policy... prob= [0.0286 0.0286 0.0286 0.0286 0.0286 0.8286 0.0286 0.     0.    ]
state: f->B,B->-0.7330999887901694*X0*X1 + (A)*X0 + -0.8631995468836673*X1 + (A)*sin(X1) + (A)*cos(X1) + (A) + 0.7605021975170654*sin(X0)B->-0.7330999887901694*X0*X1 + (C)*X0 + -0.8631995468836673*X1 + (A)*sin(X1) + (C)*cos(X1) + (A) + 0.7605021975170654*sin(X0),A->A*A 	 action: A->C*sin(X2)
uniform_random_policy...  [0, 1, 2, 3, 4, 5, 6]
state: f->B,B->-0.7330999887901694*X0*X1 + (A)*X0 + -0.8631995468836673*X1 + (A)*sin(X1) + (A)*cos(X1) + (A) + 0.7605021975170654*sin(X0)B->-0.7330999887901694*X0*X1 + (C)*X0 + -0.8631995468836673*X1 + (A)*sin(X1) + (C)*cos(X1) + (A) + 0.7605021975170654*sin(X0),A->A*A,A->C*sin(X2) 	 action: A->A*A
uniform_random_policy...  [0, 1, 3, 4, 5, 6]
state: f->B,B->-0.7330999887901694*X0*X1 + (A)*X0 + -0.8631995468836673*X1 + (A)*sin(X1) + (A)*cos(X1) + (A) + 0.7605021975170654*sin(X0)B->-0.7330999887901694*X0*X1 + (C)*X0 + -0.8631995468836673*X1 + (A)*sin(X1) + (C)*cos(X1) + (A) + 0.7605021975170654*sin(X0),A->A*A,A->C*sin(X2) 	 action: A->C*cos(X2)
uniform_random_policy...  [0, 1, 3, 4, 5]
state: f->B,B->-0.7330999887901694*X0*X1 + (A)*X0 + -0.8631995468836673*X1 + (A)*sin(X1) + (A)*cos(X1) + (A) + 0.7605021975170654*sin(X0)B->-0.7330999887901694*X0*X1 + (C)*X0 + -0.8631995468836673*X1 + (A)*sin(X1) + (C)*cos(X1) + (A) + 0.7605021975170654*sin(X0),A->A*A,A->C*sin(X2) 	 action: A->(A-A)
uniform_random_policy...  [0, 3, 4, 5]
state: f->B,B->-0.7330999887901694*X0*X1 + (A)*X0 + -0.8631995468836673*X1 + (A)*sin(X1) + (A)*cos(X1) + (A) + 0.7605021975170654*sin(X0)B->-0.7330999887901694*X0*X1 + (C)*X0 + -0.8631995468836673*X1 + (A)*sin(X1) + (C)*cos(X1) + (A) + 0.7605021975170654*sin(X0),A->A*A,A->C*sin(X2) 	 action: A->C*X2
uniform_random_policy...  [0, 3, 5]
state: f->B,B->-0.7330999887901694*X0*X1 + (A)*X0 + -0.8631995468836673*X1 + (A)*sin(X1) + (A)*cos(X1) + (A) + 0.7605021975170654*sin(X0)B->-0.7330999887901694*X0*X1 + (C)*X0 + -0.8631995468836673*X1 + (A)*sin(X1) + (C)*cos(X1) + (A) + 0.7605021975170654*sin(X0),A->A*A,A->C*sin(X2) 	 action: A->(A+A)
uniform_random_policy...  [3, 5]
state: f->B,B->-0.7330999887901694*X0*X1 + (A)*X0 + -0.8631995468836673*X1 + (A)*sin(X1) + (A)*cos(X1) + (A) + 0.7605021975170654*sin(X0)B->-0.7330999887901694*X0*X1 + (C)*X0 + -0.8631995468836673*X1 + (A)*sin(X1) + (C)*cos(X1) + (A) + 0.7605021975170654*sin(X0),A->A*A,A->C*sin(X2) 	 action: A->C
uniform_random_policy...  [5]
state: f->B,B->-0.7330999887901694*X0*X1 + (A)*X0 + -0.8631995468836673*X1 + (A)*sin(X1) + (A)*cos(X1) + (A) + 0.7605021975170654*sin(X0)B->-0.7330999887901694*X0*X1 + (C)*X0 + -0.8631995468836673*X1 + (A)*sin(X1) + (C)*cos(X1) + (A) + 0.7605021975170654*sin(X0),A->A*A,A->C*sin(X2) 	 action: A->C*sin(X2)
	ITER 30/30...
UCB_policy... prob= [0.  0.  0.  0.  0.  0.  0.  0.1 0.9]
state: f->B 	 action: B->-0.7330999887901694*X0*X1 + (A)*X0 + -0.8631995468836673*X1 + (A)*sin(X1) + (A)*cos(X1) + (A) + 0.7605021975170654*sin(X0)B->-0.7330999887901694*X0*X1 + (C)*X0 + -0.8631995468836673*X1 + (A)*sin(X1) + (C)*cos(X1) + (A) + 0.7605021975170654*sin(X0)
UCB_policy... prob= [0.8286 0.0286 0.0286 0.0286 0.0286 0.0286 0.0286 0.     0.    ]
state: f->B,B->-0.7330999887901694*X0*X1 + (A)*X0 + -0.8631995468836673*X1 + (A)*sin(X1) + (A)*cos(X1) + (A) + 0.7605021975170654*sin(X0)B->-0.7330999887901694*X0*X1 + (C)*X0 + -0.8631995468836673*X1 + (A)*sin(X1) + (C)*cos(X1) + (A) + 0.7605021975170654*sin(X0) 	 action: A->(A+A)
UCB_policy... prob= [0.8286 0.0286 0.0286 0.0286 0.0286 0.0286 0.0286 0.     0.    ]
state: f->B,B->-0.7330999887901694*X0*X1 + (A)*X0 + -0.8631995468836673*X1 + (A)*sin(X1) + (A)*cos(X1) + (A) + 0.7605021975170654*sin(X0)B->-0.7330999887901694*X0*X1 + (C)*X0 + -0.8631995468836673*X1 + (A)*sin(X1) + (C)*cos(X1) + (A) + 0.7605021975170654*sin(X0),A->(A+A) 	 action: A->(A+A)
uniform_random_policy...  [0, 1, 2, 3, 4, 5, 6]
state: f->B,B->-0.7330999887901694*X0*X1 + (A)*X0 + -0.8631995468836673*X1 + (A)*sin(X1) + (A)*cos(X1) + (A) + 0.7605021975170654*sin(X0)B->-0.7330999887901694*X0*X1 + (C)*X0 + -0.8631995468836673*X1 + (A)*sin(X1) + (C)*cos(X1) + (A) + 0.7605021975170654*sin(X0),A->(A+A),A->(A+A) 	 action: A->C*sin(X2)
uniform_random_policy...  [0, 1, 2, 3, 4, 6]
state: f->B,B->-0.7330999887901694*X0*X1 + (A)*X0 + -0.8631995468836673*X1 + (A)*sin(X1) + (A)*cos(X1) + (A) + 0.7605021975170654*sin(X0)B->-0.7330999887901694*X0*X1 + (C)*X0 + -0.8631995468836673*X1 + (A)*sin(X1) + (C)*cos(X1) + (A) + 0.7605021975170654*sin(X0),A->(A+A),A->(A+A) 	 action: A->(A-A)
uniform_random_policy...  [0, 2, 3, 4, 6]
state: f->B,B->-0.7330999887901694*X0*X1 + (A)*X0 + -0.8631995468836673*X1 + (A)*sin(X1) + (A)*cos(X1) + (A) + 0.7605021975170654*sin(X0)B->-0.7330999887901694*X0*X1 + (C)*X0 + -0.8631995468836673*X1 + (A)*sin(X1) + (C)*cos(X1) + (A) + 0.7605021975170654*sin(X0),A->(A+A),A->(A+A) 	 action: A->C*X2
uniform_random_policy...  [0, 2, 3, 6]
state: f->B,B->-0.7330999887901694*X0*X1 + (A)*X0 + -0.8631995468836673*X1 + (A)*sin(X1) + (A)*cos(X1) + (A) + 0.7605021975170654*sin(X0)B->-0.7330999887901694*X0*X1 + (C)*X0 + -0.8631995468836673*X1 + (A)*sin(X1) + (C)*cos(X1) + (A) + 0.7605021975170654*sin(X0),A->(A+A),A->(A+A) 	 action: A->(A+A)
uniform_random_policy...  [2, 3, 6]
state: f->B,B->-0.7330999887901694*X0*X1 + (A)*X0 + -0.8631995468836673*X1 + (A)*sin(X1) + (A)*cos(X1) + (A) + 0.7605021975170654*sin(X0)B->-0.7330999887901694*X0*X1 + (C)*X0 + -0.8631995468836673*X1 + (A)*sin(X1) + (C)*cos(X1) + (A) + 0.7605021975170654*sin(X0),A->(A+A),A->(A+A) 	 action: A->C
uniform_random_policy...  [2, 6]
state: f->B,B->-0.7330999887901694*X0*X1 + (A)*X0 + -0.8631995468836673*X1 + (A)*sin(X1) + (A)*cos(X1) + (A) + 0.7605021975170654*sin(X0)B->-0.7330999887901694*X0*X1 + (C)*X0 + -0.8631995468836673*X1 + (A)*sin(X1) + (C)*cos(X1) + (A) + 0.7605021975170654*sin(X0),A->(A+A),A->(A+A) 	 action: A->C*cos(X2)
uniform_random_policy...  [2]
state: f->B,B->-0.7330999887901694*X0*X1 + (A)*X0 + -0.8631995468836673*X1 + (A)*sin(X1) + (A)*cos(X1) + (A) + 0.7605021975170654*sin(X0)B->-0.7330999887901694*X0*X1 + (C)*X0 + -0.8631995468836673*X1 + (A)*sin(X1) + (C)*cos(X1) + (A) + 0.7605021975170654*sin(X0),A->(A+A),A->(A+A) 	 action: A->A*A
Time usage of round 2 is 0.075 mins
MCTS:  126.09 KB, 
[]
---------Freeze Equation----------
Traceback (most recent call last):
  File "/home/jiangnan/PycharmProjects/scibench/mcts_and_cvmcts/main.py", line 244, in <module>
    cv_mcts(args.equation_name, args.metric_name, args.noise_type, args.noise_scale, args.optimizer)
  File "/home/jiangnan/PycharmProjects/scibench/mcts_and_cvmcts/main.py", line 213, in cv_mcts
    run_cv_mcts(operators_set, opt_num_expr, num_iterations)
  File "/home/jiangnan/PycharmProjects/scibench/mcts_and_cvmcts/main.py", line 179, in run_cv_mcts
    aug_grammars, aug_nt_nodes, stand_alone_constants = mcts_model.freeze_equations(population, opt_num_expr, stand_alone_constants)
  File "/home/jiangnan/PycharmProjects/scibench/mcts_and_cvmcts/mcts_model.py", line 95, in freeze_equations
    state, _, expr = list_of_grammars[-1]
IndexError: list index out of range
